8.150898320646438044e-01,6.279158844765161951e-02,6.636505285388535902e-02,7.284926407761022071e-01,7.276506929101562715e-01,3.761559891883833329e-01
9.331579395827666046e-01,-6.241585862396731299e-03,5.891123932788011608e-04,9.201621977885517945e-01,8.999610487861765540e-01,1.460508494058532780e-01
2.596004226427411909e-01,7.458752858403816521e-01,6.047106640893161744e-01,7.260782032878961845e-01,7.762857253407168256e-01,3.164119009374117275e-01
8.290400302367696428e-01,1.831695041717582018e-02,5.432705635546440648e-02,8.499967777228302213e-01,7.628381132191106584e-01,2.503161260483115491e-01
9.164854769924086764e-01,2.596180673927472871e-04,5.764710409625478649e-03,9.060102837552601596e-01,8.819596212595274265e-01,1.603345370215296939e-01
2.511121081716227721e-01,3.191093449510359337e-01,8.181915826164877226e-01,8.438160041292783742e-01,6.982844677194673944e-01,2.625937743137208291e-01
6.372894532850509330e-01,3.319871042716032727e-01,2.203490785429844390e-01,3.382754053678800332e-01,4.830490680925284552e-01,7.518640627021414558e-01
6.891441775694937544e-01,2.337061413517196318e-01,2.265449457778625497e-01,4.296564051741890711e-01,4.631453970823317112e-01,7.484255854657188012e-01
5.560333306848189161e-02,8.318113105377625827e-01,2.803784002025098143e-01,9.614437032345797274e-01,9.309002971642256208e-01,1.138560255115108610e-01
1.537086285874744440e-01,3.922949495800124309e-01,7.546649268108703845e-01,9.180959228652941784e-01,8.636037470593219689e-01,1.703194108219457936e-01
9.372870322737452131e-01,-7.633084297571118837e-03,-8.110585603886000250e-04,9.240169345877287110e-01,9.044912461418156413e-01,1.417087662501266276e-01
9.420844024486171864e-02,8.726511835330700295e-01,3.301793487530347848e-01,9.312816453217691581e-01,9.125931598523682187e-01,1.353353005173887902e-01
9.031046081395126546e-01,5.237901475056955247e-03,1.021049358513864691e-02,8.943461595839159450e-01,8.672372819051787918e-01,1.728577947875485910e-01
9.551996664368219703e-01,-1.378412588600499977e-02,-6.185121134517079788e-03,9.413269955369493180e-01,9.220039801020633030e-01,1.281522486976968966e-01
6.972482654674060365e-01,2.505799784135051556e-01,1.811607543087354610e-01,4.140857582629057787e-01,5.260326735525505670e-01,7.108556167751320931e-01
7.591221814758665198e-01,5.197481622956835745e-02,1.557034269218558475e-01,7.713056699553044737e-01,5.843276296158275152e-01,4.252153748070631734e-01
2.226186815124706342e-01,3.019162286197226708e-01,8.156028967284078002e-01,8.668365364878748425e-01,7.656585491979482905e-01,2.229701531121379976e-01
7.999534351619392858e-01,7.735799183704178406e-02,8.988499607810052083e-02,7.036476063316279284e-01,6.899118973785922648e-01,4.204579910883587401e-01
9.048489454155053124e-01,4.505875223095895388e-03,9.554523709338735848e-03,8.956783307432401031e-01,8.692755123565333308e-01,1.713902622340022774e-01
6.146548820546163805e-01,1.358300832342697884e-01,4.351655540281266221e-01,6.758643369755320540e-01,2.513960383478134886e-01,6.809507520315891682e-01
7.479427937243442459e-01,1.707338220434077014e-01,1.758863067088708987e-01,5.127677395835608110e-01,5.472102555624073217e-01,6.745683421311746697e-01
9.620829189609577670e-01,-1.583786834183043002e-02,-8.344520675310773683e-03,9.486121419852395764e-01,9.284503811823691111e-01,1.228154969247388095e-01
8.951354805781337465e-01,8.123031507588751587e-03,1.255523585592333013e-02,8.870928192000583357e-01,8.588626725915704530e-01,1.802483912068419958e-01
8.905232885290145228e-01,9.701815675080355250e-03,1.441227430603608806e-02,8.829940462292482639e-01,8.534386989709912275e-01,1.853074674877902284e-01
7.366654999820556604e-01,1.969655015050662261e-01,1.646492268460305608e-01,4.748096543381726820e-01,5.568522527018908708e-01,6.841988554404349054e-01
6.933352319654492724e-02,8.778753648469236337e-01,3.005214480617220962e-01,9.659631309979980207e-01,9.298069064710305920e-01,1.219776751323291553e-01
9.573691833847765287e-02,9.034705930765056792e-01,3.424489639623639059e-01,9.505969733585785120e-01,9.317475251895892541e-01,1.378588502738256616e-01
1.430874272211886955e-01,7.069684965078257832e-01,5.556162707874545692e-01,9.136839752876207976e-01,8.764923571848852735e-01,1.633718125626110185e-01
8.684403968733056534e-01,1.727460489881921246e-02,2.192538434043195261e-02,8.626099270602339830e-01,8.291411307035068123e-01,2.081496115267753577e-01
8.450149673588204235e-01,2.732022616285977035e-02,3.543181470378226061e-02,8.175668099999943150e-01,7.917858960599526430e-01,2.651596630816381861e-01
9.130628176321666789e-01,1.546005385505727636e-03,6.727997072283109503e-03,9.029643383345856700e-01,8.783998479303997131e-01,1.633203288996630809e-01
9.097467005473314217e-01,2.457758295653117431e-03,8.178045782816723008e-03,8.996494817456460735e-01,8.744346438718136882e-01,1.677708396060572649e-01
9.210586181143425311e-01,-1.609197421807956330e-03,4.417638671900037117e-03,9.097692306009126373e-01,8.868372849339122288e-01,1.567546304013399117e-01
9.048264954561340279e-01,4.687849495173507242e-03,9.292701681683723791e-03,8.958464565505422916e-01,8.695201506669893998e-01,1.706034552897472967e-01
3.726600788644609530e-01,3.228422796182721655e-01,7.709312401391162917e-01,7.378448046347226841e-01,4.457287664623329482e-01,5.013174486799133467e-01
9.085861834922740465e-01,3.455841161680434093e-03,8.061491803877135487e-03,8.994442341376102101e-01,8.735806750729699921e-01,1.665826744885556265e-01
6.009536006236934069e-01,2.629383735026538660e-01,3.863087712975166177e-01,4.484097892991695256e-01,3.010115911500775843e-01,8.215338470396045256e-01
8.962852230160494038e-01,7.737976973705706918e-03,1.232500419300813777e-02,8.882632222348113560e-01,8.599287130690607128e-01,1.791811914884527956e-01
2.548598772025271741e-01,7.779143735618163635e-01,5.888774914656831339e-01,7.348611601114046765e-01,7.961922196794110063e-01,3.027272797111223435e-01
6.616003258128931863e-01,9.042232024738233731e-02,3.036410219165729396e-01,7.193565884681270006e-01,3.741415093549130821e-01,5.520201765793447679e-01
9.107258125597629261e-01,2.269836688466947416e-03,7.738170523054532790e-03,9.007737967442033256e-01,8.755932244797913766e-01,1.661925591691207904e-01
6.211038675533472331e-01,1.488650749066933732e-01,4.269438306290987972e-01,6.395710776184555524e-01,2.541673931266666964e-01,7.195346068371719639e-01
8.674319905905056860e-01,1.716204014930319821e-02,2.284535908652833569e-02,8.611398207307422448e-01,8.274796238840854690e-01,2.111911936875919826e-01
3.691738747492712136e-01,6.111621752779889949e-01,5.915510852077253690e-01,5.251356116221990167e-01,5.574340449803909525e-01,5.760343146317036256e-01
2.994044879764595213e-01,3.054922831141995698e-01,8.016527823523558194e-01,7.995025155700509201e-01,6.107440975208463518e-01,3.511342005823876455e-01
8.454193329495889309e-01,1.831593597759559322e-02,4.071690465241126211e-02,8.589305910440735436e-01,7.901816826546000927e-01,2.295063867802297486e-01
6.028362303057597238e-01,3.747297500271301596e-01,2.480839322495039245e-01,3.123952351390231752e-01,4.716636340342117428e-01,7.653266851811201255e-01
9.494044535924840433e-01,-1.179456238575832261e-02,-4.679010854762050142e-03,9.354947350590323563e-01,9.169562843562448773e-01,1.312406366803143265e-01
9.137981864777432461e-01,1.243764733114327559e-03,6.618949910590671282e-03,9.036208453661929152e-01,8.790545368435564999e-01,1.628538607351870948e-01
9.633173924155181700e-01,-1.617847645749656560e-02,-8.765651032825894085e-03,9.499504275877661552e-01,9.296474504111468251e-01,1.217092842462525193e-01
8.943771814521010999e-01,8.139186993513458646e-03,1.315069250234227050e-02,8.861220363008576184e-01,8.576977062610909863e-01,1.821150657469461365e-01
6.489247820309035353e-01,1.381406833329580364e-01,3.639447636484395288e-01,6.111211084430899776e-01,2.948637381595395346e-01,7.105660054166713646e-01
5.538892631232272823e-01,4.018635833174256655e-01,3.556341691430315310e-01,3.395732948367507498e-01,3.983900225489396263e-01,8.044317913670934184e-01
1.844808573415370190e-01,7.582101834284238340e-01,5.889184564529488242e-01,8.651766053464567952e-01,8.713817295811517871e-01,1.862003471110424968e-01
8.677657143901703618e-01,1.730705244531699494e-02,2.239539285434298532e-02,8.617513981668166734e-01,8.281703244207914150e-01,2.097036781895808555e-01
2.020384884120847713e-01,3.928437026060667692e-01,8.133910217652764452e-01,8.879776380245392176e-01,8.133514060755308028e-01,2.018861126967010367e-01
8.374462001360386543e-01,3.068068293160403082e-02,3.765375317931739241e-02,8.123383552972300858e-01,7.827853357179140881e-01,2.723640400737279421e-01
3.496541341110312451e-01,6.842604365050027893e-01,5.282694111482925114e-01,5.241902049082367565e-01,6.145748260534373841e-01,5.179634753955868476e-01
1.303617579250386238e-01,4.613202738111359391e-01,7.102330328006117854e-01,9.299629861694813648e-01,8.892449443002631293e-01,1.604311651059543986e-01
9.154120300611197081e-01,4.698733214928418889e-04,6.251936129933355346e-03,9.047877582378511807e-01,8.806820587181252158e-01,1.620576188444231569e-01
9.542346654919872107e-01,-1.346746021854455799e-02,-5.917079394101076861e-03,9.403390936855687832e-01,9.211424478804536298e-01,1.287443537691139728e-01
9.184722338899373728e-01,-7.015757794366361821e-04,5.297444134937712157e-03,9.074240242836726367e-01,8.839845788460337639e-01,1.593626421346562849e-01
7.115092357927957911e-01,2.337006472262072032e-01,1.775612436376990122e-01,4.347884072089006069e-01,5.340953486533397410e-01,7.059676289470567800e-01
6.040775245095278412e-02,4.112526445105961770e-01,5.206187698327919833e-01,9.421959851754134752e-01,9.165802230438079290e-01,1.376155430394082613e-01
9.174733028793112810e-01,-3.105262130129182729e-05,5.355359259365477520e-03,9.069744751099357849e-01,8.831194929303919361e-01,1.590876582685242790e-01
7.249134439551888631e-01,1.475780787298001107e-01,2.207669352180484657e-01,5.562241813711603644e-01,4.773272441014402290e-01,6.732183215271693166e-01
8.427314569787688336e-01,1.767164063224871406e-02,4.385272268825046726e-02,8.590458725070846402e-01,7.846706506478090537e-01,2.323745719422337375e-01
1.156736157189344749e-01,8.474007791977917758e-01,4.066525689448226011e-01,9.290645602896629995e-01,9.122478318101715500e-01,1.411142041984007611e-01
1.049061283998181521e-01,8.961838333326720418e-01,3.489111920097154318e-01,9.323947920325013072e-01,9.214427021630273718e-01,1.450075145018777656e-01
9.048302039549399600e-01,4.414689453955317200e-03,9.646335904188702015e-03,8.955215266140966746e-01,8.691833237260087053e-01,1.718004945525531957e-01
9.120812392007183744e-01,1.655653234360815462e-03,7.278292087953941447e-03,9.017441779859760587e-01,8.771319020953234347e-01,1.652609113518079820e-01
8.049563426126069565e-01,7.719941457698123455e-02,8.218944864191277122e-02,7.014724822948318339e-01,7.018444441559634761e-01,4.145066147834126635e-01
5.676728109933124600e-01,4.205367059995132051e-01,2.749124528461123207e-01,2.950227625588734970e-01,4.662336385679868300e-01,7.706185127460830619e-01
7.358709144391821777e-01,9.869275826051046585e-02,1.988788617868130770e-01,6.666228116104531143e-01,5.120451874354008392e-01,5.578913677913058811e-01
1.140145398650082298e-01,4.126058432489186911e-01,6.627696573308081707e-01,9.261500197607386298e-01,8.870073293762051891e-01,1.544237140636790517e-01
8.865806697133764569e-01,1.111960557042232511e-02,1.558713511325743317e-02,8.793936236087555036e-01,8.492796666562730801e-01,1.890098621092673459e-01
6.480592151384695354e-01,1.750645572547126494e-01,3.464788899919540865e-01,5.139458795563726090e-01,2.982859583006087223e-01,7.887777377156465208e-01
2.264628999332060078e-01,8.315731779237475196e-01,4.401253759899059759e-01,7.041821738683157195e-01,8.030601886125788846e-01,2.750968094777436757e-01
2.009435094674340005e-01,5.726224869064771017e-01,7.407905055795205307e-01,8.541136618145034332e-01,8.229563662318657435e-01,2.100574734196060944e-01
9.432995961941150753e-01,-1.022056582470756703e-02,-2.423359153064963412e-03,9.287924513546714778e-01,9.107549777662365953e-01,1.375755238124992674e-01
4.890045248711566428e-01,5.288121923945130476e-01,3.498314574077910355e-01,2.996052673755442708e-01,4.865220459639981732e-01,7.565215421092208459e-01
9.197151410458873633e-01,-1.248252066665206383e-03,4.877982658694768325e-03,9.083448096662999349e-01,8.853875502688767218e-01,1.584624255135523851e-01
1.898954195913739318e-01,7.263167282383060641e-01,6.198694787471513701e-01,8.609979764258717250e-01,8.618335174318901837e-01,1.918253199310845647e-01
7.562817203645658681e-01,1.726775443926047149e-01,1.544175404763654114e-01,5.102364598024023978e-01,5.765554772336483058e-01,6.584885373401266895e-01
1.915649282637554851e-01,8.526898414767518641e-01,4.225735334137846189e-01,7.805614587778836322e-01,8.437529288894362045e-01,2.186792919486080511e-01
9.389283293491103022e-01,-8.373339850926558858e-03,-1.259786582249594611e-03,9.252521092687018278e-01,9.062226254862213448e-01,1.406800058669617215e-01
1.301911042412552955e-01,8.545015590620756996e-01,3.762193865715036667e-01,8.850739362141429867e-01,8.891204682281602656e-01,1.594938866880734607e-01
9.148487297339311652e-01,8.853841649769655930e-04,6.224906866505730552e-03,9.045738206350408817e-01,8.802542444845617986e-01,1.617270201993948886e-01
1.146038537318430778e-01,8.698311762713534234e-01,3.574992445887519299e-01,9.080244890308440953e-01,9.035363924602771712e-01,1.475617584961998185e-01
7.554950756678413537e-01,1.735323884584191456e-01,1.549520428144090245e-01,5.087027210232548669e-01,5.754982590713833002e-01,6.599913471831809764e-01
8.291967949153936646e-01,3.489658072664494903e-02,4.355728251250014227e-02,7.847045388963517221e-01,7.660261996341474200e-01,3.031742990604744392e-01
7.757337696187336373e-01,1.403195055624711363e-01,1.294051897136561102e-01,5.704160251569483364e-01,6.204741835214597767e-01,5.814607030378330377e-01
2.605819483767711775e-01,8.053204333676931004e-01,4.684652697820558265e-01,6.473745264972401436e-01,7.705747169146639486e-01,3.200619345688169304e-01
1.381888218762743759e-01,3.556023715578685018e-01,7.343532550913380863e-01,9.273811685946312666e-01,8.715034420487312028e-01,1.612674299756731988e-01
8.914328533897872830e-01,9.518089476493241108e-03,1.386052994673983574e-02,8.839476571029499796e-01,8.546905508721841516e-01,1.837190113468376296e-01
1.188227535467244050e-01,7.420507243150895604e-01,4.931059045767715032e-01,9.357735136891812688e-01,8.979129264774200481e-01,1.459012944141336310e-01
9.091111887153613402e-01,3.207272972936381361e-03,7.928663240268002399e-03,8.998232129744847541e-01,8.741251889312636747e-01,1.662998771674027987e-01
8.899077480164450105e-01,1.028594636572841003e-02,1.402958661388695183e-02,8.827879830019202956e-01,8.533613933798840367e-01,1.842072922653234801e-01
9.524744093112685883e-01,-1.294721664845735476e-02,-5.358754769112850092e-03,9.384704731527361288e-01,9.194865646520465896e-01,1.301355114049920769e-01
8.704560016136442258e-01,1.663759581337156956e-02,2.117049351718779115e-02,8.645327718510387172e-01,8.314255028073350706e-01,2.058284286063965240e-01
7.962518837303215191e-01,9.822189639946085626e-02,9.636364609059872022e-02,6.586051379255956073e-01,6.773554126368837025e-01,4.677496472733736477e-01
7.611970807494897739e-01,1.401146466625952380e-01,1.569557178522718310e-01,5.731403179238405698e-01,5.812990265420471259e-01,6.006626212809509369e-01
7.121021568741372487e-01,1.982315661556393049e-01,2.229711904996384275e-01,4.699652195720500081e-01,4.733036610818102119e-01,7.375026288150875464e-01
7.447056876118473001e-01,1.856831695770036761e-01,1.609430966399268137e-01,4.874466902862479856e-01,5.635728929611255600e-01,6.779520602484830905e-01
9.267052061675653540e-01,-3.688268165108671282e-03,2.583341213866718888e-03,9.147507029639742049e-01,8.929925111496992418e-01,1.514516419582567219e-01
9.063379522665152566e-01,4.051308786063967382e-03,8.870824133956234370e-03,8.970650173452859866e-01,8.711102167559779952e-01,1.695034867826433200e-01
4.538312148712919658e-01,6.024421659117803474e-01,3.772575290886744925e-01,3.219422469031155698e-01,5.090999515419588617e-01,7.245980915024976543e-01
8.187697937815285876e-01,5.767911081412148422e-02,6.272094505108119500e-02,7.347398049714362056e-01,7.343174332280780758e-01,3.679649800342743582e-01
6.588455548297025288e-01,9.299864904236423979e-02,3.117353541800540473e-01,7.163373437481149741e-01,3.657344757967209703e-01,5.602594322598601906e-01
9.330204074595616071e-01,-6.024804721056153944e-03,5.426028828115492253e-04,9.203064841375212524e-01,8.998672910812270942e-01,1.455663383409153688e-01
6.399917780822298452e-01,1.240757007130016687e-01,3.735847253704939197e-01,6.610131785100442636e-01,2.956017217349599102e-01,6.593583948733990896e-01
8.673957023790366261e-01,1.774202344814895804e-02,2.215861358299482664e-02,8.617766286056839364e-01,8.281060740022921918e-01,2.087745875554379849e-01
8.184107443600099341e-01,5.763933509748792039e-02,6.250390477571625414e-02,7.362083997259230017e-01,7.345031887024471295e-01,3.660619274609631102e-01
9.032163603715634981e-01,5.188580865576802870e-03,1.001334968484604571e-02,8.943546137424382980e-01,8.675558018514399894e-01,1.725967364433172446e-01
9.024675274501665623e-01,5.219534681434823131e-03,1.047116921635743436e-02,8.933442923817828119e-01,8.665597071509332228e-01,1.742803022584554773e-01
6.744276443798604692e-01,7.571211509546596496e-02,2.691753631759867815e-01,7.450246474427614229e-01,4.145987256214801464e-01,5.030753215976530024e-01
1.141276684519916818e-01,6.648793340705571042e-01,5.365643241026534227e-01,9.259684009351863976e-01,8.969815643490465229e-01,1.513854121300127753e-01
9.729053780978043076e-01,-1.909374786310111261e-02,-1.171688737787845991e-02,9.600268512517623476e-01,9.385527737129588655e-01,1.145843136618933250e-01
6.431570533696062686e-01,2.680432809774301872e-01,2.799053282057269998e-01,3.958142293835262837e-01,3.914783553809895178e-01,7.923470606654025028e-01
9.535621760399261015e-01,-1.325341501425528201e-02,-5.723716053760624645e-03,9.396411850465230531e-01,9.205331954250077775e-01,1.291977870328264721e-01
5.795951387414615130e-01,3.505404747110800745e-01,3.446822828136358319e-01,3.566397651222503740e-01,3.736076144650892772e-01,8.145081638278131031e-01
8.824643104939963179e-01,1.263588869117840408e-02,1.691397609144046355e-02,8.757472651233234595e-01,8.448064999132909314e-01,1.928712506325566123e-01
8.816176950202327944e-01,1.268463384881554634e-02,1.749822549465676613e-02,8.746779440179154319e-01,8.435938324137851607e-01,1.947889598590493987e-01
4.869725389586255782e-01,2.574412748600997114e-01,6.261870521582425519e-01,6.348530543480762622e-01,2.412255723217230363e-01,6.925149530217505900e-01
4.660353101383879482e-01,5.685822517774221652e-01,3.659966278493614888e-01,3.080927650900823211e-01,5.042777113509602227e-01,7.376851443408205533e-01
8.918021871420576119e-01,9.193559795249245381e-03,1.406107134104644940e-02,8.840821982703781501e-01,8.547673619940395762e-01,1.842928977798190537e-01
7.688236227837069725e-01,1.475046456823748686e-01,1.390982164407394417e-01,5.607501985307855596e-01,6.050835190134405961e-01,5.972434427599683238e-01
2.502255298649267434e-01,3.320559331781000045e-01,8.276806887609485797e-01,8.512694167252035093e-01,6.991419394245235175e-01,2.623449362877036672e-01
8.994988569941838596e-01,6.412819067173308740e-03,1.149681861265822169e-02,8.909382554509467367e-01,8.632173773477597178e-01,1.768339777794422085e-01
7.362785564907686764e-01,9.273385123793950746e-02,1.976516148506282933e-01,6.802168211043515544e-01,5.138457951716226546e-01,5.451801783716457850e-01
6.847472751588793427e-01,2.140212072685487299e-01,2.529513786012680954e-01,4.500785016142994088e-01,4.230450848548805709e-01,7.644125020281041794e-01
3.753881929960096731e-01,6.434778783457276718e-01,5.354043216764254876e-01,4.933989663186776342e-01,5.622952173929565145e-01,5.815257032086859068e-01
1.641177652024088662e-01,8.773954142392390576e-01,4.090171106194350759e-01,8.404195410661118304e-01,8.786890784567088497e-01,1.838742951775537149e-01
2.713489454856814476e-01,8.126368688187550759e-01,4.650230324085951605e-01,6.122696771467175392e-01,7.552609376493875093e-01,3.461081104186866098e-01
8.736548996440022252e-01,1.498828440300886689e-02,2.082100176706196126e-02,8.668453797407925654e-01,8.342282362223921721e-01,2.049906114435305071e-01
8.490917202731322888e-01,2.475187194241076916e-02,3.188254674351521933e-02,8.314433007344211868e-01,8.011280702150236355e-01,2.473011984613123493e-01
9.494129475364039283e-01,-1.188131904511824377e-02,-4.583902460080835350e-03,9.354053422527944806e-01,9.168441692520952202e-01,1.316878725401711137e-01
1.456264915778652802e-01,8.922977869875211576e-01,3.938188460261202173e-01,8.753524790728297589e-01,8.980185150016183337e-01,1.720520201440421670e-01
9.243612711233575308e-01,-2.792237168488670429e-03,3.316362331185429557e-03,9.127302728608037707e-01,8.904610832051481628e-01,1.535212173456080853e-01
8.824721772106538520e-01,1.304233008529251392e-02,1.638091338704955602e-02,8.761989621373650339e-01,8.453319733411330805e-01,1.910949666608737774e-01
1.745043395159396604e-01,6.051851015429249303e-01,6.889130115799876330e-01,8.816846976226465626e-01,8.501271450098565330e-01,1.904976943304759751e-01
9.792340811301515346e-01,-2.089556419085888961e-02,-1.386564928259917395e-02,9.667745373985228152e-01,9.446454893224579541e-01,1.092928557488638541e-01
9.657398622547808120e-01,-1.708416629259704167e-02,-9.321563270366595155e-03,9.522876914312962127e-01,9.316585807216074544e-01,1.208449477933575683e-01
8.997005295758845334e-01,6.542258463136080282e-03,1.100904611403044631e-02,8.912856060026759231e-01,8.638812891028252450e-01,1.755763690769281127e-01
8.958696640802383815e-01,8.117286565690134958e-03,1.208452535844037334e-02,8.881088518949210586e-01,8.598592882477543720e-01,1.785051805156425697e-01
2.891900632076896960e-01,7.358205493227214511e-01,5.844311958246123373e-01,6.596995309252011719e-01,7.208811913703321306e-01,3.812065262956912948e-01
9.856661201352157065e-01,-2.272280922803210368e-02,-1.598940110706612017e-02,9.736639382297150869e-01,9.508555514230884187e-01,1.041370488996171406e-01
1.586718202901460373e-01,8.903489631082801559e-01,4.078702702093659482e-01,8.565978958535984678e-01,8.900372289108586799e-01,1.807074744430436364e-01
8.937391925615378874e-01,8.423037688247564381e-03,1.347027872608730359e-02,8.857017684398899027e-01,8.568509805680236679e-01,1.826919999270332773e-01
9.114788188698547122e-01,1.893592043002573222e-03,7.442687268095354858e-03,9.012269278822564456e-01,8.765078530054664085e-01,1.657455519036366565e-01
8.461307359101815084e-01,2.618096589325352719e-02,3.317455963410242958e-02,8.274152826983192099e-01,7.968025070297034551e-01,2.527044345210012199e-01
9.243050467416610294e-01,-3.065794475910349481e-03,3.591798915735411324e-03,9.122598604733728189e-01,8.901845173135745082e-01,1.547519143012609233e-01
8.868800194652548541e-01,1.088845568276425313e-02,1.572509131713237251e-02,8.795539888171948206e-01,8.493612367091601945e-01,1.893437583977056748e-01
9.003300741143946961e-01,6.100487778854052356e-03,1.118855254867290316e-02,8.916421801521406953e-01,8.641716292227170637e-01,1.760293309485946589e-01
7.756016120959570159e-01,3.136665129563560861e-02,1.289457043489830312e-01,8.142488941544154812e-01,6.309615814029025938e-01,3.606921828676483699e-01
1.037542983078426767e-01,5.593107290888007510e-01,5.970099379057011157e-01,9.180904761157514526e-01,9.011781213315365191e-01,1.559435148679648719e-01
8.859170429909287714e-01,1.195739250796815090e-02,1.515091431908333064e-02,8.795375135053671301e-01,8.491600285706754070e-01,1.871629356312282944e-01
6.308021681624919053e-01,3.381610308939511089e-01,2.311136589604445291e-01,3.353577911482839569e-01,4.744069216597139871e-01,7.588137477852693324e-01
6.762802385491542001e-01,2.310700610055093640e-01,2.526550514786715662e-01,4.299211078165277589e-01,4.233345929369380367e-01,7.689492947031635328e-01
9.226912031582845675e-01,-2.291903064288863812e-03,3.958812696392699504e-03,9.110929476017146644e-01,8.885569954390056813e-01,1.555481561920249167e-01
2.687442038241710796e-01,5.405670589454768526e-01,7.892956687440081387e-01,7.894353728368362910e-01,6.991884013235959427e-01,3.411094485343507121e-01
2.682762890278436174e-01,8.053600501277053958e-01,4.623217365397164214e-01,6.169540301816049954e-01,7.563035847339202311e-01,3.393500106908186043e-01
8.452801846847622924e-01,2.673456270766394471e-02,3.406716779250930360e-02,8.240472526805056042e-01,7.945650271859444613e-01,2.571596099888157072e-01
9.081424624773769549e-01,3.344346505409795389e-03,8.376362388004099380e-03,8.986242063614651165e-01,8.729800768648703357e-01,1.680316052556476425e-01
5.445424374302610948e-01,4.026540872856100295e-01,3.870072014553946893e-01,3.554406459392495110e-01,3.781566197222799297e-01,8.141085607791734846e-01
9.084559052490924769e-01,3.166673461221597430e-03,8.286442363550250434e-03,8.987898062927689447e-01,8.733277208274893288e-01,1.679454889178446098e-01
4.510641947803638585e-01,5.194829526767700267e-01,5.507614497706198042e-01,4.457975656943127807e-01,4.190160120949366629e-01,7.505025892587762204e-01
5.774894122426786902e-01,1.595812955207011885e-01,4.903089010867938136e-01,6.533038949377943938e-01,2.160753284454815515e-01,7.123705641569586522e-01
1.966935229619686809e-01,8.827593887667870565e-01,4.410337569710582883e-01,7.927438993357954766e-01,8.613280802687875992e-01,2.246538655548701025e-01
8.058574897346210131e-01,2.304558312682167265e-02,8.091459849378793145e-02,8.216954000910614564e-01,7.114719062020848916e-01,3.058236582490659883e-01
8.308695428913673853e-01,2.266781366365630546e-02,4.873827857144080733e-02,8.384796157817290263e-01,7.690917718152617821e-01,2.563732071198486784e-01
8.215120773438094881e-01,1.254282274818302456e-02,6.851673896892530868e-02,8.592103567889746163e-01,7.413770578000397071e-01,2.557193376929237094e-01
1.300963552451974703e-01,8.924558524032785156e-01,3.764581307296845369e-01,8.966316971779869638e-01,9.063733661712044531e-01,1.611842031619800109e-01
3.252339462697695915e-01,7.511961233159386575e-01,4.340091528579517743e-01,4.993526769213578742e-01,6.584195616362984449e-01,4.692537359139475894e-01
5.353713805477606780e-01,3.709945391814160054e-01,4.837608213515036115e-01,4.365756214870206708e-01,3.094346541456698407e-01,8.268873828361955614e-01
9.096179709924787637e-01,2.721247250590391742e-03,8.031260213131663495e-03,8.998452193823300860e-01,8.744521115133099265e-01,1.670265966186065820e-01
5.157074189104710049e-01,2.496017729841905619e-01,5.546810990189623425e-01,5.862057640840208084e-01,2.329647556566727951e-01,7.359817630914868847e-01
3.053344605898142827e-01,7.780300655623950679e-01,4.462046684466263180e-01,5.394955033811974499e-01,6.921440689358915321e-01,4.233732672321963708e-01
8.172103737599631934e-01,5.925769856892096343e-02,6.364195709352565844e-02,7.343675203014218278e-01,7.324054659381060706e-01,3.684769017522367962e-01
7.284150994826418257e-01,1.894294680603934578e-01,2.015350845958972514e-01,4.826188742965561440e-01,5.063458162208821500e-01,7.174446723862173414e-01
8.945704096817488349e-01,8.110706399928280241e-03,1.316201266210195731e-02,8.864056931410839724e-01,8.578052324429810138e-01,1.818873530961857277e-01
9.008536838667902114e-01,5.993426093056225534e-03,1.083818299701472254e-02,8.921773795101245463e-01,8.649321852763643959e-01,1.750765441492194430e-01
8.277953925918652978e-01,3.556580935993269854e-02,4.318879383499503455e-02,7.891516684791011205e-01,7.659506722141391499e-01,2.992360545972124197e-01
3.835493087815670110e-01,4.340818683383302901e-01,7.650404299773353456e-01,6.770870056966316053e-01,4.757968499572320376e-01,5.645653395885457115e-01
9.038489928660183859e-01,4.787341536937522735e-03,9.844887654817391365e-03,8.946152742509522193e-01,8.682555937245789446e-01,1.725706489360262497e-01
9.372682908131796387e-01,-7.724270066711697025e-03,-7.192463655385228360e-04,9.238601304585849494e-01,9.043990575112911268e-01,1.421189985686776291e-01
6.776306883772073020e-01,2.003897945084767984e-01,2.717944803697459610e-01,4.664204545347027109e-01,3.899524831225436583e-01,7.740146275820015687e-01
6.158463331574265398e-01,1.359996734634967008e-01,4.325848970126052739e-01,6.734948497065018636e-01,2.528708426884639371e-01,6.820898630397005391e-01
9.183879054386643315e-01,-4.944325231039659041e-04,5.180382485523521430e-03,9.076058861951659118e-01,8.840100945607176630e-01,1.587474856210120133e-01
6.597824252296107250e-01,2.147438971761078952e-01,2.868567080742117081e-01,4.489932192507328224e-01,3.638557047291334223e-01,7.887270211501661299e-01
8.013447526699642998e-01,8.129824035826604955e-02,8.726155545982068606e-02,6.948746496757827185e-01,6.933966376199686144e-01,4.254398313976631707e-01
4.500918922603762695e-01,5.658902879426176424e-01,4.842954104582033459e-01,3.904369676003783818e-01,4.476745832594564156e-01,7.509844542205684759e-01
8.662226656676607073e-01,1.951992807330123203e-02,2.201214540925934549e-02,8.658225700185511187e-01,8.262552367840462209e-01,2.059562464888088917e-01
9.111233405883337744e-01,2.176005309819872835e-03,7.513105218133947494e-03,9.011750010041280623e-01,8.761252582635447039e-01,1.655572181290043132e-01
8.884349945726420783e-01,1.089594066224838786e-02,1.442817354551476083e-02,8.815632247534768151e-01,8.518321632408109023e-01,1.853087598256226154e-01
9.030637196808612988e-01,5.034105900037971759e-03,1.029595856058565517e-02,8.939417072932405173e-01,8.671763543988647571e-01,1.736376327172294842e-01
9.128822939390310864e-01,1.356155091723959538e-03,7.113875440635991643e-03,9.024919151833863395e-01,8.778906163580154631e-01,1.646144141141274719e-01
7.263473835876621543e-01,1.868903549439008549e-01,2.078977349112615114e-01,4.847696119387986391e-01,4.971683026619375667e-01,7.216144857630911735e-01
9.316217027599569267e-01,-5.645199323410926562e-03,1.115051092494739882e-03,9.188786580955236039e-01,8.982438312955042248e-01,1.474219870117607634e-01
8.820906202779509320e-01,1.268168978648034906e-02,1.713830242592320752e-02,8.753026088406498095e-01,8.443038494453010134e-01,1.936099875406142312e-01
1.218419172367750519e-01,5.551496339238700672e-01,6.277510626107707381e-01,9.048005918757563437e-01,8.861339355688956365e-01,1.667589976768425741e-01
1.247209910210792527e-01,8.102147224729299158e-01,4.717059405542314288e-01,9.375443599334490896e-01,9.111693623644699924e-01,1.427697490224684174e-01
2.838629710102142378e-01,3.709351261117296295e-01,8.233754254008814888e-01,8.085398690699855395e-01,6.403719541688558392e-01,3.309561033097944138e-01
9.452609956704897121e-01,-1.065650559427452904e-02,-3.265413797769067816e-03,9.309935111384415318e-01,9.129357398938526824e-01,1.349862507964665337e-01
3.457767389876146291e-01,7.258876513407878095e-01,4.234153372971122264e-01,4.637249200873703736e-01,6.263532911903616496e-01,5.134829190457256276e-01
8.958895934601694977e-01,7.970506750296285636e-03,1.231964082808237326e-02,8.880105417904871068e-01,8.596309076230782553e-01,1.791415497193410977e-01
7.125723599474256265e-01,7.632181788614036955e-02,2.183682631727705548e-01,7.173367929560513501e-01,4.731537803962493349e-01,5.140387224182619841e-01
2.169334770603591200e-01,4.257641964797106438e-01,8.086500448931723817e-01,8.772132542153205925e-01,7.836229240614398517e-01,2.221685750666585191e-01
9.206926436360030053e-01,-1.347744108429166365e-03,4.325796685561128507e-03,9.095759919658898962e-01,8.866521072112871771e-01,1.564952318672734877e-01
3.142684412550797446e-02,8.335497565683991361e-01,2.450552319195748452e-01,9.730661462353380475e-01,9.478215423763144409e-01,1.044279261465995978e-01
1.936473034746885313e-01,7.919868939111194273e-01,5.904054499525206445e-01,8.560863699564796869e-01,8.791059503929853358e-01,1.907531269932998264e-01
8.683993946269438213e-01,1.680460403234845801e-02,2.255498104933836845e-02,8.619411021795474470e-01,8.285181990487149317e-01,2.103135584329573482e-01
2.287258674897930111e-01,4.689565919520870541e-01,8.041880988939155150e-01,8.695966802205493673e-01,7.611236656931527067e-01,2.393278919514492675e-01
6.829858426844396257e-01,1.268922389254463767e-01,2.886182583106667310e-01,5.977941949717198167e-01,3.659392631123744577e-01,6.836066471284920620e-01
8.925323964281061118e-01,9.199067562622037508e-03,1.329032713771213792e-02,8.849481948304386281e-01,8.561225219145647269e-01,1.822233496051501589e-01
7.783394193983916853e-02,7.769501391296211867e-01,3.464940149773257372e-01,9.419193934936701540e-01,9.123460358294600558e-01,1.273138623053034491e-01
7.868116900117020363e-01,1.186311128014141680e-01,1.118543528858374492e-01,6.149522325562464253e-01,6.504847024133348921e-01,5.238594533310582113e-01
9.166922274251250169e-01,2.482935155381782444e-05,5.721737754149691657e-03,9.059076880768123230e-01,8.822074180908997532e-01,1.606623625277604217e-01
7.465697541858428155e-01,1.818138865601324761e-01,1.588750737868540597e-01,4.913024909326964562e-01,5.667106438793018119e-01,6.737053459798097999e-01
7.421564344321099904e-01,1.538929586523894999e-01,1.915616897436785981e-01,5.424723976840724049e-01,5.269064305132497017e-01,6.595645565963651480e-01
1.348123757345510154e-01,6.365065524433545230e-01,5.948755163171985938e-01,9.098218706485121654e-01,8.807287068126101737e-01,1.655370110460200883e-01
9.065002719200129233e-01,3.914355349755566094e-03,9.003885538981404313e-03,8.971588518731858919e-01,8.710874114921514089e-01,1.697735557061362810e-01
2.023793508643290384e-01,3.798309155739565401e-01,8.245046513668174981e-01,8.943565955489946040e-01,8.126274880478039364e-01,2.017218745010044001e-01
4.474868182976744491e-01,6.092360021113057966e-01,3.774576735604436850e-01,3.257063305446791235e-01,5.138061590922307076e-01,7.147885426074456205e-01
2.836349507181544216e-01,5.672714645605171357e-01,7.017171037244835929e-01,6.905174384601545645e-01,6.721587324335790425e-01,3.876045864693359322e-01
7.720487526185441096e-01,1.364889014204261064e-01,1.356598615954883735e-01,5.820352149532439512e-01,6.127199477336999767e-01,5.736072789245935111e-01
8.441158015440587414e-01,2.722252160232571661e-02,3.423515485422592985e-02,8.238602301332945688e-01,7.935103997437727985e-01,2.573744588530446631e-01
4.596348760798837918e-02,8.424231452195429792e-01,2.650372059870554353e-01,9.640131587202679375e-01,9.370232670678537712e-01,1.109286577310621552e-01
8.879795281288921371e-01,1.043325630932176451e-02,1.544373883951641324e-02,8.804652814288328466e-01,8.504845837882876181e-01,1.885500220746243460e-01
1.262095029012262892e-01,7.192069708489998714e-01,5.198153506372129584e-01,9.268925092777785535e-01,8.905438104471576910e-01,1.525417099557284384e-01
9.458875618632750504e-01,-1.075895921349459550e-02,-3.551138145737903207e-03,9.317598453820606919e-01,9.136356866072801175e-01,1.340397791807945160e-01
8.952129517888212096e-01,7.994597770342781740e-03,1.292296824496763641e-02,8.871797277366736401e-01,8.585032887843448979e-01,1.808863823318607456e-01
1.841878830472889750e-01,3.017294620401569372e-01,8.028446750871101045e-01,8.978362330369842326e-01,8.269068084357863446e-01,1.847227939007951014e-01
7.465830162979215645e-01,1.821265845097347902e-01,1.591693190145433145e-01,4.912966613537882998e-01,5.663308191201256170e-01,6.741071820756165955e-01
4.405192381381038413e-01,5.741622640519801202e-01,4.956264708545889963e-01,4.070868001108658984e-01,4.556875898615309062e-01,7.323192027794441783e-01
7.396375048953874876e-01,1.897546154153930409e-01,1.770838527909995574e-01,4.849423229858533801e-01,5.419216463341164358e-01,6.951441019042668978e-01
7.525230276436908339e-01,1.112019766203808380e-01,1.727667072319793995e-01,6.367385228113981999e-01,5.572507516596415522e-01,5.598866073869208648e-01
6.126007791461477447e-01,3.010332954850328813e-01,3.193613900655802862e-01,3.833526594410726074e-01,3.662226673864057425e-01,8.118650099747742876e-01
6.657727402709624487e-01,2.716800159240657653e-01,2.282806610855986351e-01,3.866969470725872271e-01,4.554458289168809015e-01,7.583984005451379629e-01
9.136693138043626705e-01,1.297910769772842032e-03,6.565492849604559478e-03,9.034705664873248221e-01,8.790272859129225624e-01,1.628622995419683472e-01
1.327163245689773341e-01,8.898298799774760903e-01,3.780896959618721964e-01,8.910583325550754941e-01,9.030694723300045634e-01,1.632065012872645493e-01
2.199159599602279747e-01,8.468143852494254276e-01,4.429227761015441800e-01,7.258400210309267075e-01,8.188295926306760064e-01,2.624354941574759681e-01
9.716119722799618774e-01,-1.873997016293169060e-02,-1.129664137643010546e-02,9.585990716740639961e-01,9.373100022280304033e-01,1.157970944063978214e-01
9.170258736444961700e-01,-3.040180901286160253e-04,5.884922349276039411e-03,9.059546711095095572e-01,8.823095805926940427e-01,1.612613769536591080e-01
8.022024597273441637e-01,8.899802198145539966e-02,8.795052524524490933e-02,6.746129354613834561e-01,6.914863996988962480e-01,4.461275607314973968e-01
7.855502245417895768e-01,7.235038026551410262e-02,1.165453885312519311e-01,7.158607507921143087e-01,6.504754313357125062e-01,4.364553246956107690e-01
5.616158793663863502e-01,3.901327514223375537e-01,3.472977534437075020e-01,3.399753444047163287e-01,3.966298777768947348e-01,8.051292364717150818e-01
1.429774216786544039e-01,8.090376339006357664e-01,5.010104854147165998e-01,9.159262856521529494e-01,9.036882935905140579e-01,1.546611248399152871e-01
8.187737401464552089e-01,5.559713895367207614e-02,6.051838982013166279e-02,7.426820263928988197e-01,7.375082506729717657e-01,3.576898986336671804e-01
9.007433191191888122e-01,6.095460598163099375e-03,1.071153987108688921e-02,8.921105403478880591e-01,8.649885912319585923e-01,1.748320565870219445e-01
6.361117526459298954e-01,2.482688398529154239e-01,3.039876828077500148e-01,4.192993131096184323e-01,3.507564564922279748e-01,8.030285827198599957e-01
4.062877873149551289e-01,4.865984395754452407e-01,6.438788299937805437e-01,5.576767570337730628e-01,4.640265811036956567e-01,6.402388582176652410e-01
9.058497443412065753e-01,4.219657171637997140e-03,9.182888231375085919e-03,8.966909141256799165e-01,8.703960564511774578e-01,1.701490665398262825e-01
8.779266014590690892e-01,1.443883277218263594e-02,1.819111521435873291e-02,8.718608859839396263e-01,8.400605604769327828e-01,1.965445577685256962e-01
3.184110034804844558e-01,5.437309885486668604e-01,6.590763776313586231e-01,6.222899860746644585e-01,6.185583601604232040e-01,4.572243708854010213e-01
1.865906248479980434e-01,7.402610151096986613e-01,6.039716116151014891e-01,8.635869501741680887e-01,8.660912040513094601e-01,1.888433414474178784e-01
9.137794450171776717e-01,1.152578963973832638e-03,6.710762105440692959e-03,9.034640412370492646e-01,8.789623482130317633e-01,1.632640930537381241e-01
9.099157164999228664e-01,2.639930842730980887e-03,7.908977592105376209e-03,9.001478094514048234e-01,8.747983457867318791e-01,1.666333070547332817e-01
8.525840237356935303e-01,2.098314932842486324e-02,3.098280151960215723e-02,8.568532678639781963e-01,8.064874151898080434e-01,2.218949025022303179e-01
6.914234647863762850e-01,2.600527040705455928e-01,1.850608714291704648e-01,4.043084172295985934e-01,5.195730785230434634e-01,7.177193365047515039e-01
7.738154056544813697e-01,1.430485657111483233e-01,1.314103813003224819e-01,5.673511876139386567e-01,6.169407795659579419e-01,5.856706321510470881e-01
7.504802941206808464e-01,6.111136205403830401e-02,1.685457513741062396e-01,7.520109721533436709e-01,5.615022750232644411e-01,4.537861840517148915e-01
9.445684828450121584e-01,-1.039222202771214465e-02,-3.104272328808249659e-03,9.303331075895950875e-01,9.123604478826381481e-01,1.352068689770122289e-01
9.000900799085606030e-01,6.229875792712169513e-03,1.115634834480419557e-02,8.914544271146229715e-01,8.640296596714414079e-01,1.760070886874174345e-01
1.933220570818103834e-01,7.883567203049963723e-01,5.880698351372473098e-01,8.550014726207835203e-01,8.769570893462291794e-01,1.907412467273613410e-01
