1.302503935104743493e-01,3.706651337117195362e+04,-1.214112976673569974e-02
1.283943678402583444e-01,5.614424899526959780e+04,-1.892317004666771788e-02
1.274742696942537945e-01,3.104265343455002585e+04,-1.344152416201775321e-02
1.307345572683716595e-01,4.820791839033293218e+04,6.134072088410746568e-03
1.244560874843786968e-01,4.997006826176137110e+04,4.271034949468355268e-02
1.211802605973404251e-01,5.744070040654636978e+04,2.790939830893822762e-02
1.089025105629253670e-01,6.024245214492781815e+04,2.102341036103385630e-01
5.154956923860649909e-02,4.564611358658160316e+04,3.178434217064482481e-01
1.308192389315944171e-01,3.630920753204379434e+04,-4.677721857107255098e-03
1.315333952010979690e-01,4.660762936440631893e+04,-1.039488083845524317e-02
1.277924410326584936e-01,5.165616035179851315e+04,-6.000132090132556835e-03
1.309431871523155655e-01,5.325900183012052730e+04,1.592137724406257615e-02
1.294143729551644750e-01,3.418047975099355972e+04,8.854342314650179898e-04
1.166369981260726996e-01,4.062190304598343209e+04,-5.257599660689992252e-03
5.644984179460082324e-02,3.710491849387227558e+04,5.534782766995070998e-03
1.321197056381409607e-01,5.286521335805612762e+04,6.494256768810933653e-03
1.146555456436616494e-01,3.498994686377673497e+04,-1.509254606639459607e-03
1.292227139568865868e-01,4.601764417138264253e+04,-5.777344476831447820e-03
1.147468865199710447e-01,5.790989458329614718e+04,2.407735221555527133e-02
1.233497063150536255e-01,4.467411826508132071e+04,-3.926428872174100339e-03
1.129208307959578272e-01,6.405348368132606265e+04,3.695839564447612330e-02
1.262494517729823296e-01,5.962046439608011860e+04,-7.968022474113073406e-03
1.288716352071704596e-01,5.546492699921100575e+04,-1.053842201305773413e-02
1.315483076835649578e-01,3.508867986368795391e+04,-1.572551419379090987e-02
1.105829833621757852e-01,4.201995665024063783e+04,2.009258420145418767e-03
1.247209036596291926e-01,7.584832791483463370e+04,3.652024392130980290e-01
1.283045917888560872e-01,3.313855051460125105e+04,-1.405548538666380291e-02
1.312470101368343467e-01,4.251379574998221506e+04,-2.833326758688828328e-02
1.260969429663148234e-01,3.238516638311575298e+04,-3.737170544346805207e-03
1.281915446847626816e-01,4.451465730752612581e+04,-3.026885716762251974e-02
1.226014393432537375e-01,3.516836833525144903e+04,-1.346684344594219380e-02
1.228757195094278692e-01,4.373934380965053424e+04,-1.919988386975970008e-03
1.288248201798430359e-01,3.598721310513435310e+04,-9.853121642487465415e-03
9.851546574215876151e-02,5.763065919157674944e+04,4.258535910987127499e-02
1.287573412189852995e-01,4.547033995276053611e+04,1.286179732857619697e-02
1.186896462007356740e-01,3.295369734086195967e+04,3.582651378425263846e-03
1.277926644355717734e-01,5.387357918028954009e+04,-1.112947502238574062e-02
1.220808745648410409e-01,3.620891747762442537e+04,-2.600534163155569182e-03
7.977117469071280664e-02,4.433274652838713519e+04,3.679697798934463554e-02
1.140092614805846283e-01,3.647946816223458154e+04,-1.987366629721102303e-05
1.262511415783133806e-01,4.243861451413121540e+04,-3.222868121656821162e-03
1.226253535522942861e-01,7.731341678862884874e+04,1.766870732067103156e-01
1.004212969706884395e-01,5.778072983885415306e+04,5.419503879292814075e-02
1.253643949861656393e-01,3.609004327384293720e+04,-2.027051774583563462e-02
6.217493099082301022e-02,4.070456758633851132e+04,1.168747907606919843e-02
1.071241081108572496e-01,3.289868675122354762e+04,-3.082620384645956904e-03
8.621818230455401133e-02,4.591028192716442572e+04,8.634266676820219477e-02
1.292771505142807920e-01,4.303018233225835138e+04,-2.643785667721725019e-02
1.159136596803630875e-01,3.420137718096200842e+04,-6.291627641100723664e-04
9.365415674691765502e-02,3.893046305919939186e+04,7.467632668850099527e-03
1.214458049889807212e-01,3.351599936184263788e+04,-1.731678430817414766e-02
1.288999573377902497e-01,4.578965969421480258e+04,-1.360531719213172418e-02
1.213167106246233751e-01,4.599435527990109404e+04,-1.283001591624082643e-02
1.182423601016732995e-01,3.805182842261375481e+04,-8.925387450405405584e-03
1.288699221294562214e-01,5.076196964962763013e+04,-1.196587950897495811e-02
1.259374347064230182e-01,4.170650238730660931e+04,-1.494377344369356674e-02
9.206393464096732093e-02,4.206636318471976119e+04,1.919239392256422497e-02
1.216613958341999230e-01,8.289276666644428042e+04,3.411157176736026031e-01
1.240464065960349554e-01,4.914034088418504689e+04,-1.584292200935807221e-02
1.199821452829996221e-01,4.211232267100128229e+04,-1.048589731986707303e-02
1.098772632978791824e-01,3.173282453389987131e+04,-1.115646130132774000e-03
1.262122155368123610e-01,4.003464562760788249e+04,-9.630296663049228365e-03
1.310160276906264520e-01,4.182067366974263132e+04,-1.886303555028899168e-02
1.177258298883768206e-01,3.301119727019849961e+04,-1.188073073337266895e-02
1.310806333330274687e-01,4.231825335236270621e+04,-2.840192929400050387e-02
1.304621646645270083e-01,3.559628729503604700e+04,-1.537672625451818632e-02
1.251056978368230155e-01,3.326613528326131927e+04,-1.216969404002763051e-02
1.201932929006736539e-01,3.756697722042409441e+04,-1.678996930322957867e-02
1.089267466502884807e-01,4.450438927311143198e+04,1.241687860240587096e-03
1.320840304349112926e-01,4.077481610293380072e+04,-9.076041783852826367e-03
9.787315312791600164e-02,4.788867375919163169e+04,3.461037701735835553e-02
1.243693277921457396e-01,3.801250852887733345e+04,-2.216298258117233022e-02
1.288747544798132527e-01,7.917145588677749038e+04,5.474959222128432390e-02
1.243029159031591724e-01,3.649875226878826652e+04,-1.013235178093695003e-02
1.082215649079300013e-01,3.237965072612900985e+04,-4.849134184427677727e-03
1.282151318946574969e-01,3.179302669242717093e+04,-8.083196426785987584e-03
1.167125674183258910e-01,3.409505132244552078e+04,-1.378476825637870362e-03
1.288194942497646600e-01,4.076020161644853943e+04,2.999323765515928778e-03
2.944344797944286815e-02,3.570378857278583018e+04,6.172397317256892446e-01
9.165399706286579684e-02,3.621557128356282192e+04,-5.992068423493459618e-03
1.262643226513140982e-01,3.253518524451191479e+04,-8.821995058511902799e-03
1.279381969350606441e-01,3.917124526958655042e+04,-1.681108768417073629e-02
1.261534512467648028e-01,3.789917968069696508e+04,-2.386745580269017397e-02
1.195650682536106846e-01,3.591901463391205471e+04,-6.060635537163864585e-03
1.279560407114198883e-01,4.121488208496775042e+04,-1.058749127389166031e-02
1.320255931198686394e-01,4.302570512675772625e+04,-9.578341538835544525e-03
1.306307536041059203e-01,3.534735701184587379e+04,-1.304634097369981871e-02
1.251295465940935325e-01,4.049519055164363090e+04,-9.739463137123328604e-03
1.147267139070595604e-01,3.733516013150468643e+04,-9.770482767350509995e-03
1.065563513421983743e-01,4.001399698437486222e+04,-4.634091255184959006e-03
1.292589960674308813e-01,4.994400868386575894e+04,-1.430313825207189153e-03
1.105848169458426844e-01,4.958120624647327350e+04,-9.584004475608035077e-04
1.317722563119982093e-01,4.577188849937859777e+04,-3.781473643892246418e-03
1.190179117490698657e-01,4.563039486249428592e+04,-5.621750941804396634e-03
1.273860178573014978e-01,4.036119256320247950e+04,-5.990983542247972291e-03
1.297726751000103929e-01,4.907972580275233486e+04,-6.387410573292179403e-04
1.212946310943249228e-01,4.410597803588296665e+04,-3.286019128148741451e-03
1.277538676181342314e-01,6.295660473352894041e+04,8.019154778014032231e-03
1.299790465237813941e-01,8.735902997477256577e+04,2.764883390038848088e-01
1.169922746740068853e-01,3.894160714451853710e+04,-2.523416455589312483e-03
1.171243196660396862e-01,4.742952576077716367e+04,-1.255030569680728320e-02
1.264716683363068250e-01,4.189069027218105475e+04,-1.521181669262299148e-02
1.318267063715080345e-01,3.220319635943364483e+04,-1.950673280197162121e-03
1.243024899949275452e-01,3.392506422747929901e+04,-5.066970852085381054e-04
3.455262535568659477e-02,3.556331236477222410e+04,1.546334511405915157e-01
1.321012181596371848e-01,3.870302040701021906e+04,-8.807663687148994253e-03
1.279276432882432979e-01,4.416697987792950153e+04,-1.780716998764564005e-02
1.191111418058384136e-01,6.489272705981639592e+04,7.002955059207000010e-02
1.280884028699281474e-01,3.941679215374741761e+04,-2.388715034390405043e-02
1.152257721863137047e-01,4.302120062368280196e+04,-1.195296161838628642e-02
1.001210785931285763e-01,2.767068785336588917e+04,9.472676368369317007e-03
1.323410826347897473e-01,8.069576105090253986e+04,2.906565056554495374e-01
1.200546775366863189e-01,4.777138725594748394e+04,-2.050720032950285876e-02
1.294492873485727502e-01,7.267820459419612598e+04,7.341275920789826215e-02
1.178825958325966233e-01,5.890690397308235697e+04,1.682543480072798067e-02
1.308282852029659937e-01,4.095654295509828080e+04,-1.174560828711989670e-02
1.235507388529823447e-01,4.463512094890004664e+04,-7.231880155640654437e-03
3.121169380279978714e-02,3.087232536770482329e+04,4.320130603543453351e-01
1.103566235259406531e-01,3.757641042313403159e+04,1.415451657749174216e-03
1.249242815207071283e-01,4.132694036446406972e+04,-2.125588978778631365e-03
1.271072999314672158e-01,4.684269332287794532e+04,-1.908220890537536260e-03
1.155324800781681871e-01,3.463583099268356455e+04,-2.360749245451906723e-03
1.291802558658941835e-01,5.815818958565992943e+04,-9.344721892228095503e-03
1.319191012875425284e-01,4.428355211460054124e+04,-1.141484088546524528e-02
1.291826058689753420e-01,9.827802550670610799e+04,2.098739257798391544e-01
1.184847447699667738e-01,3.876354171102910914e+04,-4.381717491317310004e-03
1.303036460852788070e-01,2.846991168935134920e+04,-2.983887065151484639e-03
1.290701578007701633e-01,4.345321126315197034e+04,-2.244138600358911925e-02
9.003681912004581067e-02,3.291261629953673400e+04,-9.763453499420839815e-03
1.245239546511018175e-01,3.785115140616035205e+04,-6.947938634934684547e-03
1.287452014415144397e-01,5.639436209400430380e+04,-5.146201744139086709e-03
9.339834697065105273e-02,6.854630231826115050e+04,4.599228029152105934e-01
1.193422757507149323e-01,3.447238834850426065e+04,-5.009114498556032236e-04
1.074686645461611495e-01,4.551343367552089330e+04,-6.589900900018263357e-04
1.293154618447116266e-01,4.462363900832754734e+04,-4.418633513684412650e-03
1.244721801290845919e-01,4.738808246050397429e+04,-1.766339105158680825e-02
1.275732734510932609e-01,4.047781958446615317e+04,-1.356298925811316031e-02
1.219119064317977508e-01,3.415604158397919673e+04,-1.946554847477726183e-02
8.580036655622344521e-02,3.528959941621005419e+04,5.598628253983842446e-04
7.687267203000054672e-02,3.327781975229967065e+04,7.014858827937129129e-03
1.285244227435783093e-01,3.634091486335844093e+04,-1.858967270303389999e-02
1.237291894768488554e-01,4.299540270659788075e+04,-2.005083135973196110e-02
1.303072440567216717e-01,4.330334976796786214e+04,-1.029929955284105553e-02
1.305234006753876741e-01,3.924499037113985105e+04,-1.843042354303622496e-02
1.145229495228794470e-01,3.229714674919302706e+04,-6.818503254166586930e-04
1.306510040245572879e-01,5.308098717147860589e+04,1.763894225866730059e-04
1.220010048450256845e-01,3.403781194022855198e+04,2.767897177077632571e-03
9.595270894641165504e-02,6.548985806000902085e+04,3.240080963296267935e-01
1.309741245795291997e-01,6.497047361356060719e+04,6.769872796352123523e-02
1.269561142657705810e-01,4.174937387545721867e+04,-1.161500085449602461e-02
1.285115107169084447e-01,6.469842977436791989e+04,4.519230805664868622e-02
1.261504712466468003e-01,3.425447739255867782e+04,-6.305600145244574795e-03
1.270699543637022477e-01,4.218278199774715176e+04,-1.275662817875270610e-02
9.970936819071433976e-02,3.619341384466301679e+04,-2.034776194370443297e-02
1.280360430368929492e-01,4.665718627238103363e+04,-6.694339097659146934e-03
1.279998382981877569e-01,3.252712543063490011e+04,-1.528785648820548543e-02
1.295093528264297800e-01,3.013126536191583727e+04,-2.050541132340328275e-03
1.235037988688098137e-01,3.646581980976916384e+04,-1.702248080029444485e-02
7.152925946323700213e-02,3.244290097859362140e+04,6.216102927730453483e-03
1.290261614864141593e-01,3.249436955301580019e+04,2.035061411704489466e-04
1.108787957137586655e-01,4.860759323080744070e+04,-1.176176082088617979e-02
1.195346087248384676e-01,7.266750921338397893e+04,1.149418354396325144e-03
1.243534713495489663e-01,3.813777224636703613e+04,-6.977148537069715814e-03
1.315193711401263787e-01,3.329478944452360156e+04,-7.201324974733780936e-03
1.326174215391565381e-01,3.681456517745434394e+04,-2.833239371861182021e-03
1.263780761129810193e-01,3.540756750681471021e+04,-1.694168755484233915e-02
1.208734808104464375e-01,5.067335191686632606e+04,-2.387329008167115955e-03
7.350109230289005036e-02,3.537812561256851041e+04,6.075804729630023687e-03
1.251184201801769647e-01,3.431620520982738526e+04,-1.955989699795383785e-02
1.087939975129914444e-01,5.581644809207302751e+04,-1.062238627611627496e-02
1.246613007825613934e-01,3.561229471314532566e+04,-7.509456850980900620e-03
1.290998290291807682e-01,4.382270677461109881e+04,-3.319130786988349485e-02
1.197592050685754861e-01,4.066129015720844473e+04,-1.585589690646042405e-03
1.299290166305987759e-01,2.859718674631404792e+04,-1.416610176568637970e-03
1.295346773640420890e-01,3.438195515115762828e+04,9.113550965592626249e-04
1.264623694196925496e-01,4.260475809979245241e+04,-9.555122721924973889e-03
3.365081396717389817e-02,3.735840096206121962e+04,2.313231355693466662e-01
1.294426646914108581e-01,6.875131385654097539e+04,1.311528472794198652e-01
1.292916150872574776e-01,3.563680056519667414e+04,-1.499603713228610897e-03
8.894070735519601922e-02,3.475058743549141946e+04,1.325014916854121930e-03
1.311987714720707077e-01,3.214598232879259740e+04,-4.405545388055143760e-04
1.306981429277461748e-01,3.503047987691138405e+04,-1.116652159047782505e-02
1.201984695125718344e-01,3.803412040385531145e+04,-2.225114140543726655e-03
1.085138659518012083e-01,3.647295599901409878e+04,6.981636517501516731e-03
1.300680062565393869e-01,4.586346253691500897e+04,-9.749824238628053766e-03
1.259651633135822624e-01,5.341585842051444342e+04,3.020572232412155680e-02
1.298818729153478901e-01,5.084875521998309705e+04,-6.325577932305514670e-03
1.248037652803216935e-01,3.758393556729007105e+04,-9.929391068529915335e-03
1.252415529165363806e-01,3.429813161936969118e+04,8.424498912955760352e-03
1.304755294103000507e-01,4.353238663910031028e+04,-7.205315011430421177e-03
6.315437010593638600e-02,3.979756948918022681e+04,-1.078270769309530412e-02
1.295176128463724485e-01,3.405916168841131730e+04,-8.762731601503688170e-03
1.219216118019704892e-01,5.742761359338470356e+04,3.997661033289245935e-02
1.303755385125709987e-01,4.757993894939363236e+04,6.204579265610201365e-03
7.507287744672515306e-02,6.799758654531679349e+04,1.778908236956452393e+00
1.308520787061868418e-01,3.385104182095388387e+04,-9.303843108661259687e-03
1.311522588238333564e-01,4.757099222138308687e+04,-1.325614515718623841e-02
9.018101182104786007e-02,4.872653528259916493e+04,2.015410546992631342e-03
1.289980898598906689e-01,4.060691110267429758e+04,-1.656324903594481174e-02
1.288674025997234851e-01,3.282482300431831391e+04,-3.678717429146993734e-03
1.256034340781888303e-01,3.459651707109228300e+04,-1.255517389057181918e-03
1.158455972186740596e-01,3.224456284497421802e+04,4.871180318316012593e-05
1.226793536175410371e-01,3.587279796290172817e+04,-3.019065257254222945e-04
1.296463335444544840e-01,4.372329151754175837e+04,-4.762711583711343351e-03
1.282056023782843224e-01,4.270060192947351607e+04,-1.229774168318480826e-02
1.031488542482009024e-01,3.732624675233969901e+04,5.740018810822422601e-03
1.310403180591581396e-01,4.928467251059533737e+04,-1.113375197256256076e-02
1.336187191204500080e-01,6.805392982808683882e+04,2.263040167033656194e-02
1.284070545381753581e-01,4.413045032189372432e+04,-1.073812422441355018e-02
1.290179494902232993e-01,8.004647607323474949e+04,1.586095614226556427e-01
1.084148897247050880e-01,4.390867965461780841e+04,-1.896867106284952365e-02
1.296446520481065734e-01,4.179409881381824380e+04,-5.805184381426598331e-03
1.231490020869468460e-01,3.550790992574613483e+04,-4.557771779071558525e-03
1.229460395161490333e-01,6.956230963579125819e+04,5.028240174886574598e-01
1.299254214984758848e-01,3.823758700169419171e+04,-7.450045061049924422e-03
1.220245679798683397e-01,4.963416516698559280e+04,-8.190118982485623811e-03
1.080521280620177493e-01,3.208970258530747014e+04,1.362223708040478758e-03
1.307042253577553881e-01,3.130689690656910170e+04,1.848991112226581893e-03
1.291517250926759730e-01,7.272377375067086541e+04,2.898834609512654925e-01
1.286570094185991164e-01,7.009074781905196141e+04,6.458763774941531088e-02
1.312588563292098331e-01,8.017717922880590777e+04,2.287165918969737144e-01
1.294588576122500390e-01,3.397990447711319575e+04,-1.271034473101754179e-02
1.266895400304255126e-01,4.478243024532777781e+04,-2.503903679873628954e-02
1.157581855902893725e-01,3.615333539347093756e+04,-4.161761312880363044e-03
1.815801886835019530e-02,3.625097113189108495e+04,1.320834674681622189e+00
1.290606587183874832e-02,4.176746471528918482e+04,1.764828044786018291e+00
1.291311924717178372e-01,3.998765913991285925e+04,-1.592804982016526871e-02
1.172978312778369669e-01,3.151479090812413779e+04,3.975070787401219132e-05
1.249958329413792951e-01,3.773651120706032088e+04,-2.258184895842549333e-02
1.212992476323569435e-01,7.382655233140685596e+04,1.452165397200633201e-01
1.272325112406459402e-01,3.446878567871149426e+04,-1.526691058427890463e-02
1.208838207395038777e-01,3.663911092066037236e+04,-4.036170195076402897e-04
1.242445522402990804e-01,3.310837123483333562e+04,2.029487479500989653e-03
1.303594817145646845e-01,4.079460588321387331e+04,-1.684333131438460474e-02
1.272467748148888023e-01,6.626308067674441554e+04,6.135667721849848155e-02
1.221248656824127088e-01,4.791659780189901358e+04,2.894237609784480747e-02
1.294496683492767086e-01,3.786443303265547729e+04,-6.401024028729355650e-03
1.283089715482483850e-01,4.043764484507567249e+04,-1.808686465439946628e-02
1.311399786248605426e-01,5.156576010759318888e+04,3.110677278430764182e-03
9.200640709391949557e-02,7.928796078855096130e+04,4.059641054335916266e-01
1.302304717682385427e-01,4.191890505365418358e+04,-8.045679228707674352e-03
1.303587873568982647e-01,3.614717197931936244e+04,-1.051361901939000271e-03
1.253706764004104413e-01,3.837089633821965981e+04,-2.229076951817740484e-03
1.250097427583221066e-01,4.671274784880061634e+04,-8.939320607631862092e-03
1.311623487720526282e-01,4.697198808248189016e+04,-1.106944749810335159e-02
1.206378989013642128e-01,5.828771418278668716e+04,1.731498062086341341e-02
1.134743919479739432e-01,3.138455014930675679e+04,8.768936845659656629e-03
1.316159639866565367e-01,4.769262804831306858e+04,-2.632171308257978161e-03
1.197401384563031856e-01,3.105553686554662636e+04,-1.178725880892919284e-02
1.062187555274518302e-01,3.415507081622927944e+04,9.881399021366950655e-03
9.352070216150010218e-02,4.431704859410261270e+04,-1.463434213759434201e-03
1.257160451660314926e-01,3.354090143531895592e+04,9.657520190300568873e-04
1.302981547050865996e-01,8.681461273510281171e+04,3.929863533741184689e-01
1.298895706231106839e-01,3.277576927337048255e+04,-1.179055313237576362e-02
7.887056081183378697e-02,5.439639983619244595e+04,1.300797840825594076e-01
1.294726538969986074e-01,4.694121027849223174e+04,-9.865507535915429144e-03
1.250572161281848227e-01,4.078198009916842420e+04,-5.046817503050932824e-03
1.299924972780054089e-01,3.757945924611249939e+04,-1.399620285271651471e-02
1.253287762850886222e-01,4.518607572650787188e+04,-1.979319341127418197e-02
1.312078832388381133e-01,5.714449079859824997e+04,-1.121393496140752136e-02
1.128285958728494215e-01,3.614840482875193265e+04,-3.629235320737860503e-03
1.300200174105924922e-01,5.351757744541621651e+04,-1.461822423392190005e-02
1.277429761284568643e-01,4.559355117560800863e+04,-5.363728335496247002e-03
1.298312096333749110e-01,3.614554928872028540e+04,-6.955270416949098887e-03
1.311696347085194447e-01,3.590562862704173313e+04,-2.042969010084801779e-02
1.259788431558268862e-01,6.736220703855014290e+04,2.711249752916211966e-02
1.263267337943198843e-01,3.377735925961241446e+04,-1.057525857184419497e-03
1.306225616393633382e-01,3.742964456309603702e+04,-1.859213131260481836e-02
1.295607501786789628e-01,3.749695976032128965e+04,-1.426970722604859257e-02
4.735229557223456093e-02,4.926738127381429513e+04,3.227410690287124684e-01
1.036787370338955322e-01,4.807966065017545770e+04,-1.036265237835217422e-03
1.074223191054984317e-01,3.836164704371122207e+04,-1.247341501661419771e-02
1.312280995925700910e-01,3.483396880776868784e+04,-9.561002892009454884e-03
1.319013492612515492e-01,5.288956322273709520e+04,5.456763399828568582e-03
1.205327172951293074e-01,3.641203244316374912e+04,-7.126886638775816775e-03
7.860373588793787003e-02,3.493944554115719802e+04,3.603492929344300107e-03
1.298964754693409107e-01,4.691161458630533161e+04,-7.704037153488592663e-04
1.184750953695702935e-01,3.317534940631384234e+04,-2.092390150969750551e-04
1.296750677661225593e-01,3.893455178903699561e+04,-5.902155348992692459e-03
5.261167671850891514e-02,3.412127307402947190e+04,3.827294168759599793e-03
1.275473423659815309e-01,1.012373595817530004e+05,3.691742068936271215e-01
1.258352756073344569e-01,4.011501714349835675e+04,-8.575768956940807083e-03
1.309584960087809558e-01,3.396131287584735401e+04,-2.187451171445930001e-02
1.206100364928859581e-01,3.751731498467152414e+04,-1.573436146830218402e-02
8.498016546756086143e-02,4.432445785746097681e+04,-8.172340202069647633e-03
1.126464180440734514e-01,3.822734330521237280e+04,-1.850545009012845646e-02
1.286128345948617246e-01,4.042006026985427889e+04,-1.393121315615448476e-02
1.012276799328304805e-01,8.218495952171538374e+04,5.300317425041408681e-01
1.276071890818491483e-01,4.406275582153393771e+04,-5.292974266228797457e-03
9.793312820362487514e-02,3.646836562321678502e+04,-5.005105710020890317e-03
1.261471888781910133e-01,3.842910480447256123e+04,-1.068533612531107069e-02
1.142171021323131613e-01,3.147040324214239081e+04,-1.300674957656569207e-03
1.272552848042075302e-01,3.895702806979052548e+04,-7.649156698528085906e-03
1.310141278481805338e-01,3.289407924525270209e+04,-1.275073056426744358e-02
1.271465779420883069e-01,4.569687763115190319e+04,-9.670801039301700486e-03
1.236690709041229908e-01,3.359700979985242884e+04,-6.974774790594442768e-03
1.300043599846299469e-01,5.927336689296623808e+04,3.268198473441180640e-02
1.279156241009741235e-01,3.800578507628274383e+04,-1.196303712756214069e-02
1.254315392467835466e-01,5.721925961828526488e+04,1.682290514014732341e-02
1.269577371384926767e-01,4.464664976220138487e+04,-4.446705960005246754e-03
1.268683453570778885e-01,3.670461359380378417e+04,-6.487358143005912160e-03
9.203724185135520042e-02,4.813181043164977018e+04,5.145222788315848700e-02
1.287369392484502273e-01,4.625444918415779102e+04,-5.198452410350253017e-03
1.134877924981057412e-01,3.751296795720854425e+04,9.862540982764003358e-03
1.256505957406325313e-01,3.461666724878398236e+04,-8.140990287532548844e-03
1.287362750801796796e-01,5.318612981206408585e+04,2.262991404558900924e-03
1.282249647435871887e-01,7.204823673269234132e+04,6.607996242910456342e-02
5.872754836777833998e-02,3.641765666322860488e+04,9.328644163953545704e-03
1.257634899838660780e-01,9.284382875075509946e+04,2.976492513859011479e-01
1.301616855322807464e-01,4.254888352787758777e+04,-9.194624540361269818e-03
1.009558547097212655e-01,2.828513137393688157e+04,-3.596888456307074065e-03
9.605891536398052100e-02,3.545721933998203167e+04,6.371574337662077626e-03
1.053024616832898552e-01,8.239870842930018262e+04,3.198526981486585208e-01
7.791610603781815025e-02,4.736630012220024946e+04,1.142884591108502823e-01
1.297214944003927950e-01,3.406402657068514964e+04,-1.287345795502317300e-02
1.295087725503568099e-01,3.113086008588952973e+04,-4.147147635349000307e-03
1.300237219698918978e-01,5.326099913161605218e+04,-1.417002516867554331e-02
1.311688229196355804e-01,3.073802187293998941e+04,4.410966768779418594e-04
1.040890592194644165e-01,3.948816406623295188e+04,2.717709412089789819e-04
1.302190786481618734e-01,4.167963230282539735e+04,-8.476711505018942952e-03
1.068892730075468728e-01,4.065561362066493166e+04,5.808728527028363640e-03
1.244880098692562193e-01,4.021042261594833690e+04,-1.056781015702009351e-02
1.300566351293493961e-01,6.118188355814796523e+04,3.831375625029061205e-02
1.050174576160283063e-01,3.680663710011565126e+04,-3.318345188232659816e-03
1.314535302036114461e-01,4.208955817095389648e+04,-1.361622636320398115e-02
1.318129759771684284e-01,4.627553253962554300e+04,3.991101216087520644e-03
1.194066504807822504e-01,5.428624536271789111e+04,-1.820991861233214534e-02
1.263189697541614864e-01,5.448538060040064738e+04,-1.300176715237198050e-02
1.294770613626122224e-01,3.602221132503398985e+04,-1.096007532468804002e-02
1.279428952058920543e-01,7.635550288439128781e+04,6.626219939096297806e-02
1.112473127905573428e-01,8.626830854586913483e+04,2.058671102954562904e-01
1.255138040725515269e-01,3.430014673202989798e+04,-1.497009900621704311e-02
2.948514814721196753e-02,3.942433048371953191e+04,2.047603018800728814e-01
2.459066650531356937e-02,4.486222698394367035e+04,1.126933943610199940e+00
1.321256677623806053e-01,3.743515564468201774e+04,-2.268656956820053715e-03
8.408349281429379485e-02,3.793606625574969803e+04,2.163379775158969301e-02
9.509447357440416193e-02,7.642213852462737123e+04,8.174178014861365194e-01
1.268915445690105837e-01,3.535023753540760663e+04,-1.123687780110718855e-02
1.296749608693966438e-01,3.363349416103326075e+04,-1.404346162659884586e-02
1.284172457782907228e-01,3.789814840157196159e+04,-7.436580788362233060e-03
1.138499737940335682e-01,3.966331029474631941e+04,-4.738117129573622688e-03
6.358948651262831542e-02,4.162853207174051204e+04,1.210728252436621827e-01
9.508936697674405525e-02,7.298497466134571005e+04,2.448293353830387487e-01
1.298855731467661034e-01,4.062578950575808994e+04,-7.331193933107348938e-03
1.273966413541587905e-01,3.585065425517603580e+04,-1.196331282163443435e-02
1.289259682304384758e-01,3.972729430783035787e+04,-3.694305905761247847e-03
1.296892534674294328e-01,3.765885209286076133e+04,-7.763255183928162786e-03
1.211630522152526007e-01,4.702007642851983837e+04,-4.353000065261386671e-03
1.245970800406493995e-01,3.524383184766872728e+04,-5.592892604693165681e-03
1.307227810540184110e-01,4.569256386968406150e+04,-9.254529698276151364e-03
1.304922351249895307e-01,8.357949673125299159e+04,2.170102206435707837e-01
1.258052390091358719e-01,3.825332188628418953e+04,-1.532819988107380141e-02
1.294747064316453811e-01,3.624487641595384048e+04,-9.059886874142879243e-03
1.302276201600822414e-01,4.317779345105124958e+04,-1.061695487634747859e-02
1.069197145314352143e-01,3.778360155881511309e+04,-5.234273497552733613e-03
1.263847206654448996e-01,3.686252403647371102e+04,-3.640060158117482299e-03
1.292741480719187264e-01,4.364494791679611080e+04,-4.872446250845379086e-03
1.296747889340546522e-01,4.641274677391690784e+04,-6.698648498951275884e-03
1.302704905771450983e-01,3.118777158836729359e+04,-4.682260563954201635e-03
1.291453215108204211e-01,3.820336095217870024e+04,-1.476109065142616576e-02
1.254908741210701839e-01,3.683426603808812797e+04,-3.706625755693456880e-03
1.296015697063158112e-01,4.079594244879014150e+04,-3.447583545547095070e-03
1.205807783449891479e-01,5.090505062582528626e+04,2.466892347850377885e-03
1.114823857990615424e-01,4.501260475536337617e+04,-1.803678085328197815e-03
1.290918855877135618e-01,5.452880159868134069e+04,-5.185630702952458496e-03
9.773453262864026381e-02,4.849040120773427770e+04,-4.842271007454869609e-03
9.211164261640265860e-02,4.609027053682017140e+04,-3.060940701005670454e-03
1.303503723933049918e-01,3.933345282706106082e+04,-6.227783139182227132e-03
1.237696123434568890e-01,6.788824932728320709e+04,4.231648841922940746e-02
1.300244203268402510e-01,4.111286308306126011e+04,-1.065462858226244591e-02
9.545427488963970086e-02,4.359727984394899249e+04,-1.609430439166018717e-02
1.268248254159615451e-01,6.900214300107363670e+04,9.242397740261114325e-02
1.330182567849375330e-01,6.219429929937179259e+04,4.051432188919026900e-02
1.196397497410761623e-01,3.206427207267809717e+04,-4.071002817880528708e-03
1.124758936733296216e-01,4.414909826795489062e+04,-2.290002395753569422e-03
1.165001840787110166e-01,4.127618422921886668e+04,-2.416802579668932138e-02
7.815358348320250448e-02,4.025736020388502220e+04,1.859846347319507598e-02
1.226120079789321110e-01,7.399905123155724141e+04,4.575614635322086121e-01
1.284061424877371016e-01,3.648284394301399880e+04,-1.110367991908479089e-02
1.262744694791822775e-01,8.205220876280637458e+04,4.291600558198263582e-02
1.166922230129191357e-01,5.102461372239422053e+04,9.818436931500763507e-03
1.054476643492067572e-01,3.161447279314811021e+04,-3.284034797439765174e-03
1.023760136597040571e-01,4.219246447331060335e+04,2.001691432300831130e-02
1.223106114048425341e-01,4.064401567906845594e+04,-1.061537995632918889e-02
1.231172177385854855e-01,4.257025834319100250e+04,-9.799903491234789391e-03
1.315853262266078738e-01,3.488734167028096272e+04,-4.948364586498547879e-03
1.283063664626187816e-01,8.819215584708546521e+04,1.433804113227117594e-01
8.995872217695768946e-02,3.662688133999674028e+04,-6.589126027893865874e-03
1.180484315316119442e-01,3.666419962335704622e+04,-5.336656027237646552e-03
1.207450683801114255e-01,3.905413135369581141e+04,4.702762761586172686e-03
1.285307722088978033e-01,4.171827651790522214e+04,-2.135516161262150311e-02
1.308720591256075649e-01,5.645232147956494737e+04,-3.142302661551612131e-03
1.296661599435711687e-01,3.094530879994577845e+04,-9.050260628518148193e-03
1.227736220858263588e-01,3.875432738482450077e+04,-2.241039283754441176e-03
1.291922587241840503e-01,5.158613096485481947e+04,2.593410901199059981e-02
1.102662039903538060e-01,3.870054032353177899e+04,1.343748713027470261e-03
1.316895444789279168e-01,3.419153956377464783e+04,3.313788165645602940e-03
1.277588556855781821e-01,5.353129835914522118e+04,-9.451923350148737357e-03
3.979165800233893519e-02,7.717227052699116757e+04,3.725278260066670732e+00
7.740981330280873041e-02,3.774637084555397450e+04,5.511777633572722754e-03
1.280929176910056144e-01,3.596146522677265602e+04,-1.827642466171809990e-02
5.575939256699182986e-03,3.118556817343354487e+04,5.608570764872756520e+00
1.279370653266506952e-01,3.925816537555680407e+04,-1.780878566613654929e-02
1.165679389192572218e-01,3.777440850029015564e+04,-3.386063169839389434e-03
1.300634421392616313e-01,3.956679687686182297e+04,-1.138791828721420069e-02
1.291515335485055593e-01,3.692953323323354562e+04,-1.197048344754891684e-02
5.110796218675450753e-02,4.601689081950138643e+04,9.234131389713327864e-02
1.298927140980977724e-01,3.519392868370162614e+04,-2.081283256660243497e-02
1.753143684022474835e-02,3.437642812832824711e+04,1.147853881776725649e+00
1.261928394210311555e-01,4.120798730674431863e+04,-1.498625566831983912e-02
1.314878573781542437e-01,5.661041900723193248e+04,-7.182523827137785900e-03
1.009772751908703664e-01,8.342303333859532722e+04,1.857111781990639365e-01
1.315442282758124415e-01,4.243973857585953374e+04,-7.624981628855930296e-03
1.249693101211825086e-01,3.857590822146295250e+04,-1.114621888788229313e-02
1.106798607388454342e-01,5.020040756539949507e+04,-1.706252367928033208e-03
1.283059354533413188e-01,3.804192490410271421e+04,-1.036042543631164603e-02
1.286213496157104508e-01,5.960091026260757644e+04,1.373671325905434851e-02
1.214577707337328311e-01,3.956272985127114225e+04,-8.253146521040744671e-03
1.293968820215081472e-01,3.727232775064655289e+04,-3.789849899321736846e-04
1.294066031415773976e-01,3.487396336830455402e+04,-1.588286843647793850e-02
1.109495382960963700e-01,3.467386313550052728e+04,-3.819121795278213050e-03
1.129589989498260005e-01,4.705484079438560002e+04,6.278155732441702275e-02
1.250493253343695210e-01,3.088888148124148211e+04,3.553091551854245869e-03
1.063432683083758434e-01,3.704785802841203986e+04,-4.469399365892334428e-03
1.324565371286155202e-01,6.963218991573493986e+04,2.151940151738668261e-02
1.301072895942768093e-01,4.394626864967688743e+04,-2.236219021576128698e-03
1.297120182303613534e-01,3.181812533453081414e+04,-1.399883967182089612e-03
1.010316936336096844e-01,3.956354190405049303e+04,4.815539302326429100e-02
1.288532746047656996e-01,5.948931523613958416e+04,5.157778403549814761e-02
1.303443740250312677e-01,6.810174197060998995e+04,6.334986171884388062e-02
7.955063925288995141e-02,4.428255639070943289e+04,1.127424539370564492e-02
1.269033256836487600e-01,4.544064807162559737e+04,-4.087075243468260219e-03
2.334998837311375031e-02,4.669373494528456649e+04,5.337004057683960134e+00
1.271547514362479647e-01,5.206387643603296601e+04,-1.183062503693407645e-02
1.309786360415488016e-01,3.567470073462188884e+04,-3.190995296725318217e-03
1.023437358165263655e-01,4.033387451811627398e+04,4.313667019658173722e-03
1.265869626373951895e-01,4.497813020150986267e+04,-1.026971027390537888e-02
6.838011461244510036e-02,6.055447813475543808e+04,1.059881521582117792e+00
1.300714030948379452e-01,3.241885374640667578e+04,-1.510130541589915082e-02
1.285638848470163909e-01,3.367823592673918756e+04,-1.367052674219314083e-02
1.280693787056672306e-01,3.343502943280413456e+04,-1.070369308035207766e-02
1.270553166003603462e-01,3.928405294159107143e+04,-1.238252612331668286e-02
1.205094705246016890e-01,3.101981050527070329e+04,7.766629634597158830e-04
1.209662239599410272e-01,3.979557169653484016e+04,-6.172295075666766641e-03
9.161300550807098542e-02,4.876854641795365023e+04,-2.206054390776184329e-02
1.299917345446461037e-01,3.309558816790055425e+04,-1.663175014835981472e-02
1.075953603500155453e-01,3.119935372562985867e+04,-4.849128995246455203e-04
1.297290050764217106e-01,4.939699661812726117e+04,-7.574441939612933800e-03
1.170519589995493437e-01,7.715415822046990797e+04,2.060575987778466289e-01
7.223967184622127891e-02,3.946910895228179288e+04,2.086817878016773015e-02
1.103323754333784684e-01,4.241590519968607987e+04,-1.156679820057089809e-02
1.261887215948401253e-01,4.094008975654369715e+04,-2.505746645589067637e-02
1.265526711138702243e-01,3.060184452877265358e+04,1.183847170961363146e-03
6.201484185645098762e-02,3.529280346536486468e+04,2.195301552800747041e-02
1.765758859964793384e-02,4.117995054634452390e+04,4.955205110823849957e+00
1.277595569540876663e-01,3.404871049094096816e+04,-8.796233908918638794e-03
9.642924118010275103e-02,3.087512417511109015e+04,-3.410537308925520525e-03
1.233698444612028461e-01,4.856310880185455608e+04,-1.448519591348788535e-02
1.306117467622345263e-01,3.778149231023532775e+04,-1.215113025176411780e-02
1.271342907348323725e-01,9.383470521399891004e+04,3.874431439762609508e-01
1.211942099903662584e-01,3.612677676901571976e+04,1.402753794116007779e-04
1.048063441852508382e-01,4.333925838659272995e+04,-1.595104861863757412e-02
1.305158372279992540e-01,4.003248323980740679e+04,-1.151173686875122879e-02
1.301176824843142121e-01,6.684880281068690238e+04,7.781427094075996087e-02
9.699481772681572966e-02,4.223187032513553277e+04,7.789281410234265724e-04
1.124471863397012855e-01,4.439822843096681027e+04,-4.690987320612397503e-03
1.152208702027927023e-01,4.050879488924304314e+04,-2.360002949863336790e-03
1.216836796319833158e-01,2.862775575363328608e+04,-1.101380702905618847e-02
1.201700752021311880e-01,3.381423400764400139e+04,-1.050348251820753392e-02
9.767927281222268943e-02,5.596439899437443819e+04,1.229758082998087948e-01
1.169519910460939671e-01,4.468191674634650553e+04,-3.489029354599570889e-03
1.257936840310429349e-01,4.021796827589381428e+04,-4.297353804363081634e-03
1.220243049054526435e-01,3.774540962164882512e+04,-1.000032380500111284e-02
9.590914097704171526e-02,3.841864638531485980e+04,2.939206938242241041e-03
1.270913471024265606e-01,3.053108388460138667e+04,-1.006436429388949619e-03
1.170261729085461944e-01,3.697367417993697745e+04,1.304901702100398674e-03
5.687478522553344323e-02,4.075308054814642674e+04,-1.442426208326215431e-02
1.148969878107045373e-01,8.462846593870986544e+04,3.268008629907167006e-01
1.280132038077813061e-01,4.638920217391362530e+04,-1.348466237779757243e-02
1.253587729513622184e-01,3.071441565371285105e+04,-5.474788469762392577e-03
1.315397956573395866e-01,4.179923893446142756e+04,-4.398600547593036793e-03
1.270398865406725808e-01,3.240531797246226779e+04,-2.242415811193363990e-03
7.091693170122365109e-02,3.452999784433935565e+04,-2.148649637791557807e-02
7.267533434954018268e-02,3.605408738050040847e+04,-8.822380172464465778e-03
1.163254989235213213e-02,3.637923529056567349e+04,6.303406992508450379e+00
1.293103000612858267e-01,3.663889963875302055e+04,-5.165814754644853027e-03
1.287212859837904566e-01,3.207067819811011213e+04,-1.180751230346726958e-02
1.045189697098618392e-01,3.693965015080500598e+04,5.545448666374303524e-04
1.206751014002100525e-01,6.983483510474755894e+04,2.224676317223885785e-02
1.178499565879186500e-01,3.129001489901190871e+04,-6.587890282140578153e-03
1.232794083664653789e-01,3.904161859716218169e+04,-5.756984005428234397e-04
1.207938734451379781e-01,4.136929564869681781e+04,-7.068865838252906021e-03
1.040746067868163899e-01,3.620326876855231239e+04,-1.412172526237528286e-02
1.303667245845261391e-01,3.408699823911466228e+04,-1.412378770620619124e-02
1.283797516282060847e-01,6.402310555042901251e+04,3.521903245948040245e-02
1.232391621016116351e-01,3.979306052492465824e+04,-5.885929381622834709e-03
1.093012978998779555e-01,3.827769036960745143e+04,9.057980265097942060e-03
1.273844199116740961e-01,3.937868425857745751e+04,-5.586793281687242596e-03
1.154200399186264409e-01,3.943388705417933670e+04,-1.194818529574289898e-02
1.327768978510146247e-01,5.963916349505766993e+04,1.267093865696922519e-02
1.244221514193804140e-01,3.160321260737867487e+04,-3.702401535058620369e-03
1.203651567342803042e-01,2.815531785314749504e+04,2.782644533466385999e-03
1.321241807076306285e-01,3.166744725562975509e+04,-1.860127531636353651e-02
1.284853318894069729e-01,4.144441981395827315e+04,-2.168413159604376181e-02
1.298495823605926025e-01,7.599720527765891165e+04,6.566341729550766171e-02
1.256522539500889157e-01,5.737464261815013742e+04,3.076944794367947149e-03
1.297368792434215878e-01,7.583485710312720039e+04,2.545442635428974421e-01
1.303693793374698928e-01,3.176160825923191078e+04,-1.245633265157534801e-02
1.157239419282277693e-01,3.076784703361758875e+04,-4.026210380869192640e-03
5.406516368646575865e-02,3.761486546444929263e+04,4.115022274633620830e-03
4.987745776871935904e-02,5.449758061300199915e+04,5.528715525932982322e-01
1.303023550540622355e-01,3.720661482721404172e+04,-2.382726895931186473e-02
9.234815485334323115e-02,5.263493830287460150e+04,3.269057990725559582e-01
1.223074265472541278e-01,7.076418766810273519e+04,5.059596507827012202e-01
1.116923375842020921e-01,3.790472949680175225e+04,-1.781032020755629738e-03
1.286591473823989751e-01,3.420786289798664802e+04,-1.808921756615017307e-02
1.236001626316919066e-01,3.365378678672428941e+04,-1.807895680024830878e-02
1.239098031209288492e-01,4.130735308172845544e+04,-1.003459909355106094e-02
1.273258411190321127e-01,3.486151155959963216e+04,-1.271426483683255407e-02
1.277837620171232424e-01,3.652647245197775192e+04,-7.147011671581588940e-03
1.203889941579573825e-01,4.629255693241393601e+04,-9.207323447771602679e-03
1.157470967498939879e-01,4.104459657377492113e+04,-1.184586809864981299e-02
1.221224252729290610e-01,5.590746370316790853e+04,1.409705549292040311e-02
1.305756051906905579e-01,3.433642501101551898e+04,-2.201297336104353353e-02
9.858661726594333818e-02,3.344451189196353516e+04,-7.222287485516379682e-03
1.295768226925974320e-01,4.790372476344459574e+04,-1.353517934995833796e-02
1.316788608680708461e-01,5.163612816699498217e+04,-1.114992218691847337e-02
1.275813726032963558e-01,3.345096542372500699e+04,-5.865336562147363021e-03
1.090115797706557310e-01,5.900169861649384256e+04,2.267678446443613105e-01
1.288484557246511453e-01,3.128841374536858712e+04,-7.233420787740280945e-03
1.033725933442605216e-01,3.314150826267796947e+04,6.519238462844612579e-03
1.296299022146641389e-01,4.278271849846842088e+04,-1.633666071615259840e-02
1.251345877048725408e-01,3.713108040063476074e+04,-1.323816628839687495e-02
1.271508771103045110e-01,3.605609498115259339e+04,-1.720589303197609179e-02
1.222504012072938850e-01,6.417777364178623975e+04,2.905101649197687208e-01
1.320982425579137198e-01,6.404140843834722909e+04,1.980508332060405483e-02
1.242087496617159115e-01,4.107022171238962619e+04,-1.006270762827301754e-02
9.694405116235253750e-02,3.490079222179250792e+04,6.369277039550163069e-03
1.288691490371484116e-01,3.658593898426476517e+04,-1.269173514780918069e-02
1.233809749129615996e-01,9.057412858726222476e+04,4.120684780938382863e-01
1.269542314706929576e-01,4.734719170248424052e+04,-5.100112580827136782e-03
1.271250167661219233e-01,4.175063865094318317e+04,-3.625135757399475418e-03
1.297658971938465411e-01,3.864201168091096042e+04,-4.060038065486731677e-03
1.247620578775816141e-01,3.880458962111595611e+04,-2.159189363874893658e-02
1.295577077904142560e-01,5.906435574844931398e+04,-1.102649311790689785e-02
1.253840304896774172e-01,7.242273536749876803e+04,5.567206120778327855e-02
1.239492474138011585e-01,5.119498453553772561e+04,-1.595295947028449457e-02
1.136508313854039942e-01,8.384517867619416211e+04,5.946792528486783969e-01
3.547049952466310718e-02,4.981972363141803362e+04,3.534664894394829115e+00
1.290938456662978073e-01,3.328377461102288362e+04,8.852241287769509887e-03
1.262680900294499697e-01,3.627923923566623125e+04,-1.317760586632066300e-02
1.063981225323611252e-01,3.127740798914808693e+04,5.769507640430354689e-03
1.227791006836992938e-01,3.527609496796825260e+04,-1.714035517729916441e-02
1.199630384484903917e-01,5.789732387966928218e+04,8.336057693828093085e-02
1.239686511740563102e-01,3.678425218605216651e+04,-7.773087875735283474e-03
1.299825503876045341e-01,7.397899227588907524e+04,6.021339722830295477e-02
