2.016922950527689218e-01,2.760987807920235718e+04,-1.147638187084734120e-02
1.933385665931441066e-01,3.617277570414996444e+04,-7.115774285673909239e-02
2.052484029155389744e-01,1.909672732224884749e+04,1.189331408887803025e-02
1.990366819005256471e-01,1.940801621376697221e+04,-6.464160331050826380e-02
1.972403962357881235e-01,1.928690485136023563e+04,2.176719455599183950e-02
1.961216491643815174e-01,3.937171130128954246e+04,1.902359565557663543e-02
2.076094863167789739e-01,1.628270559431060065e+04,-3.539722284398266750e-02
2.051626461396441614e-01,2.889536140921220067e+04,-7.265717518251275930e-02
2.040416949318208106e-01,1.969848616481094359e+04,9.529061786459098061e-04
1.974760655201110160e-01,2.565176205975105040e+04,-7.113723499402363482e-02
2.011614976831339885e-01,2.411082127510261125e+04,3.799958295219780374e-02
2.088716018645914441e-01,3.095714316278662227e+04,-3.144489081572921646e-02
1.984711282250485598e-01,2.861592655268807721e+04,1.220095855922783135e-01
2.208958360308006241e-01,5.194916411765424709e+04,1.016759956534152159e-01
1.958206040719244756e-01,2.470192861559754965e+04,3.221950710844617011e-02
2.057053695143902239e-01,2.642011060195360187e+04,-6.506138949530169968e-02
2.025645676974305864e-01,2.688931850940600270e+04,-3.288827485951845847e-02
1.930557989556668796e-01,2.404830655832677439e+04,-4.741718936437114285e-02
2.066629463542886402e-01,3.938398081597569399e+04,-4.469875226856026909e-03
2.053030323436632609e-01,7.498159220165606530e+04,-2.787962047949935768e-02
2.060313865163724556e-01,4.116955296458340308e+04,-8.493731664843408649e-03
1.976629116276053810e-01,1.883946355072550068e+04,-1.426998653995031723e-02
2.011227247262217521e-01,4.577739299259816471e+04,6.016836738320071112e-03
2.037132162222220766e-01,2.421104850918827651e+04,-5.747369144091183865e-03
1.959012634537785902e-01,2.572699200528174697e+04,3.792390797324266677e-02
2.037185854167259669e-01,2.324368949589923068e+04,-1.969621972259130022e-02
2.030701106287313151e-01,2.051876431694007624e+04,-3.763455993213748324e-02
2.048819798768324874e-01,2.370222921716926794e+04,1.512616202346523699e-03
1.920679219119756365e-01,6.726493103040354617e+04,-2.249221941139556771e-02
1.977037795655082475e-01,1.616955350684825316e+04,2.738897680109257660e-02
1.998230791512203564e-01,1.835092525140675207e+04,-8.498474587483127729e-02
2.080330862217202037e-01,1.724345764956549465e+04,-2.719989351058161187e-03
2.055264622715592682e-01,2.533142775828303638e+04,2.621716788354819250e-02
1.997907344608298441e-01,2.832419024151192207e+04,1.409189308348407672e-02
2.041360757222357714e-01,6.953448588166647824e+04,-1.036995070885151915e-01
1.981838784130615094e-01,5.256399139777445816e+04,3.795978708329747486e-02
1.976322052827757525e-01,1.936140180727115148e+04,-5.354681952055112548e-02
2.064974850434409814e-01,2.052074350874739321e+04,-1.644753296876179122e-03
2.021824617931037571e-01,6.060260238028258027e+04,9.703323144581277315e-02
2.059207355058636779e-01,5.142766799093669397e+04,5.254274577904713417e-02
2.044524170958463560e-01,4.052382408921544265e+04,-4.654788612735287490e-02
1.987252872792548142e-01,4.137481945268299751e+04,-5.209085670625184308e-03
2.058853695079048696e-01,2.553905821643867239e+04,-2.618399111314277314e-02
1.976423783615654794e-01,1.892525423438124199e+04,-1.598648019238354395e-02
2.015104526400479101e-01,1.445989744960277130e+04,8.244190306413204036e-03
2.084359510057994525e-01,2.252557166613804657e+04,-4.489530112013055685e-02
1.986562642907854226e-01,2.472914658388308817e+04,1.242716890404256362e-02
1.992112268574031120e-01,2.067297485492829583e+04,-3.057898539623920761e-02
1.984253547318917399e-01,7.125089813978745951e+04,1.155099534833909161e-02
2.028557983339422666e-01,3.786935587105055311e+04,-6.460608843638036836e-02
1.887094158745917793e-01,5.322068686732579954e+04,2.856152182123977354e-02
1.938999403915618314e-01,3.775776728596833709e+04,-6.478657347964413005e-03
2.006890499831165686e-01,2.406878935091141466e+04,3.064319762441152645e-02
2.036197437945603539e-01,3.523671839710122731e+04,-2.798323633455741984e-03
2.009402429373984000e-01,4.263753942817356437e+04,-1.414020733683578855e-02
2.005313755467800774e-01,2.020872876741911750e+04,-1.112087442746980889e-02
2.019966298209208977e-01,3.595156670880696038e+04,-1.039475513335105274e-02
2.014403697177528929e-01,2.593460633602002054e+04,5.369433898828102764e-02
2.002703012101550717e-01,1.916346417384979213e+04,-9.005804900885355790e-02
2.007797736335554251e-01,2.007189994618300261e+04,-1.232237023716842121e-02
2.036514445758234315e-01,1.893193466262195579e+04,-4.749569495507374034e-02
2.035540911670909447e-01,3.475209462931337475e+04,-6.052967337052448521e-02
2.016506256831581134e-01,3.445073857746990689e+04,-6.109915105226068621e-02
1.647559758632963500e-01,4.162260169728459732e+04,2.734856315686957223e-02
1.979669262131377727e-01,2.920626261844994588e+04,7.458452664876479010e-02
2.005369599039798223e-01,4.222356772108933365e+04,4.258287704407522252e-03
2.018093160442410716e-01,2.106762864575725689e+04,5.598180882311837650e-03
2.053283829846374309e-01,3.560618998454347457e+04,-2.219226331934067570e-02
1.926275946683022600e-01,3.315754522390501370e+04,2.420399941830756949e-02
2.044481863649643683e-01,5.236315401342703262e+04,4.171405244516245003e-02
2.017595205839437522e-01,5.133064084897351859e+04,1.649394869566557509e-02
1.988140006070400756e-01,2.199448413869775686e+04,2.249949008652076324e-02
1.970966502677958809e-01,2.618120056160061358e+04,8.912439677295785900e-02
1.992496821642315841e-01,2.422388341218028290e+04,4.041421755441597374e-02
2.010352254975596165e-01,3.472957639787408698e+04,5.031307048990794201e-02
2.050490419033640654e-01,2.974539630517185287e+04,9.305160802678576204e-03
2.016686330321411924e-01,3.965376275515313318e+04,-9.965663283396919425e-02
2.013413290979350068e-01,1.863465890889421280e+04,-3.135055309363432314e-03
1.914244693050024260e-01,2.603934254695269919e+04,-2.660439195585422023e-02
2.012415473625099038e-01,4.111012759022323007e+04,5.289014128477809162e-02
2.066953009860751644e-01,3.955041620362435788e+04,-5.880743019244329128e-02
2.016698670740291188e-01,2.554468285597706199e+04,1.737568471319281271e-02
2.062919670397924954e-01,5.001820182997435040e+04,-1.516709189219953707e-02
2.021796330963729904e-01,2.151623635088851370e+04,-2.761502616090558138e-02
2.077381885749819690e-01,4.477695659941426129e+04,-3.721555025539060452e-02
2.062110666653178548e-01,4.461844358648861817e+04,-7.147280554351348458e-02
1.974082052686914057e-01,4.064112421193334012e+04,-5.228247297201565197e-02
1.994634751085726243e-01,3.023114737357873673e+04,1.737058778423035410e-02
1.916531233977161464e-01,6.576244566717305861e+04,-2.903538278195387165e-02
1.986280726790969897e-01,2.314789225327414169e+04,1.877256805357863101e-02
2.008594787841684604e-01,5.181705135688075097e+04,-5.905575650009479115e-03
1.935324392580756170e-01,1.522268647433417937e+04,-1.147657964280864897e-02
1.984146659510073740e-01,2.929012633572118648e+04,3.418517805519377672e-02
1.999108165866727571e-01,3.772305907199844660e+04,-6.849948767060776676e-03
1.940756806258479017e-01,1.975691353070878540e+04,-1.862394961068775459e-02
2.080442243608253416e-01,2.053766257589372981e+04,-8.028581915716913320e-02
2.005914273100246337e-01,4.262707538773491979e+04,1.963177470095226265e-02
1.994045564643316948e-01,2.563117748865628892e+04,-1.094591153615509654e-01
2.024520374149815227e-01,2.167158058609242289e+04,-1.078662100173879840e-01
1.974827260202644541e-01,3.551593863192595018e+04,-5.022120210558018299e-02
2.014961519680767144e-01,2.964361985472840752e+04,-7.491749398660320358e-02
2.056241128665161622e-01,1.492377875941455568e+04,-1.128014566350985133e-02
1.882521404960748324e-01,5.672855770350065723e+04,7.456898773258706370e-02
2.034721414207460166e-01,2.845334605978614127e+04,-1.327952536684026165e-02
2.004581229811017717e-01,3.657236721027006570e+04,-7.466468292419431441e-02
1.986325078735164951e-01,6.052171790988038993e+04,-6.837302254097907608e-03
1.983794190430372417e-01,2.669472279305260599e+04,-1.081284364461472663e-01
2.071698330494401163e-01,5.113452566916719661e+04,4.591051600974489777e-02
2.054874829457364604e-01,4.490887207829895488e+04,-2.623879288514344328e-03
2.071748089204514531e-01,5.397590501023917750e+04,-1.592572422663818266e-02
2.055161598223700092e-01,4.043218936104990280e+04,-7.482852021395433595e-02
2.019555141126851416e-01,2.647292202084505698e+04,-4.124827678135337995e-03
2.003418710397673330e-01,3.785634616410278250e+04,-5.563818312917315906e-02
1.998257255285114942e-01,5.229425076728715794e+04,5.230960524537262707e-02
2.017329258780770906e-01,1.925602095153038681e+04,-7.811143803580523903e-02
1.984577222537705354e-01,2.330818804195354460e+04,-6.431427899009277416e-02
2.019998467687104116e-01,7.826883336712208984e+04,5.241349752827736269e-02
2.002977428343506727e-01,3.051025902972280528e+04,-6.188522478587778902e-02
1.980715883769485486e-01,3.477857463659338828e+04,2.555967095573540016e-02
2.043118552660225240e-01,1.995364547856499848e+04,-5.122441611953514051e-02
2.015958189029928849e-01,7.148449604984874895e+04,3.789596690083012545e-03
2.028851874137733990e-01,2.719631060575820447e+04,-5.054893948212473009e-02
2.030586512244422492e-01,2.162216856689858832e+04,2.256869697469792314e-03
2.037311191328841919e-01,3.167308761590641734e+04,-4.064508858893604165e-02
1.981156921264862758e-01,2.714347902299572888e+04,3.090422304916057641e-02
2.037221254884115373e-01,3.914705931232935109e+04,-5.013075326984538921e-03
2.044775621508760077e-01,2.924336588608885359e+04,3.728371936555464894e-02
1.978645344940657969e-01,2.241450792329104297e+04,-4.887051519326205545e-02
1.976576753868488912e-01,2.141957492837627433e+04,3.141401368260542809e-02
1.927815898875339107e-01,3.363372328356136859e+04,4.493755080412530772e-02
2.046346867066161368e-01,4.266331010723087820e+04,5.358490812095086098e-02
2.038197606864042832e-01,4.566750566298639023e+04,-3.626738098210890299e-02
2.011396986428015676e-01,5.385477285259561904e+04,-2.767535765019691826e-02
1.925193559150724099e-01,5.487406813054204395e+04,3.666693208838755352e-02
2.023200521392789775e-01,3.795739062287243723e+04,-7.938571242464353972e-02
2.001805679978083952e-01,3.954257358133285743e+04,-7.022401100191724699e-02
1.989587064416238893e-01,2.726223836622924500e+04,1.270704865824979005e-02
2.015196948033122215e-01,2.758610840311826178e+04,-9.774435240818728221e-02
2.016879330868544540e-01,2.034312177634731779e+04,1.464352226221692088e-01
1.941844581826944749e-01,1.935830840930363047e+04,4.800554038372028924e-03
1.978481815625408591e-01,2.001152304890775122e+04,-2.296203408331085397e-02
2.041687192666372941e-01,2.154388166272668605e+04,-9.008230124421265361e-02
2.012145099743886389e-01,3.034859923113377590e+04,4.330003294953769545e-03
1.979440332778844569e-01,4.556041075930587249e+04,6.034918492712632726e-02
2.013856297737895151e-01,1.718165466251657926e+04,-4.523082767209919697e-02
2.035405160913196232e-01,2.122752979049455462e+04,-3.923088999557507173e-02
2.010146831231546527e-01,2.749171262798462703e+04,8.137646493723869195e-03
2.080400270314230748e-01,3.052703269180009374e+04,2.424760391483860716e-02
2.035874016192031899e-01,5.095153222176301642e+04,-3.418600357817225873e-03
2.121458796237322697e-01,2.325889185188274860e+04,1.026510881027956484e-01
1.982586859858133099e-01,1.870027933321156524e+04,-5.114550884058367136e-03
2.028638509640517396e-01,5.009441334712313255e+04,-8.771865094619701875e-02
2.001823828972432995e-01,4.021540740185074537e+04,2.621002131527253379e-02
2.072888992459926139e-01,2.160172344968931429e+04,-3.909263290124217333e-02
1.942742355886596106e-01,9.151937950192167773e+04,6.738985738077965526e-02
2.013878459799445242e-01,3.928422072726819897e+04,3.625559937727068638e-02
1.916057656088025196e-01,2.220755124735028949e+04,5.484118558442939093e-03
1.994519132774819070e-01,3.125538840153360798e+04,7.371138871848963159e-02
1.971048981185420657e-01,2.251743096360034178e+04,1.673906462906212022e-03
2.036090164147224268e-01,5.176076876993056794e+04,2.080779481426877839e-02
2.019767436956208528e-01,2.797771802248321183e+04,1.803543465433086329e-02
2.018413492000888931e-01,2.520407068337567034e+04,-3.374513621619324583e-02
1.970490118767157794e-01,2.598151590761628177e+04,3.388981407296697695e-02
2.050423603707553222e-01,2.100219086707723909e+04,3.148543266296957577e-02
2.011401862586849332e-01,2.832665852788523989e+04,-5.412995234818460816e-02
2.018889740841152136e-01,3.444411307346996182e+04,4.685366055103696442e-02
2.037164253202557174e-01,4.329511269110767898e+04,8.686272091532226333e-03
2.010706047718532619e-01,4.630680733577437059e+04,-2.633499586199804059e-03
2.001177040061369317e-01,3.278547221126559452e+04,-1.990373579572574103e-02
1.955558828158224516e-01,4.211051236624973535e+04,4.134114266932866627e-02
1.953587490491327794e-01,2.282862775062071159e+04,2.421770960660847224e-02
2.045418187621602657e-01,2.197781029633581784e+04,4.676103314737635464e-02
2.077985019133720412e-01,6.148935392008566123e+04,-1.453192104692692388e-01
2.084282730298852304e-01,6.491165370623451599e+04,6.454372238714620180e-02
2.057545775909694341e-01,3.050584473356827220e+04,1.785157908726623180e-02
2.080694601623976348e-01,7.429469136018800782e+04,4.028669520492552530e-02
1.976861995875914269e-01,2.808342284170880885e+04,-3.125515272556762033e-03
2.055186201265351564e-01,2.144984760042401467e+04,-2.780373127595731769e-03
1.988992178077386985e-01,5.576165845188828825e+04,4.059929952153199482e-03
1.704192560027966707e-01,5.641848079407165642e+04,-3.437994087765523094e-02
1.991421935846992008e-01,3.644828746474508080e+04,1.474334092604109858e-02
2.075062230137033614e-01,2.543384167857898137e+04,3.388661820567746147e-02
1.977153701536247810e-01,4.920440446176356636e+04,2.429686038065713427e-02
1.957447005433296527e-01,3.945894127212252351e+04,-3.035379601952974821e-03
2.022612422482394368e-01,3.180964892165951460e+04,-4.755709007176357750e-02
2.034211777444588642e-01,4.881586300824518548e+04,-4.272345650672328826e-02
1.978897913583577972e-01,2.633441384218267922e+04,-8.084238952083906693e-02
2.026864751796015884e-01,5.796624323435744736e+04,-4.763052442719975521e-02
2.015851941114674140e-01,3.179914483581488457e+04,3.940498593084106049e-02
2.011200257726489249e-01,5.008026130072325759e+04,2.018743562881550671e-02
1.995985393951155151e-01,2.987036835802541100e+04,-9.576035163040952369e-02
2.076133682742580533e-01,3.682923964828938188e+04,6.673592935087516165e-02
1.812282473077840850e-01,3.259413938896935724e+04,1.509529440308066961e-01
1.871171758920897321e-01,6.585631731463043252e+04,2.437396038262354056e-02
1.980795111804259656e-01,2.227780120428983355e+04,1.441012422382821189e-03
2.050203563855134692e-01,2.908227326898470346e+04,-6.432933645529886890e-02
1.977994086590559863e-01,2.451982267651225993e+04,5.081491803625110687e-02
1.925874537910717554e-01,6.518336918353043438e+04,1.398180170223491392e-01
1.983419414934338154e-01,1.838281294272448940e+04,3.018335995784362027e-02
2.032281961033012285e-01,4.154367224734957563e+04,3.301017324926600743e-02
2.041364522249002056e-01,1.333770537034544031e+04,-2.276338075975979994e-02
2.040584167867971754e-01,2.445417408878064089e+04,7.058062706454448776e-02
2.051334037924206211e-01,3.832020534676626994e+04,1.123638677642579443e-02
2.066651498101664541e-01,7.829879687548836228e+04,-3.291876970060809288e-02
2.056859069879964641e-01,2.662810030196088337e+04,-2.404960163839220746e-02
2.111519929619218028e-01,1.433483465362686547e+04,-6.354771068905537557e-02
1.997423167106403274e-01,5.859623452724535309e+04,-6.590151165111347853e-02
2.061077924391878924e-01,3.115225072658493445e+04,2.568203073064925096e-02
2.047575179644402499e-01,2.283958515042167710e+04,7.187644733117564896e-03
2.094802465265622748e-01,3.947291808624571422e+04,-4.058023873789499969e-02
1.485320057256382942e-01,4.836231490453321021e+04,4.081662670428667927e-02
1.997101554329013817e-01,2.934396893588019884e+04,-5.661911016951304450e-03
1.971427828110224600e-01,2.561416812947539074e+04,-2.656955451653061906e-02
1.983493164131054087e-01,3.094351212570568532e+04,1.886599931776624869e-02
1.988147883831483387e-01,3.314798382804542052e+04,-3.511511481991416023e-02
1.994349748667673949e-01,2.397357731180774863e+04,4.529330765192184777e-02
2.012337271948624329e-01,2.819494192350484809e+04,2.830004067077155835e-02
1.970549228808444742e-01,2.511034903963001125e+04,5.502874997340357482e-03
2.015273984752683489e-01,2.132464961386428695e+04,2.013175342549079067e-02
1.994571586186662804e-01,6.964069777362400782e+04,4.648717893556979924e-02
1.979699777285314766e-01,3.176491837970545748e+04,-3.932934802395812723e-02
2.075293548078770145e-01,6.491392453217050934e+04,-6.528317165084690510e-02
1.953704557722419910e-01,2.677429395217779529e+04,1.435989313310520876e-01
2.010135195013193488e-01,3.127893054465971363e+04,-8.431314838635869946e-02
2.028468420885311541e-01,2.734696903080607808e+04,-3.160957742927297635e-03
2.026043758089556834e-01,3.160613163053883545e+04,-6.425909634589770103e-02
2.114326669789549362e-01,2.383187839006858849e+04,3.283747182041887869e-02
1.944467066491298579e-01,2.836933407268144947e+04,1.084331813966675911e-01
2.054511468860906742e-01,1.759058781689731404e+04,2.249123488800010024e-03
2.009823518841230283e-01,3.030433301575339283e+04,4.070896527163968270e-02
2.001112305564643479e-01,2.843415726146575616e+04,-9.300521987291172910e-02
2.002229470632224395e-01,2.646186184910487282e+04,6.285800945980302146e-02
1.991003634361452335e-01,2.367974190997712867e+04,4.970969103512041382e-02
2.054671927755736260e-01,3.234214180659413978e+04,6.228455238502757230e-02
2.041700336982439357e-01,1.575624166881248311e+04,-2.139676046489898467e-02
1.990407150947998693e-01,2.132592390559309206e+04,1.069704755019260621e-02
2.004595245069864806e-01,2.313597104909596965e+04,-3.301356990387245560e-02
1.254563701209943372e-01,4.991008755314422888e+04,-5.744555600783142479e-02
2.031764456381042194e-01,3.906580044997093501e+04,-6.583163255407632752e-02
1.994461208786414974e-01,1.764475596380593561e+04,-4.330362193149892014e-02
2.004170171011306623e-01,3.197177542238094975e+04,-2.359132797282751520e-02
1.990767289047978839e-01,3.957698276433392311e+04,5.361037022959699860e-02
2.026407096014350151e-01,2.932880020116550804e+04,7.803271205145669021e-02
2.054883623244815605e-01,3.480011799986684491e+04,6.339657629984397913e-02
1.968448711923432293e-01,2.548536724312720617e+04,-9.532427840832105592e-02
2.030364267692520708e-01,2.504450567615427281e+04,-3.855030675901661291e-02
2.010969120829914913e-01,2.171455391493869683e+04,-3.446649991576788974e-02
1.989757693266075989e-01,2.118281349306698758e+04,-1.738725629955789956e-02
1.990499035910389958e-01,3.338923290002620342e+04,5.774629361479902828e-02
1.965420096649874437e-01,1.910674950495668236e+04,-3.764809337265301314e-02
2.050871290506321720e-01,2.273053985344290413e+04,1.945200933414185929e-02
1.991249582670625851e-01,2.131973792667140151e+04,-8.419308732628928704e-02
1.921139434843773808e-01,2.633738183461643712e+04,-1.167552993820417280e-02
1.935945577188765698e-01,4.512356634192376077e+04,6.070950015676610488e-03
2.009160846214030627e-01,1.575758703736504140e+04,-2.061897708357255526e-02
2.030709194660766659e-01,2.604815776632089182e+04,-4.232286552285995096e-02
1.948425787634475437e-01,2.003041753463390705e+04,-4.703554306718641526e-02
2.039829484288664674e-01,8.080527123514932464e+04,-5.458786623931772414e-02
2.058631092193446699e-01,2.092531361022411875e+04,-2.349839793571239718e-02
2.096301903880264661e-01,3.128389520084346441e+04,-9.296159727279953988e-02
1.994500446531914106e-01,2.193334126165966518e+04,6.303486891725489094e-03
2.229052807049452245e-01,5.332641376220893289e+04,6.539028620769339606e-02
2.006980817787019089e-01,3.210035936940287138e+04,4.770380330801458901e-02
2.044361461551998105e-01,2.600956013940658886e+04,6.306031483172608310e-02
1.960052339941068811e-01,4.478024423030756589e+04,-1.265048943790982733e-02
2.027787017598754737e-01,3.045664960161061754e+04,-4.804270067446906461e-02
1.960143731480459561e-01,5.256395215246737644e+04,9.848414620310591561e-02
2.030444249091976627e-01,2.952919691995379253e+04,-4.225437672183154220e-02
1.953316562078248608e-01,1.864732685838068574e+04,-4.669361970874345673e-03
1.998488204066215801e-01,4.197466925655906380e+04,-5.466189348720868618e-02
1.967537327132890257e-01,4.039531005052769615e+04,3.905651281043021755e-02
2.015543048589424624e-01,5.510764037093416846e+04,-5.161165823350920973e-02
2.017979016177518237e-01,7.213686663826223230e+04,-3.234781603223669394e-02
2.017620885306680989e-01,3.277218142746812373e+04,3.929497873518312048e-03
2.077174341906752597e-01,5.395312333959640819e+04,-9.800982576001786295e-02
2.014840932513771443e-01,2.158405213598057890e+04,4.626626327031635455e-02
2.006602562434617321e-01,7.961150239917924046e+04,-2.309253179598211303e-02
2.007782414428182227e-01,3.202609563808464009e+04,-3.830790176201286784e-02
2.038113793009034835e-01,3.078402067228441229e+04,1.457179663349157661e-02
2.005670761354480802e-01,3.648653026782540837e+04,-2.238208789157494077e-02
1.948806511932479335e-01,1.454967543466625284e+04,-7.615197425554645627e-02
2.121071094843417215e-01,2.677682921611396887e+04,6.019218134467257952e-02
2.008038365679679638e-01,3.500570022784384491e+04,-4.262106455776082381e-02
1.991494453173831003e-01,2.429033924720886353e+04,-7.703595398210184853e-02
1.990006979615606963e-01,2.003031068571760261e+04,-6.986590291760673985e-04
2.015951167217201467e-01,4.904277759223680187e+04,-6.356261049939715413e-02
2.073589617978203181e-01,2.963243587001143533e+04,-4.541731222863464902e-03
2.100640679636770203e-01,2.003186414737214363e+04,-2.295428931512360701e-02
2.008120497442309471e-01,3.907906001894419023e+04,-2.366959256357621666e-02
2.071820810844433036e-01,3.840953864099607745e+04,-2.232460192014341580e-02
1.921371231240020516e-01,4.958607761855701392e+04,-4.735900716026003598e-02
2.021567130727630057e-01,4.171194306382931245e+04,-7.233007642717437236e-02
2.033620370425394119e-01,3.111082967113925042e+04,-3.269387921127859392e-02
1.915381038265622504e-01,2.343131621703488054e+04,-6.005560370398554774e-04
2.028537625110920506e-01,3.603701932917376689e+04,-4.618217661475891578e-02
2.065854737517575923e-01,2.066686511068583059e+04,3.736406515851203869e-02
2.036509727683946946e-01,3.638878332518931711e+04,-5.057858873362925528e-02
2.028660166747495719e-01,2.168889172028484245e+04,-3.050470174300887530e-02
1.949599328624813943e-01,4.066659966230981081e+04,1.367640689195565723e-02
2.035760997184681842e-01,2.272516416398492584e+04,4.409302991150297613e-03
1.977590325144664707e-01,3.334701882174546336e+04,-2.189069101908016832e-02
1.996657495563885498e-01,2.166062315082447458e+04,3.641533576626523189e-02
2.208958360308006241e-01,5.194916411765424709e+04,1.016759956534152159e-01
1.982718770891027105e-01,4.103301709791434405e+04,2.958189277786909058e-02
1.981547529767441196e-01,3.300692286223837436e+04,5.456676649742427110e-02
2.090788118828667830e-01,4.125039896563344519e+04,-4.919067150351297962e-02
2.083001058632800995e-01,3.566438632393660373e+04,1.936784640528033466e-02
1.939370111234818561e-01,2.554509224239872856e+04,4.311346359975329334e-02
1.989734152296294412e-01,5.198927619298538775e+04,4.031920467664225523e-03
1.980189140538735626e-01,8.132052477698911389e+04,1.180781267724584777e-01
2.020565440647302813e-01,7.001806366184868966e+04,-5.075151331915860042e-02
1.976812008492921657e-01,2.066069491376614678e+04,-2.664963194374642477e-02
2.089763031230860713e-01,4.420153513872082112e+04,-5.728247725727563661e-03
2.035253620954365905e-01,2.497356012887823454e+04,1.103032496619118542e-02
2.029837611059627511e-01,1.501729004556193468e+04,-5.082111068117505653e-02
1.948444338272100063e-01,2.489377547255611717e+04,3.510415636809157552e-02
2.013570161035395656e-01,1.851128389120456268e+04,-5.552132314553284015e-03
2.065860158617154607e-01,2.386110168886624160e+04,9.637028117805571115e-02
1.995956372655163236e-01,3.431579265658180520e+04,-6.740872707793518423e-03
1.970471319223781326e-01,4.472643328667603782e+04,5.364335049020581975e-02
2.009835831155252495e-01,3.141091559297979256e+04,-2.788186635698777088e-02
2.014718128342288805e-01,1.742580762430409959e+04,7.853056919886866605e-02
2.130675866357731318e-01,4.789305686119858001e+04,8.026487004994929675e-02
1.992063982738317141e-01,1.959300688451720271e+04,-4.999314962999914375e-02
1.979473039379584520e-01,1.967096541908134532e+04,-2.348194060434662458e-02
1.997996482224500547e-01,7.572606001678538451e+04,-3.773427741690937864e-02
2.035886651882121978e-01,2.223122745906490672e+04,-6.015711339299521787e-02
2.008890752099266874e-01,4.304607335204714764e+04,-5.324505837100088762e-02
1.988746834804589192e-01,2.043779235390683607e+04,2.423842070320052916e-02
2.032717028077045962e-01,2.349175277929437289e+04,-3.253256441708331920e-02
2.054339530249928436e-01,1.866269882318848613e+04,2.199506556311714781e-02
2.013452876254778756e-01,1.846112494002297171e+04,-3.595537370280458417e-02
2.003694179535862874e-01,2.442072490681077034e+04,1.115911411680056524e-02
1.979742010174890543e-01,3.433398093827717094e+04,-6.312968333653909414e-02
1.943914014100289744e-01,4.977638693275318656e+04,-2.907593586269005548e-03
2.016892180505251986e-01,2.280646677454121527e+04,-9.795365508240110042e-02
1.958407480334627970e-01,1.299598031715002435e+04,1.168280467436401820e-01
2.068634855876313461e-01,2.349323544163548650e+04,-6.635472979732189025e-02
2.065483766160398915e-01,4.062546625834699807e+04,-3.714523666059534740e-03
1.990855077256894201e-01,1.971731652755643518e+04,9.618264095353527224e-04
2.030600802545712291e-01,4.017946744769993529e+04,-4.842516490678022006e-02
2.023957070327034591e-01,2.203325174015095763e+04,-9.138279513419059197e-02
2.005063673793494594e-01,2.484816308372647109e+04,-5.452458277640696849e-02
2.043253247089909241e-01,3.367748173410160962e+04,2.783424159902401704e-03
1.991453284676556190e-01,2.219719848716362685e+04,-7.693003219159549877e-02
1.988774056850451111e-01,2.605945807370891998e+04,-1.076227780052184911e-02
1.972065290088532430e-01,3.105532413500449911e+04,-8.256896478486479285e-02
2.040244003437397258e-01,5.020600647032963752e+04,5.581876090799707535e-02
1.916710433027553340e-01,2.707940613366138132e+04,1.284753122260484937e-01
2.022456595004787083e-01,3.465874311142793886e+04,2.020399504838264748e-02
1.962521547018631074e-01,5.170897032292987569e+04,6.411131285035089533e-04
2.092840572020127077e-01,4.853832225786255731e+04,-9.531745608604711220e-03
1.980138823802578552e-01,2.454574584055555897e+04,-2.941012232794388767e-02
2.012606574619432154e-01,4.613313803286552138e+04,-9.249002351136076383e-02
2.018873493974436273e-01,2.003896368021460512e+04,-2.162164334255873774e-02
1.992452384578106972e-01,2.294792082138432306e+04,3.386484573681210197e-02
2.035954872568360163e-01,3.384845491394025157e+04,4.909912050710588810e-02
2.021132169874752249e-01,6.136617426463445008e+04,2.727620822620165780e-02
2.000248517738613119e-01,2.914595942292539985e+04,-8.696619862607064821e-03
2.017092595828484380e-01,2.597034471237927573e+04,1.879284460288439124e-02
1.954653727810399255e-01,3.186775702565961183e+04,2.263794751897632226e-02
1.996783317485332498e-01,3.105260415141892372e+04,1.305582845650205860e-02
1.998109156711272150e-01,3.978591429683363094e+04,6.588265776988105199e-03
2.020095119839259989e-01,4.041224872432136181e+04,-3.341942140851663495e-02
1.999022064464278658e-01,2.097445882381494812e+04,2.994555823179202020e-02
1.935099008625472128e-01,1.710271941608863563e+04,-2.781877008276447544e-02
2.019658027068922945e-01,3.852060679050970066e+04,7.979121236845162016e-03
1.932641377738047173e-01,7.240593939193630649e+04,8.682073327595874260e-03
1.962167041450979255e-01,3.086033381590990393e+04,-8.380112362646351121e-02
2.019220272417049933e-01,3.149685491522109442e+04,9.760678949914371183e-02
2.029031886587908950e-01,5.672673139251855901e+04,-2.728033239242557903e-02
2.014388158568622134e-01,3.651756313844652323e+04,-1.525560161852837146e-02
2.009025831996755773e-01,2.874984071792898976e+04,1.082248694775258917e-02
1.939304367713467203e-01,4.343031386761346948e+04,-1.706318262828553090e-02
2.039133758263376450e-01,2.271232914196736237e+04,-3.130118882950964909e-02
2.069684978586001090e-01,5.015759440672257915e+04,2.507333434824784643e-02
2.059647453769558878e-01,2.096787785235743286e+04,4.284588783747644153e-02
2.021222326134121949e-01,4.921976547845198365e+04,-4.850597131609723361e-02
2.067356277083090832e-01,2.290236651269441063e+04,3.436120834569163923e-02
1.972523898381734198e-01,3.379381908481182472e+04,-1.249957403235492197e-02
1.968538515771195985e-01,1.885709653449247344e+04,-9.958622367867935032e-02
2.033021956772595173e-01,4.144985778343319544e+04,8.302016139977294248e-03
1.991146187356033215e-01,2.877279643076335196e+04,-3.947612542877580039e-02
2.051409620747705054e-01,1.792416324052460186e+04,-5.795860984955897993e-02
1.987097263288495619e-01,2.458645967850095258e+04,-5.359513648340928638e-02
2.061816609957287105e-01,4.314919965794844029e+04,-2.310103707939716727e-02
1.974876892223419722e-01,2.455296415314194019e+04,1.216778252819554311e-02
2.026254440598934392e-01,2.072573765794761130e+04,-3.382754735799470280e-02
2.024816463618089313e-01,5.661555766096683510e+04,-2.388285358098321889e-02
2.022287818052466435e-01,3.844803557447246567e+04,-1.509998348918491565e-02
2.030583999505296833e-01,1.473113958892180926e+04,2.029574392434716629e-02
1.964648105920571985e-01,2.965169471624638390e+04,-8.203114123266838642e-02
1.951678519634187370e-01,8.148891444401523040e+04,8.165390077521959833e-02
2.054959516829192312e-01,2.031429368225111466e+04,-5.106293592181601095e-03
2.060682711657425281e-01,2.576029035729936004e+04,-1.069474743932710414e-01
2.101542476462284204e-01,4.303347837992561108e+04,-4.459811651982430181e-02
1.998763244753809509e-01,2.041880116258525959e+04,-4.588754090511776990e-02
2.019733777751207549e-01,3.853247597640672757e+04,-3.763208433234743050e-02
1.963709180789890985e-01,8.835730385271622799e+04,-7.592454386251731554e-04
2.069580106604512193e-01,2.193923200366738820e+04,-3.404410081162615592e-02
2.012348517864127051e-01,3.786537312503864814e+04,2.394500792428675556e-02
2.025967207255676417e-01,2.811589630828992085e+04,-5.551070817781116745e-02
2.075701149822468394e-01,4.101555351115141093e+04,-8.634330887817943945e-02
2.070496210521486080e-01,7.870411214660384576e+04,-1.017978845263685893e-02
2.084609974009528077e-01,6.363195125615659344e+04,-4.129484195761522897e-02
1.947235990985632381e-01,1.879416854547826006e+04,2.104462765248567985e-02
1.973519648815827143e-01,3.499836460368846019e+04,-6.691847681056273256e-02
2.013071249644144689e-01,2.012214724261041192e+04,-7.975817225974608793e-02
2.035114094301147813e-01,3.870457606774130545e+04,9.289027188493249876e-02
2.002664024719214841e-01,3.488940060679685848e+04,-2.227585297269333089e-02
1.990958391440781072e-01,4.589285604298283579e+04,-4.364653291270579466e-02
2.414228340589954502e-01,5.731428634216758655e+04,1.844604564315712458e-01
2.108194458295673257e-01,3.624904085856162419e+04,1.503773337746453984e-02
2.029717764241757427e-01,1.391911765718089737e+04,-5.144097619631467916e-02
1.968044064664346560e-01,9.632333372657679138e+04,8.039612125727667313e-02
2.038228407083721438e-01,3.258150036004143112e+04,1.220688675920282573e-02
2.038682829699210997e-01,2.419560034240690584e+04,-6.916900966162278785e-02
1.996648739264679506e-01,3.325619010372936464e+04,3.187941832891610927e-02
2.010000360176790735e-01,3.219140310631898683e+04,5.507802586677894296e-02
2.044318695285380905e-01,3.740415973805294198e+04,-4.425034560873210288e-02
2.013965435115114277e-01,6.294342796379719221e+04,-2.932799096673746955e-02
2.035470223403317569e-01,2.216634538674994474e+04,4.428801196472436502e-02
1.957145975345273292e-01,3.834627245931291691e+04,-5.613034914559410227e-02
2.032286942897183479e-01,3.440463910648808087e+04,-2.896154559254741218e-02
1.950271973011162285e-01,1.985504907199203444e+04,-5.544205390008047525e-03
1.994280910694647968e-01,2.827265077664077035e+04,-9.956449218616676700e-02
1.980159381203781543e-01,2.520128588806903281e+04,4.640987272973414596e-02
2.006550830778180972e-01,2.366290347971631127e+04,6.125520948836535133e-03
2.043353775579569986e-01,3.583940762486041058e+04,-3.958123325419309751e-02
2.064016369138219620e-01,2.088538841565029725e+04,-1.062611752200789961e-01
2.066590256358444289e-01,2.871852158492382296e+04,2.846522338042511285e-02
2.041964938870706459e-01,2.160491699138828335e+04,-1.069790911126445102e-02
2.061000016109106880e-01,2.070269686014034232e+04,6.075234960104168580e-02
1.922576763910338327e-01,3.545876371367256070e+04,-1.446287435300207432e-02
2.016763538214909612e-01,2.620586214852626290e+04,-3.228564842038288141e-02
2.064843763910083896e-01,2.032734280845216563e+04,1.702292902484783821e-02
2.045953677253519176e-01,1.847425716685227235e+04,7.676507528152851090e-02
2.022627212514154782e-01,3.285492021886561270e+04,-3.178921014238789144e-02
1.998697441493666183e-01,2.465061594391944163e+04,-1.204192645357269609e-01
2.053697159931718030e-01,4.540451171512191650e+04,-1.034433647738945278e-01
2.052530567282299934e-01,2.436326527830682971e+04,3.633958328701007018e-02
1.881671315346133966e-01,5.730809580218324845e+04,5.873860708991930635e-02
2.001302555598840072e-01,3.233036964979926051e+04,-7.339756938818145504e-02
2.045532386486010878e-01,4.413089966935850680e+04,-8.778643776720730652e-02
1.982536062653933728e-01,3.321701051557660685e+04,1.450515588267233848e-02
2.006078402407552586e-01,2.397815105385835341e+04,5.984411470945204259e-02
2.070241004632045467e-01,7.562183240336879680e+04,5.445602216188692030e-02
2.017222735788469501e-01,2.289936217978710192e+04,-5.006695698611686451e-02
1.988945074767264620e-01,5.933940383506343642e+04,-4.991988032731298208e-02
2.011688173190077089e-01,2.117772934189303851e+04,-8.985871713695886553e-02
1.994954325517689364e-01,4.116629361358081223e+04,1.172087683739143210e-02
2.035074679925051866e-01,3.018512403830674521e+04,-7.120181438276819430e-02
2.033291218776097642e-01,3.185995962438367860e+04,4.292789991640367370e-02
1.970475135103400832e-01,3.639077786978814402e+04,1.818497220270727521e-02
2.041173184378777539e-01,3.499883212589063623e+04,-2.838828726056438767e-03
1.829735887937480598e-01,5.146212841290279175e+04,2.695081357803250435e-02
1.997860993997069012e-01,3.305216836309988867e+04,-3.408592748307127246e-02
2.013170588217318424e-01,3.517678311127472261e+04,1.866196093563039435e-02
2.036742410841629325e-01,2.527708340810211666e+04,-9.477222094624204729e-02
2.029946097094706969e-01,3.322304787369158294e+04,5.764527182838404679e-02
2.003756968469709021e-01,1.996800723432437735e+04,5.296744293775180329e-03
2.025399115295123120e-01,3.694872513517014886e+04,-1.411208103634816954e-02
2.022520727929428552e-01,1.717147653803867797e+04,-2.712159523622857671e-02
1.945843431614127095e-01,2.237861718909358024e+04,-1.018102206603321326e-02
1.644128910989942904e-01,4.946508441965575912e+04,-5.579738815647019429e-02
2.061617781156989959e-01,3.856847791887325729e+04,-9.174804851937841399e-02
2.018912163338255350e-01,2.591959346556414675e+04,-6.539251663732735531e-02
2.038806876778743726e-01,2.118339015792610371e+04,-5.324191695691512377e-02
1.948494821742300653e-01,1.641477056671843093e+04,-5.139096940292660343e-02
2.029326848527538696e-01,2.199821261703241908e+04,2.232113819368913843e-02
1.993226344692296537e-01,4.706784327566609136e+04,2.841021872283958170e-03
1.929741789933906437e-01,2.355396850002936117e+04,8.575795067862466287e-03
2.011015829259306664e-01,3.148219651784577582e+04,6.163758370288675674e-03
2.033004716697112413e-01,1.854091842068708138e+04,-7.878072715029732498e-02
1.967537135921643698e-01,1.604161206253207274e+04,6.826673012938759555e-02
2.010205018830396595e-01,2.485719675274250767e+04,-8.803652706828860031e-02
2.035428547588035986e-01,5.834834275706268090e+04,-7.949246620330488455e-02
1.792073452912328335e-01,5.334904902162573126e+04,-5.848181913043482873e-03
2.033726352761106304e-01,2.255408473306623637e+04,-1.939070622420560261e-02
1.852477136824347836e-01,4.342953383392019168e+04,-9.951634505546683163e-02
1.687940771730776501e-01,5.040423142586450558e+04,-6.215014535314452443e-02
1.990546048733347895e-01,5.086016605326949502e+04,2.164410744596298453e-02
1.995831387598774598e-01,2.459975023981794584e+04,4.414527882349821714e-02
2.016830473928395429e-01,2.796659312789955948e+04,-1.331421247680131606e-02
1.987462256567180674e-01,3.343949697382061277e+04,-1.429616211902610609e-02
1.945501470489001961e-01,3.196128217695376225e+04,-9.726618725073435390e-02
1.948754615936941492e-01,3.697032453599294240e+04,-1.351655529929044267e-02
2.007294266876378241e-01,2.847360127687123895e+04,2.127852327966675561e-02
2.004825147753062919e-01,5.391469792277472152e+04,-1.174146492886588705e-01
1.867862487585632281e-01,3.927388001511521725e+04,1.501863267385863121e-01
2.028404364037965091e-01,2.733818078791932203e+04,-4.265524251366348968e-02
2.051892485146533662e-01,2.303639158597657297e+04,-1.503393318803382915e-02
2.066278045381014228e-01,4.853565241693494318e+04,-9.942603132916208453e-02
1.943831390848454743e-01,3.213556279778821045e+04,-3.681779931461730271e-02
2.009728368619242422e-01,2.438666738935558533e+04,5.499077160382356139e-02
2.015991880015157722e-01,3.658026577480326523e+04,-8.910328700039488181e-02
2.014603239166519177e-01,2.700072987753648340e+04,-4.043983828715392442e-03
2.108244037483809619e-01,1.795681958873402618e+04,-2.687476808671558377e-03
2.019733439756323246e-01,3.831808892773964908e+04,-4.819801996810716554e-02
2.002931152269704362e-01,2.532870200298774580e+04,1.275273505600004430e-02
1.989814662769042453e-01,4.488112978293326159e+04,-2.141664677979144074e-02
2.091433908601751102e-01,4.385344851672232471e+04,-1.270645051872207332e-01
2.018139937736616596e-01,2.573623432122164377e+04,3.986288002837353600e-02
2.030100374648536321e-01,3.734508445621246938e+04,3.139179043082673815e-02
2.001518384179589993e-01,2.702987885395783815e+04,9.089071907340541892e-03
2.048395330633909772e-01,4.210905357567792817e+04,-7.541770118001583922e-02
2.049040130813998828e-01,8.270403525572406943e+04,-5.793523563024563505e-02
2.018846233614567665e-01,5.964189894939970691e+04,1.811950739994110104e-02
2.058183764779515090e-01,2.849381417066312861e+04,-7.027773230201991850e-02
1.996068750052821805e-01,4.048923723285614687e+04,-9.344703577023258378e-02
2.002215648495569711e-01,2.069825387265404061e+04,-1.853449483000573633e-02
2.009366776084247630e-01,3.670256918891066016e+04,-8.552346624159410521e-03
1.988976939293388979e-01,2.905366757096181391e+04,-7.220190720055965402e-04
2.036756636575907109e-01,2.987699880858101096e+04,-1.149259920377686782e-02
2.025478128965910174e-01,2.771951365876914497e+04,2.261616121448520658e-02
2.131286699252677996e-01,1.873352121075675677e+04,-1.892224100992991390e-02
2.217428017433711041e-01,5.235426585823227651e+04,9.837843196061944739e-02
2.017661392511796992e-01,4.206936647200987500e+04,5.302439484024976807e-02
2.040387776677854148e-01,7.108099413986921718e+04,3.629665593686298014e-02
2.000772831308043620e-01,2.436856863505426008e+04,-3.727394200616409442e-02
2.061683797869638402e-01,2.587767770164342801e+04,9.666043491918305600e-03
2.108557441598709059e-01,2.989721365929801686e+04,-8.418450438995049578e-02
1.987383178344692969e-01,1.695420011867787980e+04,-1.504832929844643515e-02
1.932594116576548393e-01,3.547739174244485184e+04,-5.928701193219395454e-02
2.027886366105104421e-01,4.306320807907919516e+04,3.125393952630504957e-02
2.017421262448986785e-01,2.703652629863577022e+04,-2.583000322734923040e-02
1.991235442671394351e-01,2.664607798726552210e+04,4.231347365824830731e-02
2.034015694273188790e-01,3.534170395330619795e+04,-7.216364443376226644e-03
1.996893637565987367e-01,3.955623751666972385e+04,1.673886566127363515e-02
1.944312767779729778e-01,1.501849743952324206e+04,3.369446775939363009e-03
2.054018302778217175e-01,3.862512599387087539e+04,2.240051240785229450e-02
2.011017144199970241e-01,3.878463397769674339e+04,-3.745621088004461030e-02
2.014301154259704463e-01,5.599423980693145131e+04,1.785576559244848871e-02
2.133345864089640775e-01,2.617415280674432870e+04,5.618327990191158972e-02
1.944256792560531688e-01,1.927866579457252737e+04,4.050174074144041042e-02
2.055886352427092056e-01,3.835006065094620135e+04,-9.535654694991149011e-03
1.962521547018631074e-01,5.170897032292987569e+04,6.411131285035089533e-04
1.989450258237198399e-01,3.310224457231185806e+04,1.948789968746868217e-02
2.029223660160433818e-01,3.946830140829090669e+04,-8.671200647948777707e-02
1.961416335702791669e-01,2.357870679582965749e+04,-6.049513700251235582e-02
2.079220711135955080e-01,2.697260804541032849e+04,-1.545731129103377344e-01
2.000366622615616652e-01,3.267130852418456561e+04,6.707634122122957399e-02
2.093512853634474646e-01,5.862345219820896455e+04,-2.303651935093509184e-02
1.948820002579960686e-01,2.838154512747586705e+04,-7.087403473893365280e-02
2.067290050387950440e-01,3.789609779478384007e+04,-3.311232324041783748e-02
2.008858469859915730e-01,3.021183349871429164e+04,-1.708906084916849907e-02
1.962521547018631074e-01,5.170897032292987569e+04,6.411131285035089533e-04
2.053366538757261384e-01,3.260738183004573511e+04,-2.313088763092518638e-02
1.939959162229409340e-01,2.891790481746043952e+04,6.403105237853894127e-02
1.984714732520862779e-01,3.719177797529859527e+04,-3.581906290234081885e-02
2.061318293679674785e-01,4.126412055518462148e+04,-3.083046431476603802e-02
1.967755075814207888e-01,1.607027252733565729e+04,-5.594179740846345894e-02
1.975258693163087775e-01,2.761565487464362377e+04,-6.241834725298085057e-02
2.090672435551547970e-01,2.197195146132270747e+04,-2.601699424193706922e-02
1.990848782823168017e-01,2.008733538055881581e+04,1.971025207789665196e-03
1.910483413818853948e-01,3.189530234006110186e+04,4.765133728686404141e-02
1.927514613168810897e-01,2.643359880519605213e+04,1.535858320544589324e-03
2.027057000880558291e-01,2.322121789771119074e+04,2.403806634493426547e-02
1.989539142077546008e-01,3.615661324971354770e+04,3.541896604763156847e-02
1.988606010148777359e-01,4.722654402074446261e+04,1.007525435196250513e-01
2.067892937205293991e-01,2.158029020126799151e+04,-3.665545471553979806e-02
2.024759656494713733e-01,2.568778338113093923e+04,-1.294912537909832621e-02
1.989488205284115629e-01,1.674536739130051137e+04,-2.561435910814220326e-02
2.021656531082695885e-01,2.565100641046625242e+04,8.578757675333677224e-02
2.003214479109684809e-01,1.883188632194537058e+04,-4.673938670949133456e-02
2.009534242288415207e-01,2.448771205526147241e+04,-7.712596707322115497e-02
2.032315860387366724e-01,4.095804660046673962e+04,-5.254343080782832021e-02
1.993074714301298900e-01,1.763637910353327970e+04,-3.207254325501601028e-02
1.947445155459658905e-01,3.761657441949669010e+04,3.255523433551733153e-02
2.004351270121668693e-01,2.372671721948163031e+04,-4.414284412323415258e-02
1.954897141966087937e-01,1.684309690404634239e+04,-6.104384242617258427e-02
2.060728962145912391e-01,4.149167661487455916e+04,6.931652739087468262e-02
1.993614697980828632e-01,2.204123490703663265e+04,3.791849585236464065e-02
1.980064438537556537e-01,3.322120051207279903e+04,-8.903528773816418718e-02
2.026724976815846013e-01,6.652360510896334017e+04,-5.049299793036064049e-03
1.939553181642016677e-01,3.728398050419490028e+04,-9.046026967758549753e-02
2.007610076441147529e-01,3.247026414161951470e+04,-9.129826502955322443e-02
2.414228340589954502e-01,5.731428634216758655e+04,1.844604564315712458e-01
1.981983812926907396e-01,5.636666047458797402e+04,6.853243008226247990e-02
1.976717483001623199e-01,1.870792411745046775e+04,-3.001872761376993184e-03
1.974688118065804077e-01,2.339678265560140790e+04,-8.012402141726654436e-02
1.908301478486875702e-01,3.146091201955683573e+04,8.598192469224255619e-02
2.006887273526551108e-01,5.319972789733987884e+04,-2.514138641737570859e-02
1.969308698921934386e-01,2.585837975184848256e+04,-6.219980856362016669e-02
1.877367924440923597e-01,4.209842329344074824e+04,1.452765981227698011e-01
1.886514168055555274e-01,3.760362601806101156e+04,-1.063678748755275821e-01
2.414228340589954502e-01,5.731428634216758655e+04,1.844604564315712458e-01
2.010149716595858449e-01,6.009907165697839810e+04,-5.511735995000641153e-02
2.049409177101867707e-01,2.349357399229335715e+04,5.571376035903830015e-02
2.046419055947297505e-01,2.281592948440121108e+04,-1.988335227748499329e-02
2.036754200390027969e-01,2.047135375875206228e+04,-4.392531406379160397e-02
2.062011432719938475e-01,3.300040343342503184e+04,-4.889285497864534480e-02
1.977656989823930733e-01,3.692981047033691721e+04,4.811452400875472490e-02
2.073074958179959015e-01,2.866463242019892277e+04,-2.157294860116936146e-03
2.022837469122954757e-01,2.536111631993883930e+04,-9.638132749708207270e-02
2.022330258197706510e-01,2.542241706891356444e+04,-6.502517564360010827e-02
2.074486379437795180e-01,2.972133385907173215e+04,6.787849564283532366e-02
2.073962119045673069e-01,5.091597847262707364e+04,-8.042917434926679862e-03
2.011023060620290570e-01,2.408246081057317497e+04,-9.886113964987312819e-02
1.996308771806052929e-01,1.758119537447903713e+04,7.192054556861554593e-02
2.036356861362938198e-01,6.051593393133844074e+04,1.820396557182642205e-02
1.998515743574305059e-01,2.337699409909978203e+04,1.027437399259052697e-02
1.804008702082145477e-01,4.807379276481081615e+04,3.101036603724769553e-02
1.959926220018377574e-01,3.151535259701526229e+04,-2.699811866945146105e-02
2.001914924292040876e-01,4.004940405717548856e+04,-7.632724295574833291e-03
2.044876098851799440e-01,3.909547378981727525e+04,-5.134403182518396114e-02
1.899258644253009609e-01,2.271944735689363733e+04,-6.000287805288115339e-02
2.051425230105961839e-01,3.502102944406781171e+04,-4.458357873596755644e-02
2.022016540957830566e-01,4.471191998996640905e+04,2.568438618564979764e-03
1.976873707277778947e-01,3.196751626305194077e+04,-1.178620792860498971e-02
1.974456539495464957e-01,5.118666452765098074e+04,1.265895486052946196e-02
1.991933335386274484e-01,4.475926643439813779e+04,-1.076900042851529696e-02
2.053162280115806149e-01,5.138175642802906805e+04,5.193760071650845023e-02
2.036980876681311892e-01,2.429841160080588452e+04,6.614277422361201572e-03
2.008260421758875092e-01,2.432512201087638459e+04,-4.037398555172015679e-02
2.022879243157464368e-01,4.632643343264113355e+04,-4.181461640452952683e-02
2.014704323377724537e-01,1.383300433106876699e+04,-3.700338799665278677e-02
1.985785803441396935e-01,4.201136620568743820e+04,1.019230640701585498e-02
2.001347600769914081e-01,4.676426915334042860e+04,-3.982459895378560183e-02
1.979912556826590453e-01,2.994360599581283896e+04,1.054847781367016651e-01
2.020460667070058391e-01,3.594340227486231743e+04,-1.290107634758846065e-02
2.047036502622435195e-01,3.011675754184152174e+04,-1.365903937202036372e-03
2.019502051197034354e-01,2.937994457081264409e+04,2.613010385124077059e-02
2.050938509864549952e-01,2.081300589257285901e+04,-3.368708951570817400e-02
1.933764519714377961e-01,1.548533421111020107e+04,-3.188230904447444947e-02
2.021921745375830082e-01,2.347142844373119442e+04,4.228091874283705642e-02
2.031988699187640968e-01,2.290377960727609752e+04,-3.617619095974590471e-02
1.986511652496765479e-01,1.587268206069288317e+04,1.158041697792406705e-01
2.061893652546012978e-01,4.565245249284883903e+04,-4.039750964137206468e-02
1.625786954431433229e-01,5.170442181360862742e+04,-1.067973078009817715e-02
2.036090164147224268e-01,5.176076876993056794e+04,2.080779481426877839e-02
2.059227101715528085e-01,2.083019024687605270e+04,-2.283654898184930436e-04
1.996024058951128555e-01,2.189542304304741629e+04,-2.515978420566390011e-02
1.984306811024331985e-01,3.815292337585506903e+04,8.376370882306968108e-03
2.012182513579643672e-01,2.446744132220855681e+04,-1.835175047509454357e-02
1.930931311026891362e-01,2.617094339050116105e+04,-8.234349087201383449e-03
2.014590386927606613e-01,2.503022981070505193e+04,-1.405999800211609474e-01
1.625786954431433229e-01,5.170442181360862742e+04,-1.067973078009817715e-02
2.076025152946135710e-01,7.036700569344218820e+04,-1.596094897256286615e-02
2.016724196971593497e-01,2.640354665344551540e+04,-3.727944336459464852e-03
2.040080613633848128e-01,4.445132871023756161e+04,1.221282513242152173e-02
2.022167542107515814e-01,1.500600841118446624e+04,-4.040546158774055430e-02
2.040549643050614259e-01,1.787744862183507939e+04,-4.219092564511579824e-02
2.044392826123236917e-01,2.370397890049817579e+04,-3.650536002578742834e-02
2.014082525822247505e-01,3.249712226625706535e+04,-1.374453296972455787e-02
1.969891963746994989e-01,3.240903996294011813e+04,4.534321266008778384e-02
1.949574689810080474e-01,3.217682691989339219e+04,9.905957185431032985e-02
1.977324069572989340e-01,6.662363981317043363e+04,1.331900283247047269e-02
2.044084513779735601e-01,2.177667915809796250e+04,1.028223828440653562e-02
2.002037388464114609e-01,2.803034326940605388e+04,-3.536945529724724868e-02
2.008454100717620983e-01,5.118221021671697963e+04,-9.815745503366961333e-02
1.950097012503379246e-01,2.750946083963358251e+04,-6.687004532779919352e-02
2.034156553205657969e-01,3.655743172461021459e+04,-6.934188595775822583e-02
2.027439554957669865e-01,3.490949278060161305e+04,5.759019419095764807e-03
1.987027480054743833e-01,2.372796947217604611e+04,6.385208988524965212e-02
2.064395672722248998e-01,2.011094927891712723e+04,-2.456504353852170808e-02
2.030040152153425592e-01,3.305201176518225839e+04,9.829697619521203522e-03
2.066041249939715718e-01,3.936890146063944121e+04,-1.490042069786305656e-02
2.002908626272020542e-01,4.106503474395048397e+04,-6.009362581624849708e-02
2.059702900377619883e-01,4.088130465209209797e+04,4.809611325082879807e-02
2.059833938038960754e-01,7.143327102843327157e+04,6.503431154193504982e-02
2.007900745141804333e-01,5.966360361647138780e+04,4.713854819035592086e-02
2.054333741259846413e-01,2.144059212704473975e+04,-5.625838779615856960e-02
1.886144952009467524e-01,2.351314932211832638e+04,1.196489449476568906e-01
1.984366536207347320e-01,1.595601380770676042e+04,-6.682577914375928407e-02
1.962852609367115031e-01,2.217525545063711616e+04,-9.455331227645871750e-02
1.965976627002406496e-01,5.452920008426294953e+04,-1.335167688151442725e-02
2.019043379503400737e-01,3.683417739293781051e+04,-1.397931726570126806e-02
2.003253195250079000e-01,3.311328488762403140e+04,-2.825515771607006038e-02
2.047352386060854457e-01,3.278893203534909844e+04,5.854123842970515579e-03
2.034949933462830984e-01,3.024828874824661034e+04,5.699909846180774980e-02
2.034622685019501498e-01,2.226045561985368840e+04,-1.824901509816315159e-02
2.003728779468699761e-01,2.999039692691835808e+04,-3.823387882110143576e-02
2.090669492187408052e-01,7.189302123826109164e+04,-5.187881870228951836e-02
1.982444695959305891e-01,1.800980877496808534e+04,-6.328278132653851473e-02
2.046076157225211190e-01,2.893475379147085550e+04,-6.017198998594262827e-02
2.037513650203954807e-01,4.057407629821804585e+04,-3.554103670921175684e-02
2.045145530090735908e-01,5.201174984575393319e+04,-7.427670468223246565e-03
2.047304280812314303e-01,3.101275407674548114e+04,-4.655480228739689030e-02
2.004674520742743549e-01,3.819077802639638685e+04,-2.264682802794072691e-02
2.036294218164371728e-01,2.262995238388805228e+04,8.023353648160037876e-02
2.051579616387956551e-01,1.567949788648046160e+04,-2.976596611860869018e-02
2.023917515466960027e-01,1.688737858212372521e+04,-1.252543633803337997e-02
2.019905021675735268e-01,3.460359104225136980e+04,-5.019794470227351840e-02
2.071896918226427964e-01,2.010058276592950278e+04,2.001970976990433485e-03
1.981594503546723618e-01,6.350414490579097765e+04,3.393129035402877181e-03
1.994939486511048132e-01,1.878509350594976786e+04,-1.677473381091910618e-02
2.087474192427492270e-01,3.020443858157767681e+04,-3.464900454741552671e-02
1.984444777829020568e-01,1.829071725502999107e+04,1.354986400284290404e-01
1.954183118424513699e-01,4.919090705832559615e+04,-3.742682999095431340e-02
2.034428848550580149e-01,1.348935432836781729e+04,-2.196731095787836027e-02
2.018166025370456695e-01,1.683824175478760299e+04,2.796402289902053320e-02
2.002730451928793065e-01,2.604267356052938703e+04,-3.309544739497477517e-02
1.981698566603571354e-01,2.545129605663140319e+04,-5.493791739299073995e-02
1.999743891478427127e-01,3.242234630307648695e+04,8.645990223751368053e-02
1.976147400907472540e-01,1.344936239064126858e+04,6.805898608566640640e-02
2.010468949218059964e-01,3.589534798992393917e+04,-4.555565117015755033e-02
2.025157714288450816e-01,5.146647598547812959e+04,3.530654739048982426e-03
2.006850377541387342e-01,4.000362238907439314e+04,-3.919330051550706101e-02
1.984001975949508945e-01,3.436702817831409629e+04,-8.772956870294819007e-03
2.020700321846691794e-01,2.375180337508872617e+04,-6.873971430766070978e-02
2.039064958647877068e-01,3.920968814012319490e+04,-6.573359908367258642e-02
1.977509064035651021e-01,6.934675137741828803e+04,-3.211555864654466047e-02
2.019767152136659194e-01,2.497269104578243059e+04,-5.127605231198698738e-02
2.016247697192910804e-01,2.805385089022952889e+04,-2.650126931670469116e-02
2.013135672343353832e-01,7.982342062952599372e+04,-7.166612322392211173e-03
2.096036965301743271e-01,3.008782916855156873e+04,-9.297486798575069211e-02
2.011855184861109924e-01,4.490414979509187833e+04,-2.086858271913721169e-02
1.978812916416095857e-01,3.464997261925222847e+04,-8.434989056317931944e-02
2.004012166146800222e-01,3.872094508981196850e+04,-2.269414345025362253e-02
1.991918433754821249e-01,7.529726517583159148e+04,1.115332842180255350e-02
1.996753170524013243e-01,3.005291347703494830e+04,-5.630644836318372164e-04
2.003421635874453044e-01,3.209945276440297312e+04,7.315210234344286799e-02
2.040708175687649395e-01,1.599482242756700361e+04,2.998544569557135518e-03
2.018326585475904711e-01,2.657008227560597879e+04,-2.314551885144739210e-02
2.029030932241844554e-01,3.874179183469440613e+04,7.861811945082645969e-02
2.024110359151196914e-01,2.700384897429302146e+04,4.243513873286593185e-02
2.038748035395498426e-01,3.983406947473325999e+04,-3.897293861424969141e-02
1.989869002063720804e-01,1.562925211931513695e+04,-6.003138861800253606e-02
2.023569859431045281e-01,5.251217409988162399e+04,-2.054170499504458323e-03
1.946027524556063759e-01,2.550640375754894194e+04,-1.527707637459716286e-02
2.017955029068070616e-01,1.503472540924962232e+04,-1.650868135500288200e-02
2.040624816711076317e-01,1.569461195509754907e+04,2.333962319994133464e-02
2.001238041539070978e-01,5.930666289731585130e+04,-1.957410695241175794e-02
1.993933798548049308e-01,3.077163137056838241e+04,9.922215814918662613e-02
1.979828373650187323e-01,3.321361694186938257e+04,-5.437104144172172360e-02
2.020375034930258218e-01,2.200878685430106270e+04,5.280072629034641279e-02
1.944874707162231042e-01,2.519874673896605964e+04,-2.147566335197803253e-02
2.028261697787739626e-01,3.304876109666188131e+04,-3.413090499661552979e-02
2.052321689119311343e-01,3.933648814754755585e+04,1.345052288763299783e-02
2.019708909235496674e-01,7.188584010947604838e+04,-2.998868451690249806e-02
2.032257925617670935e-01,4.324687075120346708e+04,2.643528127575557607e-02
1.935808326192498263e-01,4.030304884734706138e+04,-7.129643791216465354e-02
1.974797029269053650e-01,4.239952112457355543e+04,7.900659113362114294e-02
1.980670894135923565e-01,3.869918240518207313e+04,5.404591262802896368e-02
2.280337316066082531e-01,5.201039663072406256e+04,1.081471266616247789e-01
2.017327320087626552e-01,2.384985194339862210e+04,-7.655635229283681842e-02
2.062087779148013833e-01,2.870096356952957649e+04,-2.636416456881563591e-02
2.037340199765434734e-01,4.587921648385126900e+04,-6.383322904906812978e-02
1.971222000613799541e-01,3.684191491699438484e+04,2.373753907261220639e-02
2.015887578107039557e-01,3.802552818395536451e+04,-5.127902675202063165e-02
1.969685944465942307e-01,2.102996850502157395e+04,-6.255876316273910331e-02
2.000635453576273537e-01,2.342307322636611207e+04,-3.202979114113799902e-03
2.006966485529587674e-01,6.163236744119848299e+04,-2.873848099354043770e-02
2.040840530249449503e-01,2.966690762522470322e+04,-5.426032303065238954e-02
2.027186222088901424e-01,3.795412598821408028e+04,2.458481072477757684e-02
2.042990366842552807e-01,4.646160766268473526e+04,4.479437621320129376e-02
1.677211781619521724e-01,5.197826944436837221e+04,-5.008553280655478335e-02
2.015181965404856390e-01,2.239539302125421818e+04,-4.685516256493574977e-02
1.839386869103240008e-01,3.670584772414134932e+04,-2.249696586249397279e-02
2.026217045290753804e-01,1.734059493734118951e+04,-1.041835564741336734e-01
2.010103081912789913e-01,5.099539773365031579e+04,-1.407472982214700297e-01
1.993068278174552621e-01,5.235438346070992702e+04,3.085766053459950559e-02
2.013873623734329099e-01,2.685484304568971856e+04,-7.120598360469354571e-02
2.029982882046029169e-01,2.267760254897221967e+04,1.546328121776453476e-04
2.039269226234038390e-01,1.773646904854671811e+04,-8.269916076572343677e-02
2.001747492830994180e-01,2.439178984250562644e+04,-1.868710810770730230e-02
2.010739837237388861e-01,2.237430082646533992e+04,-2.935273920737144215e-02
2.014403905641149184e-01,1.999050048274156143e+04,-5.373451726902738618e-02
2.002049891758644062e-01,3.456543684756336006e+04,-9.574969553412833456e-02
1.887725477820025866e-01,8.578553949959832244e+04,8.640863136396592648e-02
2.039093618354294035e-01,2.708567501704494498e+04,-1.021345749841546559e-02
2.026336813086584421e-01,2.149267836134714889e+04,1.306965524089764158e-02
1.998054616468895317e-01,5.936259415359099512e+04,-2.530697542078953755e-02
2.079695290766746252e-01,3.207101186451678586e+04,-4.375944587432615412e-02
1.948019391550045998e-01,3.846841629823793483e+04,-1.586195760773810928e-02
2.015829068741523955e-01,3.479248247820258257e+04,4.464695143404800309e-02
2.020780820277512657e-01,4.659008845322539855e+04,-1.153888982696545280e-02
1.984743440781955859e-01,3.271406314136414949e+04,-5.703531455652580823e-02
2.033030988944906914e-01,2.551773901523841050e+04,-1.969166419756865610e-03
2.072810733856230436e-01,4.061124443329425412e+04,-3.113188633236469230e-02
2.041957703552933767e-01,3.656722983193635446e+04,-7.572706690937462681e-02
2.018276358467442078e-01,2.120148510666991933e+04,6.754028348645065016e-02
1.999954957588735149e-01,3.438819450126575248e+04,-2.356725117860528074e-02
2.005874682112854523e-01,4.328023569933271210e+04,-5.950422325800819312e-02
2.010986068722646902e-01,2.925988784370109352e+04,2.632150343800562873e-03
2.045308711469493168e-01,1.399003984089736150e+04,-4.371981810934932183e-02
1.984682562981349152e-01,1.796731066027379711e+04,7.757034803067883177e-02
2.017108732463188669e-01,3.031922439731245686e+04,1.199987138397725500e-01
2.042610419365679941e-01,2.574930124824043742e+04,-7.102183571666245698e-02
2.015479495221185191e-01,2.075707964189897757e+04,-7.774260175584186972e-02
1.952507604370555816e-01,1.871029433059923394e+04,-8.508532610078708980e-03
2.018438019335519196e-01,3.269643564322679958e+04,-2.224863186704352513e-02
2.026889129736325901e-01,4.044633572202637151e+04,7.859653676075199769e-02
2.035051452473888856e-01,5.439943995758096571e+04,7.279074758694954739e-02
1.883109721474096054e-01,2.920149059549279991e+04,1.109183514819814531e-01
2.002385798851657461e-01,1.715203934988503897e+04,4.704279182722722469e-02
2.026465846617920563e-01,3.943180009303790575e+04,-1.233622499780871740e-02
2.017641312332315029e-01,3.137094948050911262e+04,3.186551199166487262e-03
2.005919742878091161e-01,2.981009723140249480e+04,-9.874322212311756330e-02
2.084569841465792883e-01,4.921052254558067943e+04,7.683640004270445023e-02
2.022710424832843135e-01,1.930650286538273940e+04,-1.675462083332118421e-02
1.977854618059947112e-01,1.846233456646778359e+04,-9.370404238010621167e-02
1.974584596910078094e-01,2.741608424155773173e+04,1.235570845168548759e-02
2.060759794227416952e-01,3.070135152574682070e+04,2.517337055632606208e-02
2.043165249755485857e-01,3.587291490370183601e+04,-3.306314178011567767e-02
2.024053690613590584e-01,2.537521248125372949e+04,9.129633695455054501e-04
2.046702688145272953e-01,4.171140187866966880e+04,2.531739475955670921e-02
1.950626392724866542e-01,4.302308987829150283e+04,8.464573928938258496e-02
1.993110067570519894e-01,2.069299610808320358e+04,-1.147744631696350458e-02
2.007941822936366583e-01,5.636460538191199885e+04,-2.986863701554399834e-03
2.031503485010563437e-01,4.284263435763075540e+04,-5.928503760845818538e-02
2.006860331151841537e-01,1.759598946376866297e+04,1.281079078013822037e-01
2.020089181649915300e-01,6.383214243097222061e+04,-5.896028693357484307e-02
1.975092274105673396e-01,3.924912138470391801e+04,-6.520948262795793308e-03
2.002304401898970521e-01,3.834169611353834625e+04,-1.421584755669484494e-02
2.005130883007890941e-01,3.198196857061799528e+04,-8.406713625266584722e-03
2.002471786673661602e-01,2.152105667071848438e+04,-1.266453748266554297e-02
2.044458528824402155e-01,3.226035683929785955e+04,-2.194840495389624099e-02
2.037144204379013612e-01,2.704466732561825847e+04,6.027989434373179009e-03
2.022691038080973447e-01,2.520045005818522623e+04,-3.608381678423073363e-02
2.126649735571292665e-01,2.380429635410838819e+04,4.230782781590733399e-02
2.008702442338884120e-01,3.203572750128368352e+04,2.973324725708665749e-03
1.994107435584904775e-01,3.183152287897921269e+04,6.930295316075470169e-02
1.977590411625057831e-01,1.653812217003440310e+04,6.226416871581037793e-02
2.047061699699864179e-01,3.282906197754949972e+04,-3.884665018505269185e-02
2.002673469161044550e-01,4.745684134509626892e+04,-3.489573094844154039e-02
2.229052807049452245e-01,5.332641376220893289e+04,6.539028620769339606e-02
2.064988374737934951e-01,3.039369265174175962e+04,-8.583706051863780606e-02
2.040564344111466533e-01,2.642151279032468665e+04,-1.325912743429290188e-03
2.078000143921709952e-01,2.647700386822308428e+04,1.770496392538158797e-02
1.994135207222504369e-01,3.065369736637565802e+04,3.485488229924017800e-02
1.938979110955443841e-01,1.652956045381613512e+04,-4.609831573319581044e-02
2.049957761947671375e-01,2.866124640406804974e+04,-1.345505596754797278e-02
2.010598873833424616e-01,4.116334892894037330e+04,-4.713054563043114764e-02
2.229052807049452245e-01,5.332641376220893289e+04,6.539028620769339606e-02
2.084407731906807171e-01,6.357997193500088179e+04,-7.258275635566982520e-02
2.032176107959734190e-01,2.530087469891491855e+04,-2.171970061363938387e-02
2.017616343079277619e-01,2.277568915562506299e+04,-4.314142951711094631e-02
1.982152361326914303e-01,2.602314186881630667e+04,1.528654960523450068e-01
1.997324506293896851e-01,4.560194025972344389e+04,-3.163658509781865080e-02
2.116630624073386757e-01,4.947005289689764322e+04,-5.615583784124310307e-02
2.013192014899630178e-01,4.968470892308003386e+04,-7.164120927394741767e-02
2.064286636911579487e-01,2.167039078025978233e+04,-4.399249064307948764e-03
2.019025774790009498e-01,3.803505286336578865e+04,-7.595578300924198112e-02
2.086785281070891174e-01,3.390977328267185658e+04,-1.182647952352940124e-02
1.956615412330101889e-01,4.098767704569142370e+04,-1.041775738801625772e-02
2.085570310861006860e-01,2.598845683191097487e+04,5.034736009747417529e-02
2.006441021061005359e-01,2.593249515843394693e+04,1.578205474847619444e-02
2.043023025401699277e-01,2.988324232001704513e+04,-5.620278564010732641e-02
2.053999211595381458e-01,3.293093607245303428e+04,2.498398720973523182e-02
2.000889105585758887e-01,2.939412418802670436e+04,-7.852309157063019907e-02
2.039305391613857599e-01,2.813080383937441002e+04,3.290258027244948036e-02
2.029922821377984077e-01,3.688150012333902851e+04,3.111657923825554214e-02
2.007149374258913599e-01,3.435514390864288725e+04,-6.106834938660249401e-02
1.983305713927925595e-01,2.185347644987533204e+04,-5.132035242277841608e-02
1.997303269697993655e-01,1.942379248243314214e+04,9.287530618810926550e-03
1.883572300957644940e-01,6.328888363990680955e+04,3.638783161760291568e-02
1.954774831040671512e-01,2.665243324047345959e+04,-1.270354848302358147e-02
2.072519360051162662e-01,2.761718215889489511e+04,-1.308772645070442053e-01
1.997701175980829136e-01,2.547758365407691599e+04,-6.673083206505515952e-02
1.973255947083853434e-01,3.139321970708720983e+04,1.161288732770283799e-01
2.069612875064486268e-01,2.784327296082254907e+04,-6.399147048561056039e-02
1.960346816395850122e-01,3.489340119200770278e+04,8.317658172910384617e-02
1.940112148882555121e-01,1.597990322266728617e+04,4.940341085009598149e-02
2.016033300235636483e-01,2.472776930412198271e+04,-8.243819880493578889e-02
2.006034236055949938e-01,2.460180716810849844e+04,-2.800428249864638994e-02
1.976016233668213273e-01,2.941850020058568407e+04,-4.241253885271700080e-02
2.042207817297510275e-01,4.225677327559381956e+04,-1.919713017324525817e-02
1.995080613337547881e-01,3.057814947545117320e+04,6.355758452066558040e-02
2.055980177607569237e-01,4.734367348998753005e+04,4.948992958306348833e-02
2.004345706720534193e-01,2.007941410018585884e+04,8.683840428973580577e-03
1.823169940195940308e-01,4.659912616038286069e+04,1.195191477475670561e-01
2.042090191011019518e-01,2.292552701215099296e+04,-6.591243282657374691e-02
2.009993819757475986e-01,3.735667943370471767e+04,2.941464632175306432e-02
2.075257221752034587e-01,4.411259703408442147e+04,2.021077515359005067e-02
1.947875334901846556e-01,1.775248020248249304e+04,4.634785048404892194e-02
2.020535800783843372e-01,2.175073857812763163e+04,-7.366143164198913490e-03
1.956833110502494144e-01,3.067003168938076124e+04,-3.514004265897891638e-02
2.034213319225736394e-01,2.950026657968856671e+04,-4.940607549000736870e-02
2.031168113672471576e-01,3.437381160857832583e+04,-2.237932311241741523e-02
1.926863041926539788e-01,2.703820177569476073e+04,2.772263647727393754e-02
1.931176713124646838e-01,2.776653799616215838e+04,1.943656930778001751e-03
2.008303751551440697e-01,3.714812550929006829e+04,-3.619442151902924759e-02
1.994159394689587750e-01,2.099384655093341280e+04,-5.617596916207098778e-02
2.013665080547626662e-01,1.780024362148917135e+04,-3.229685343849829360e-02
1.983311665943059687e-01,2.361268939304732339e+04,-6.123470928952905179e-02
1.940758342696131677e-01,1.541985807283126633e+04,4.635998128650824918e-02
2.008610384666403015e-01,3.444847705262865202e+04,4.221770669365437073e-02
2.031089618489726745e-01,3.011723888923137929e+04,4.361258417561612866e-02
2.013375181725063912e-01,4.007857354182870768e+04,-3.363601931978342507e-02
2.100724976588597970e-01,2.897998725612452836e+04,-2.329023222034056276e-02
2.011620000459050650e-01,2.508976073761927910e+04,-6.920990384780202620e-02
1.947199809429795148e-01,3.491313886480183282e+04,1.045250630067485614e-01
1.966292677572044900e-01,2.064481785958245018e+04,-3.032762670671697042e-04
1.677211781619521724e-01,5.197826944436837221e+04,-5.008553280655478335e-02
2.044974460962201146e-01,3.458929298957263381e+04,1.935421741404429533e-02
1.986760440957772433e-01,3.804955514093594684e+04,3.426093092257310579e-03
2.006895281597824710e-01,4.044318154270002560e+04,-2.643881906304806212e-02
2.067351991075359607e-01,2.176605317169532282e+04,-3.507456539003693530e-02
1.800429408503138595e-01,4.474938821068828838e+04,-6.242269003039836728e-02
2.033131912092767390e-01,1.941324266510937377e+04,7.601759468468411232e-03
1.937264533299183633e-01,3.286648530694721558e+04,2.429432290489281707e-02
1.999836759668456032e-01,3.450468359316220449e+04,-5.290448596962316757e-02
2.068153007528730769e-01,5.542351353759803169e+04,-7.672206096937659280e-03
2.071722467796271450e-01,2.152700550298134476e+04,-3.443568255768103548e-02
2.007985788390031501e-01,3.120455566074163653e+04,6.474000572867245548e-03
1.985009822090559317e-01,3.647126085451582185e+04,-2.742584712987412507e-02
2.036276572665330908e-01,2.530578032627497305e+04,2.310405591688790162e-03
2.075059450492186541e-01,4.112329608831720543e+04,-4.806561177015304664e-02
2.035490314705249437e-01,1.959874486663179414e+04,9.967584485606001410e-02
2.028047907486156265e-01,2.527523757722815208e+04,-9.818712999277218537e-03
2.017595205839437522e-01,5.133064084897351859e+04,1.649394869566557509e-02
2.018908842929340308e-01,5.926926941076955700e+04,-3.082677119152655784e-02
2.045992298706604817e-01,3.786468706970005587e+04,-6.841956246059663349e-02
2.023765544834375540e-01,2.582173842825172324e+04,3.110121154570462051e-02
2.011806026885660792e-01,4.770751549092023924e+04,-1.937804061372425460e-02
2.027596579639091290e-01,2.908416858018407220e+04,-1.538714695327880744e-02
1.997651151906655875e-01,2.662641773172772810e+04,4.459394794031975445e-02
1.766871390606947756e-01,4.954783036948836525e+04,-1.829694400013723299e-02
2.034926644395614881e-01,1.967884065062678565e+04,-5.738320702039073629e-02
2.029725770693624198e-01,2.031175012071214951e+04,-5.738523590399539909e-02
1.985415888097067649e-01,6.641056242737453431e+04,-1.399795298897780517e-02
1.946277697668293560e-01,2.818666119383055047e+04,-2.365582627817739217e-02
1.923924226634513845e-01,4.966216561358244508e+04,-4.222101905054277682e-02
1.991232403091733605e-01,2.294273767578425031e+04,-6.703502533398046637e-02
1.951328197876402715e-01,1.887872491613803140e+04,6.924334765254315516e-02
1.998719406486271499e-01,2.404934083041179838e+04,-5.994512565834260454e-02
1.974547736014190813e-01,3.068347378162864698e+04,5.331061456710071977e-02
2.035866225318991862e-01,2.182883119059858655e+04,-3.227371894790699363e-04
2.051375879248162615e-01,3.885706994342477992e+04,-3.331583476664384813e-02
1.977804123726220331e-01,3.424509060442851478e+04,8.289710346671705365e-02
1.958419987393758277e-01,3.229928817850850101e+04,8.211175483898918576e-03
2.084974056941839293e-01,1.905345201768345578e+04,2.248567454640539379e-02
1.989847606502304633e-01,4.046463275535524735e+04,9.884644602181237583e-02
2.045974481310809667e-01,4.198502729932116927e+04,4.433107982147109494e-02
2.046119088133091235e-01,1.407393896680672515e+04,1.798036984053002704e-02
2.051428379851177042e-01,4.089758123417598836e+04,3.421890944650761608e-03
2.025478877222360585e-01,3.136875164194327590e+04,4.010599827865467260e-02
2.000176605585052558e-01,4.425135589443908975e+04,-4.853293054226264641e-02
2.056096147696625243e-01,2.699593608684418723e+04,1.405979030169907974e-02
1.984238911675234307e-01,2.246855342239091260e+04,3.828860080557724282e-02
1.992088722463793704e-01,3.772874369332058995e+04,3.846441375140362273e-02
2.031770542028011606e-01,2.249283661638749254e+04,-8.062309116032626141e-04
1.980784113484957143e-01,4.087423565836827038e+04,2.601638077025398774e-02
2.033443567309206057e-01,3.506063552704076574e+04,1.126276988378660526e-01
1.792073452912328335e-01,5.334904902162573126e+04,-5.848181913043482873e-03
1.984496454750301342e-01,5.972340723726006399e+04,-5.167590685558436786e-02
2.065402430026672398e-01,2.796057032089257336e+04,-1.979387905619025764e-02
1.875156130659101916e-01,4.160079807856917614e+04,1.891126713179658025e-01
1.962521547018631074e-01,5.170897032292987569e+04,6.411131285035089533e-04
2.009822829959967416e-01,2.169568327552948176e+04,-8.122606077291426308e-02
2.061733604121847863e-01,6.213776707983113010e+04,-5.299641372906782610e-03
2.068040588590409068e-01,1.682110141946743533e+04,-7.203090988057546037e-03
2.044229921629918956e-01,2.691473439992968633e+04,-1.175068521534982161e-02
1.962874729060510859e-01,2.402595931415803352e+04,-4.419738239783051886e-02
1.961819445786754379e-01,4.019479378941982577e+04,-1.751921521928510644e-03
1.990391173007804992e-01,1.958224608458595321e+04,-1.593998152451916658e-02
2.081785142424567303e-01,4.079607087760355353e+04,1.090836571920082883e-02
2.025825025236137888e-01,5.092627509399998235e+04,-7.182781154494939646e-02
1.855341870197582677e-01,3.809548131351782649e+04,1.014011600301357868e-01
2.048355403745123204e-01,2.017422529780465629e+04,5.309344644248521761e-02
2.046717734240758590e-01,2.206234999196202261e+04,-5.578357018388635513e-02
1.981756478944950439e-01,2.083215204396988702e+04,-7.457710043881140248e-03
2.016602177067045587e-01,4.605385677365965967e+04,1.171255617031514290e-02
2.019192184628792186e-01,3.071237252822640949e+04,-2.049246638749108868e-02
2.039326701786619567e-01,2.360202372810185261e+04,7.506821949863377863e-02
2.015817411929794467e-01,2.616872826224804885e+04,-8.642460900948223390e-02
2.039648955471820846e-01,2.130228056470352385e+04,3.298028303529212252e-02
1.998004057886889617e-01,3.151881910267486819e+04,1.197045132829169939e-02
2.061787345025151430e-01,2.355296530288134090e+04,3.766662944930491280e-02
2.041254391819167513e-01,1.596090557076754158e+04,-1.264801033788873208e-02
2.024232705068495508e-01,1.744448905755246233e+04,-1.320565901568901933e-02
1.979616159615660287e-01,1.690707974896119777e+04,-2.528161476085958106e-02
1.832464101941027323e-01,3.941279953081190615e+04,-1.108985925053296642e-02
2.013624246035346232e-01,4.642590679854889459e+04,5.833466387371264578e-02
2.052467586375877617e-01,2.135945967788518101e+04,-8.383333497810268459e-03
2.067116831840395130e-01,2.773666485192877735e+04,-6.243369025319793486e-02
2.032198502089118675e-01,4.550159016751791933e+04,-3.731476285167175527e-03
1.991761376725851296e-01,1.765461003298540891e+04,-1.921127612535839316e-02
2.024118322876586884e-01,2.702130238242640189e+04,-6.806158257483463370e-02
2.010505784404763852e-01,4.225244981448052567e+04,-6.245791987340704177e-02
2.021802249842233612e-01,3.357737809004384326e+04,-6.170084179032708782e-02
2.018233298264140996e-01,4.250466220116840850e+04,1.648689060896977795e-02
2.083012967777185531e-01,4.625288054306525737e+04,9.017660710130875890e-02
2.045177229751101444e-01,2.435725904188577988e+04,2.332706945668411649e-02
2.004329459527637303e-01,5.193782217587085324e+04,-5.178328005808457285e-02
2.032407075554319431e-01,2.718819518233791314e+04,-1.393705715974612007e-02
2.082889319603375700e-01,2.562243181636497684e+04,5.925583428431685507e-02
2.130675866357731318e-01,4.789305686119858001e+04,8.026487004994929675e-02
2.004452727505544041e-01,6.805336956814528094e+04,-1.123484338758133638e-01
2.414228340589954502e-01,5.731428634216758655e+04,1.844604564315712458e-01
1.976034469432175478e-01,1.818991295449620520e+04,-8.191119915422951162e-03
2.004185165186788964e-01,2.360434591168575935e+04,-3.649077058270681212e-02
2.023706406431649840e-01,2.659722209912620383e+04,-4.557753023610566778e-02
2.028350930518215967e-01,4.352398517891552183e+04,-1.670987974428435677e-02
2.074816326545668166e-01,3.716909511204090086e+04,1.455887110571960595e-02
2.035100446964356879e-01,2.538924801190428843e+04,-5.601054228035598492e-02
2.040002201855740105e-01,2.930915277152506314e+04,-5.075294481365860005e-02
2.007205417102539136e-01,2.567717548838588846e+04,3.458473356143339423e-04
2.028262765733541695e-01,3.783220299476286164e+04,-2.939830890684782053e-02
2.064299527972168202e-01,1.835180890002156957e+04,-7.996854865268235302e-02
1.250028371198439736e-01,5.040771158124899375e+04,-6.491881291185094827e-02
2.043239309215310051e-01,3.299547456403540855e+04,-2.747095073292996417e-03
1.985176274717778966e-01,4.433354711897461675e+04,-6.352998087691176521e-02
1.966212995813574616e-01,8.681868212194048101e+04,-3.045523516656850269e-02
2.031656384429709472e-01,2.642883062581135164e+04,-3.709041354221680881e-02
2.004817981406852301e-01,2.534722143955476349e+04,-9.682429049977852795e-04
2.036897442797445112e-01,4.071379858049422910e+04,2.260829072714912007e-03
2.063308920745853814e-01,3.290202246624270629e+04,6.450094635721367875e-02
2.002976428857463354e-01,5.027726809748234518e+04,-6.501726981524109938e-02
2.032023190527413037e-01,2.677638292604048911e+04,-5.018391714118122793e-02
2.002005411564028448e-01,1.566856046842350770e+04,-1.654907432181843344e-02
2.009299837359157792e-01,4.040045502767681319e+04,-2.108481253897415489e-02
2.013750118400044198e-01,2.945285428396335192e+04,-7.691301725679966506e-02
1.933043957937825852e-01,9.159094233859147062e+04,-9.059158199303765646e-02
2.010474897677501094e-01,2.579194676693846122e+04,-3.033596095111707955e-02
1.997199661434302109e-01,2.730966414073737542e+04,-4.003072687663136037e-02
1.986981484121914665e-01,2.155229333954246977e+04,4.714489466984034260e-02
2.020497328035955886e-01,5.332902481228984834e+04,-5.929846602423584877e-03
2.000241589844449219e-01,2.477159506195635186e+04,3.039899677632642433e-02
2.034424309323011326e-01,3.359745878280552279e+04,-3.330827322873295554e-03
2.012022893257678080e-01,2.970976485876723018e+04,-1.777439317176357503e-02
2.041457595515509815e-01,4.708938527581383823e+04,-1.791014664349943261e-02
2.015584791569513257e-01,4.027515007679718110e+04,-8.922391656880815369e-02
2.041574292799074875e-01,2.486183403137784990e+04,-9.962205340662004527e-02
1.974559825112438549e-01,2.547037780971480242e+04,-1.102697220566259267e-01
2.013836565010989899e-01,2.513608436595271269e+04,-7.211144593738885722e-02
2.049703735833520724e-01,2.975655506091476491e+04,-6.715330720474366188e-02
1.996801646188954282e-01,6.672428579366700433e+04,-3.793769598279207039e-02
1.990752030964093866e-01,1.580100449981241763e+04,4.314201550382582712e-02
2.050773239134164594e-01,3.935217781343123352e+04,-3.325832853471969580e-02
2.027939086274979097e-01,1.943773344262656246e+04,-3.168137090609944584e-02
2.046107295268970727e-01,2.852772555539282621e+04,2.658667261606451407e-02
1.933409242973592179e-01,2.857040143067367171e+04,2.073655537747383093e-01
2.046066431718207290e-01,2.111586753251201299e+04,-1.530283528350238897e-02
2.036283410166240537e-01,4.470263619641127298e+04,-4.487326592734930831e-04
2.051529630591495401e-01,3.374477928193128173e+04,-1.697291028809211344e-02
1.963122760379849285e-01,2.370447655129201303e+04,-1.078595234703796368e-01
2.026772469516074926e-01,2.519805701854525978e+04,1.414521281063790912e-03
2.094329168378673833e-01,1.640598771550464153e+04,2.417677458480455011e-03
1.968953929817754689e-01,3.934506845592640457e+04,3.696166330594646138e-02
2.017425887770646076e-01,1.586169043233695083e+04,1.260903496743384991e-03
2.041682682512906410e-01,2.077855857450449912e+04,-1.099134074849119486e-02
1.977365498720249914e-01,2.798268423928508128e+04,-1.225424461958693305e-02
2.013854446166870038e-01,2.242645842349799932e+04,5.791473186079228175e-02
2.025769068405621764e-01,2.369847141968854339e+04,-5.732024791857948109e-02
1.984926449131506898e-01,3.816764866758720018e+04,-1.143375869197992174e-02
1.962418317686099312e-01,4.521516974596104410e+04,4.793977295092818891e-02
2.041361780908738377e-01,1.961100740911082539e+04,-2.043380159285411446e-02
2.024465528314874918e-01,1.914860007531970041e+04,4.981590589995326182e-03
1.982407632875072268e-01,3.279273908499313984e+04,2.324755397896210302e-02
2.031208138362299853e-01,6.803139678035388351e+04,3.179923582624732264e-02
2.023074538202144224e-01,2.355443805243168026e+04,-4.419126458221317444e-02
2.026477004194205678e-01,2.967764398437554337e+04,9.716753349656742644e-03
2.013787474101570996e-01,3.735222540981206112e+04,-9.774759771170598785e-03
2.006522671474861852e-01,4.629938963337468886e+04,9.642736392630519085e-03
1.982843689102330720e-01,2.016180340735958816e+04,2.319602209830507952e-02
2.023044312454354843e-01,1.568363543171599667e+04,-9.702101521351430211e-03
2.037223025565986223e-01,3.174296702092754276e+04,1.504416462378291991e-02
2.026400261101648781e-01,3.707246977515748586e+04,2.112196922765174900e-02
2.042479232135968881e-01,2.443014498285263835e+04,-2.650131560348433900e-04
1.994398418803521034e-01,3.599697214971722860e+04,-1.269713894920266803e-02
1.915166100310549957e-01,4.386504801333714568e+04,5.855778613911366559e-02
2.063354039446065880e-01,2.253615046115038422e+04,-1.427058147957288060e-02
2.013651620395129349e-01,3.187450600120265153e+04,-1.247148275457457718e-02
2.061267668404281050e-01,2.973959430613381119e+04,6.280109691825336293e-02
1.997040456939850328e-01,2.335208833161434450e+04,-6.951502363322270561e-02
1.965015193544837613e-01,4.413867123789364996e+04,3.764061452925085427e-02
2.009717324479078082e-01,1.800126623518318593e+04,7.471722174065303923e-02
1.964184427225196816e-01,6.046254948759092076e+04,5.696206173897552100e-02
2.021067246296996134e-01,2.756915764872826912e+04,2.078548022339375516e-03
1.996963172215661386e-01,2.694005128689660341e+04,5.414385394354694764e-02
2.031197738559708255e-01,3.622057730606570840e+04,3.228878130753314729e-02
2.020591858723311818e-01,4.055655909912675997e+04,-5.440813439414605296e-02
1.986824296794983680e-01,4.901803931918663147e+04,-2.288456382280082413e-02
1.981500004196887488e-01,3.386454513719891838e+04,-1.031644975483250043e-02
2.053363701469047842e-01,4.204041683106370328e+04,-4.702127554543785587e-02
1.987325552555326835e-01,2.030182630130658072e+04,-6.599046708411664131e-02
2.020466169180350491e-01,3.632061998542019865e+04,-5.648874508240508963e-02
1.978423661796311073e-01,3.706333760823553894e+04,-3.991331445762991842e-02
2.019320050821581114e-01,2.024799160096389824e+04,2.065457730943719844e-02
2.002268820096203272e-01,5.054746539985651907e+04,-3.139476118875941801e-02
2.008326805571993556e-01,2.373479684168032691e+04,9.570294864163284357e-03
2.051662504190377712e-01,4.116636633336079831e+04,-1.069790052554480259e-01
2.056807371285888919e-01,1.930621345709701927e+04,7.278271170853013727e-02
2.014756797026777957e-01,2.204808828655416801e+04,-6.639912346836476797e-02
2.002683753742477424e-01,3.431120561150975846e+04,-4.020411751308248377e-02
2.053747660864162217e-01,2.429526822603867186e+04,-4.824498773928009854e-02
2.066707402828889262e-01,3.486558042620161723e+04,-9.118193516477983429e-02
2.029256205932922774e-01,2.494543255250986476e+04,-5.605120985544033430e-02
1.998856751303776658e-01,1.767505499624858930e+04,-5.726225796744455893e-02
1.935868396490948995e-01,1.683751178792873543e+04,4.345196049846113823e-02
2.020391289404509794e-01,3.920439794271292340e+04,-4.219567960385997574e-02
2.024700621231809994e-01,5.031849397683079587e+04,5.113096537908105171e-02
1.766871390606947756e-01,4.954783036948836525e+04,-1.829694400013723299e-02
1.962521547018631074e-01,5.170897032292987569e+04,6.411131285035089533e-04
1.996364152029309891e-01,1.656019863441693087e+04,6.014977269516916941e-02
2.029331608030252032e-01,1.395846413715864219e+04,-5.221837474847937886e-03
1.883049443118979815e-01,5.999010610310819175e+04,6.543123430490951908e-02
2.014264321217505149e-01,3.898571867313552502e+04,6.802761923849003078e-02
2.001510032099788061e-01,4.824758166821108898e+04,-7.760443426078088291e-02
2.078696310463730990e-01,3.771338674440898467e+04,-3.183566585152607098e-02
2.003546693225595476e-01,3.751208473716165463e+04,-4.337330834210193636e-02
2.023546460306442085e-01,3.304467347394869284e+04,-1.829307817125941848e-03
1.988924574206324680e-01,1.903474789849657827e+04,2.024573711668022774e-02
2.047715372124075672e-01,3.245426898807327598e+04,-9.792011780442770943e-03
2.181742625716144857e-01,5.092339551339221362e+04,9.329626242060050367e-02
2.016767570494368833e-01,1.898886669520114083e+04,1.027810890115764438e-02
1.934414370878474176e-01,8.285753439876140328e+04,7.013314906921400138e-02
2.035582632455690821e-01,1.810571048192218950e+04,-1.088309138702026474e-01
2.045932150132007410e-01,2.061220870850350184e+04,3.879475617148019084e-02
2.054010373899109176e-01,2.488564669106276415e+04,-8.451948962326183423e-02
2.026440783177427818e-01,4.488085195349165588e+04,1.285778216178141455e-02
1.980174855281542079e-01,1.933102558900451550e+04,-5.187107166684497978e-02
1.988965370399438104e-01,2.230040453123488260e+04,-4.901635568153192568e-02
2.053257908976796053e-01,3.843469887290416227e+04,9.341339140484088491e-03
2.002893373932645993e-01,2.413914558399287489e+04,-3.009975924524100135e-02
2.221849042243402017e-01,5.025919894095255586e+04,1.030714741484704822e-01
1.989091659368623366e-01,4.000393926866147376e+04,-1.983632928774223692e-03
2.010325020201715607e-01,2.877711288993001654e+04,5.159462667654002299e-02
2.029878322433301963e-01,2.144683560574375588e+04,-3.812544502457779205e-02
2.023472375139463708e-01,3.121515430522412134e+04,-7.596683903501810775e-02
2.027252865727225128e-01,5.019467501320347947e+04,-7.149412381066509725e-02
2.088357272344662507e-01,2.722570545514222613e+04,-1.395690422241973108e-02
2.000002642140600861e-01,2.868061647535576412e+04,-4.075697016290722591e-02
1.974920337805242954e-01,4.070509377541542926e+04,1.302840415282949076e-02
1.993976051095858182e-01,3.168751830018879991e+04,-1.729186781038010573e-02
1.999352125424123383e-01,2.942637380602825579e+04,5.049304219334256605e-03
2.009281206455439672e-01,1.997842360881450441e+04,-2.621743842323066842e-02
1.998292111179529595e-01,3.004477621728471422e+04,2.835045918016928027e-02
2.051850056529019861e-01,2.196812513002963897e+04,3.714340836244964944e-02
2.058582607518334162e-01,2.181593368219018885e+04,-4.017741526534485304e-03
2.024205994453547042e-01,2.948959909412340858e+04,-1.781237761308875761e-02
2.006787352947078662e-01,3.478752823284108308e+04,-1.250163331366736796e-02
2.016466192318634720e-01,2.846588773323568603e+04,2.325791439980900033e-03
2.056964629390839738e-01,4.171126227413244487e+04,-7.245442986101277572e-02
1.993718353340303562e-01,3.698918485845981922e+04,-2.041054658489950199e-02
1.924090509948934713e-01,3.712493030002836895e+04,1.072620691292461813e-02
2.059068055905080019e-01,4.038901425855399430e+04,-3.252544633316906131e-02
2.014466068303512880e-01,2.477328584011387647e+04,-1.021796572763319574e-02
2.080223039672620677e-01,7.644892362418072298e+04,1.262790432887921366e-01
1.951684955316840830e-01,3.444232916800188832e+04,-4.054484596287363796e-02
1.979304765689749446e-01,2.361015636528913456e+04,9.130112835816111758e-03
1.766871390606947756e-01,4.954783036948836525e+04,-1.829694400013723299e-02
2.023756399268079598e-01,2.481853890230174147e+04,-7.089466290875065524e-02
1.999717240923743755e-01,2.742842196964522009e+04,-3.831624491591889559e-02
1.828072442014064825e-01,3.667195620559116651e+04,1.970628002232060680e-02
1.990734311887913111e-01,1.698721274807735608e+04,4.075553709387070775e-03
2.013159677588677865e-01,3.798857155557471560e+04,-1.049137365271501920e-01
1.993411497563965240e-01,2.875850453814038337e+04,5.946037548670430467e-02
2.015120976979997425e-01,3.595462723031909263e+04,1.974376700792260936e-02
1.998455079796170319e-01,2.914849915432232228e+04,-6.872856922626389975e-02
2.062736209788252895e-01,2.003625585915337797e+04,-4.192045183980681877e-02
2.002549578927161900e-01,3.051726056521764622e+04,-2.485022333968884764e-02
1.916150388189072074e-01,3.662377781442092964e+04,1.610347852304981064e-01
2.034891395588433460e-01,3.952380956954252906e+04,-1.258920562449970283e-02
1.981260431059715388e-01,3.118806581249501323e+04,-3.933652412425797662e-02
2.021648856915171377e-01,3.828381208862255153e+04,-6.003504051594989871e-02
2.023052997526401386e-01,3.542971894811153470e+04,-6.716369010188463773e-02
2.028474953993442131e-01,3.722555295586347347e+04,-2.498867325589599828e-02
2.047141276746081706e-01,2.943346193455942557e+04,-5.693762172709733449e-02
2.024708763224321584e-01,3.267901538232077291e+04,-1.050895813860029540e-03
2.028719738009276408e-01,3.872354706392630760e+04,-2.820241662010471856e-03
2.085337174303459884e-01,2.821531128644845376e+04,-9.153512309626091192e-02
1.955995573380241714e-01,3.536695401722501265e+04,3.412465554387985461e-02
1.996908185139137648e-01,2.479983780100377044e+04,-5.009791808411260400e-02
1.978700775774293874e-01,3.325130391468472953e+04,-3.028984186240459356e-02
1.958851230028824109e-01,1.885389929824037245e+04,1.871779126888016911e-02
2.014707004806635393e-01,3.043786308512947653e+04,-2.657522181346402834e-02
1.850271891806649638e-01,3.604845136775019637e+04,2.072473053926589259e-01
1.973839063472576927e-01,2.440928663446055725e+04,-3.499388323533992456e-02
2.023237432119080192e-01,3.377233022247695772e+04,1.920858715316951792e-02
2.021662430382373254e-01,2.937643530070769339e+04,5.840941128461680371e-02
2.003181816610406507e-01,2.560313683562196093e+04,-9.036799217261404227e-02
1.998880766232697670e-01,3.925735070002375869e+04,-2.630494980019415160e-03
2.036603845639413657e-01,2.378985929839758319e+04,2.193440172917315075e-03
1.962521547018631074e-01,5.170897032292987569e+04,6.411131285035089533e-04
2.023520721742051998e-01,2.808199146938181730e+04,-2.675732733238325722e-02
2.029584534021480757e-01,2.512909583927855419e+04,2.907526641664785055e-02
1.771903156916596611e-01,4.653666779304985539e+04,-1.529816756444911732e-02
2.010795500528163582e-01,3.735756843874978949e+04,-4.125178018028270027e-02
2.033957798534435646e-01,1.890206765683955746e+04,-2.831411675177016030e-02
1.990305007443561869e-01,1.762103498845326612e+04,-7.187184606810649579e-02
2.032337974799567903e-01,3.784176847863879084e+04,4.793267193552423061e-02
2.048718100290086164e-01,4.341518613394159911e+04,5.651055958741966556e-04
2.061371546116120279e-01,5.112955648842123628e+04,5.566431741585664561e-02
1.966682028761050360e-01,5.437423575668879494e+04,-3.129758384599433396e-02
2.035945161073982601e-01,2.233517996626799504e+04,-9.698571557771830040e-03
