2.179042082542447523e-01,1.559793687534179662e+04,-1.234478709420812510e-02
2.092460922923447542e-01,2.966537076721085759e+04,3.050643842797413560e-02
2.126557349533528263e-01,4.431876518606326863e+04,2.836084754676448591e-02
2.034927036792358868e-01,2.831755572051556010e+04,4.440930162033240175e-02
2.133975403393373327e-01,2.115038924812181358e+04,2.592229320261235995e-02
2.138336308192752278e-01,2.336915664272288996e+04,-9.108879101255211094e-03
2.148312147076969769e-01,2.453290880939726776e+04,6.328306426954882768e-02
1.969748429196091499e-01,4.740150110286705603e+04,-2.790857876755784006e-02
2.121294729240995047e-01,2.803926043899203796e+04,-2.425306264885916663e-02
2.149871950767810458e-01,3.074570142329871305e+04,6.117465578785617406e-03
2.135473064422544476e-01,3.764873292381718784e+04,4.245669157484691786e-02
1.927739311214705098e-01,5.970933696816848533e+04,-3.604033211255962266e-02
2.165528823538770131e-01,2.246002850745018077e+04,2.275799943934317393e-02
2.181439075687074680e-01,3.002682471538431128e+04,4.651355469982263423e-03
1.870354432861813798e-01,2.049849594432626327e+04,-4.069117563599427417e-02
2.172833368487049333e-01,2.722556940246683735e+04,3.823656569300056679e-03
2.131844061135168000e-01,1.943632108859583241e+04,1.550393858430546175e-02
2.155401211602292755e-01,3.852153815854870481e+04,2.565816625523504799e-02
1.942304632693052091e-01,7.782574880247903639e+04,1.375989305889511495e-02
1.432899186429520133e-01,3.555863835392362671e+04,1.082184654797498959e-02
2.087455930772343649e-01,3.296029728614402120e+04,4.845540452794050434e-02
2.071879245042459183e-01,1.607530652191117406e+04,-1.399797811435407255e-02
2.113754913347918596e-01,3.369442441581809544e+04,2.656079819962287036e-02
1.866369758250629174e-01,2.323468237159318960e+04,9.012181575662185640e-03
2.041341795663158265e-01,3.444326867025347019e+04,2.979906245863181858e-03
2.010380771667492072e-01,3.026586364885232615e+04,-3.296123721713268423e-02
2.080599139023408262e-01,3.983347217777387414e+04,2.645127807245279197e-02
2.168013803380958171e-01,1.912961551407917432e+04,2.473426198682343938e-02
2.045339288239870768e-01,1.783162146724972627e+04,-2.210248967326689309e-02
2.141880710510309371e-01,2.828385001896302856e+04,1.531386220186359629e-03
2.138590645089410991e-01,5.131942322026922193e+04,1.238644590936897709e-02
2.159832997497075913e-01,1.621154725951239016e+04,3.025363354805430186e-02
2.144211468470825777e-01,3.073619702609538217e+04,-1.405829004450920294e-02
1.889673530537144264e-01,2.266179711520268029e+04,-4.907761626457068233e-02
2.014480038463066225e-01,5.018781060069894011e+04,9.158083966095253298e-03
2.122275475220416763e-01,4.077980349221225333e+04,1.520239871442420447e-02
8.177410037582687197e-02,5.145502194706388400e+04,-2.620424051985519032e-02
2.161342885693752214e-01,3.437836266298977716e+04,-4.008357656670918923e-02
1.441608094676392338e-01,4.154091471364656172e+04,-3.237102920786437410e-02
2.079089134411736817e-01,3.240954538160995799e+04,2.408088559952975202e-02
1.869151909025852931e-01,1.379636862882011337e+04,1.450594018972850216e-02
2.047001693717171167e-01,2.706968057604250498e+04,-1.111508857096013721e-02
2.176068818233125313e-01,1.997955890007727066e+04,1.938871617790706089e-02
2.173572332068305357e-01,2.085582541842286446e+04,1.971874603843249904e-02
2.111983968552830493e-01,1.801856540405896158e+04,-2.974385186152571012e-02
2.044371035732960862e-01,3.016374331419299415e+04,-1.684603488271234351e-02
2.129891486993437111e-01,5.841146855936605425e+04,-2.975014607355293966e-02
1.792395907150907686e-01,4.103357044133248564e+04,-1.364740837450690442e-02
2.015469385011539605e-01,2.392468929315950663e+04,-3.140852542972207700e-02
1.997371105495601429e-01,3.680883521591385943e+04,-3.118963741193371900e-02
2.195620797984751960e-01,3.174879220574085411e+04,1.781207374121678011e-02
8.945862342334863493e-02,1.483174376637644309e+04,8.247614441570901012e-02
2.077451525016157097e-01,2.519835412837011972e+04,1.922376342491025070e-02
1.944530999350091161e-01,4.406465212017371232e+04,1.514245456158610668e-03
2.137637843343921928e-01,1.587809723921633122e+04,3.161568923971145445e-02
2.022327626054955529e-01,2.079358849644334259e+04,3.929370173861550936e-02
2.144399869493109623e-01,5.015239630951355502e+04,3.994209666054395966e-03
2.123238038547373141e-01,1.641494111549766239e+04,-4.416012388019517620e-02
2.070323651959319888e-01,2.052590776830862524e+04,6.162363894125244546e-02
2.176157136443825357e-01,2.287751886179291614e+04,2.843382643917598696e-03
2.073802326686419173e-01,4.478489270824829146e+04,9.959275362099147613e-03
2.153036408579153960e-01,2.065302036609694915e+04,6.208880241429551305e-02
2.085464031501329807e-01,3.293787718850583769e+04,1.061307725002856410e-02
2.094129519222669156e-01,3.667616091346450412e+04,1.938466933824296986e-03
2.188483186680222625e-01,2.563182159778803543e+04,1.150639001614068950e-02
2.150442642627697631e-01,2.155329189176283398e+04,1.393329897234741460e-02
2.120987470506027761e-01,3.057613207606421201e+04,4.145940908701476607e-02
2.044290421135578628e-01,1.687193488393410371e+04,8.314275873491458468e-02
2.134709450585812740e-01,2.796887991129486181e+04,1.052732805057870341e-02
2.118645088828264578e-01,1.742990132334602458e+04,4.611977237174821886e-02
2.135614501762202189e-01,3.147752452215657104e+04,5.272835619612207397e-02
2.162327508531461107e-01,2.792376721847404406e+04,1.299358965266745117e-02
2.164987207474398934e-01,1.893115102838566963e+04,1.402058311102232814e-02
2.050585165454257841e-01,7.917511347530195781e+04,1.335568417074526476e-02
2.113145507924205913e-01,4.056947784308837436e+04,-3.286419188347294417e-03
2.152954655292104169e-01,2.449046605210285634e+04,4.899608439303784063e-02
2.044652661807347394e-01,2.040550085603644766e+04,2.240523596149442132e-02
2.088509570275917104e-01,3.415333687279290461e+04,-2.889067111755081255e-02
1.987616958810373424e-01,2.918764687119073642e+04,-2.167629118256055379e-02
2.137618406540073290e-01,2.065865667763976671e+04,-1.287345825579789063e-02
2.053202619035475185e-01,2.418429277133267169e+04,-3.203802719135186161e-02
2.123440713966125715e-01,2.334373438190447632e+04,1.854818744663902161e-02
2.168006173661295166e-01,4.684070186366220878e+04,4.325618343213380283e-03
2.134452781620443385e-01,3.837075739865051582e+04,1.408234341006705907e-02
2.153178730438592425e-01,1.956160461739628226e+04,7.104438709752353143e-02
2.198703990016691590e-01,2.662094329272933101e+04,-3.328715322739546345e-02
1.969225958495956219e-01,2.692820012049548677e+04,3.000457700399901742e-02
2.116156840394994021e-01,2.521016687775903847e+04,3.532494875370037479e-02
2.158372704674355325e-01,5.867819116207047773e+04,4.568065082785890269e-02
1.748565770744222314e-01,4.220705126400648442e+04,-2.209818642987109935e-02
2.080572484375585729e-01,4.177417357657189132e+04,3.213694856874423772e-02
1.691511920692457815e-01,2.670352181776546058e+04,-1.455058052030096596e-02
2.162398555277964818e-01,1.448472678004329282e+04,3.343374695009601605e-03
2.053753033645175641e-01,3.666072845242217591e+04,1.633139550551747018e-02
2.056526428079522573e-01,3.769092489607923198e+04,1.187973264932671441e-02
2.181286187560150525e-01,2.530102940044848583e+04,-3.768196842972438426e-02
2.087278494317672817e-01,3.596394039552434697e+04,-2.298867340274654211e-02
2.013992012727003622e-01,2.416781157409401931e+04,-1.783400542944890699e-02
1.987514176455550119e-01,2.330110385983857122e+04,1.129573753265399961e-03
1.982441837159188980e-01,3.317725450488741626e+04,-1.701077997749345094e-02
2.049489586243148087e-01,3.285193047128550825e+04,1.146161489429166694e-02
2.155497020919528162e-01,3.099313128758663515e+04,2.208735258914831801e-02
2.061436095488328735e-01,2.092734423147349298e+04,-2.174847913987816225e-02
2.178540321768775156e-01,6.357520635138213402e+04,4.831904357057834054e-02
2.079835892099035077e-01,2.528259442679613858e+04,3.342800075170253207e-03
2.185009670677410254e-01,3.251408715600213691e+04,3.357136387811904960e-02
8.222588330663031797e-02,6.785551802771960502e+04,-7.240594845999336927e-03
1.478903389570460358e-01,2.108239080894626022e+04,1.840317935076874259e-02
2.153324798054057077e-01,5.583931146162077493e+04,3.047284535943814085e-02
2.174837677878346809e-01,6.936526007766059774e+04,5.101194162580015984e-02
2.134883297690723936e-01,3.555515187879893347e+04,3.612761123457820106e-02
2.114402268923291639e-01,1.842326957867964666e+04,8.681049920434367323e-03
2.161519680420773415e-01,2.184389409713226632e+04,1.136044515001188512e-02
2.186838050500646280e-01,9.068815669647051254e+04,1.491646369594298686e-02
2.096177697110639671e-01,3.152578253039909396e+04,1.011318731741503614e-02
2.221212281271633393e-01,5.206856046631606296e+04,2.945556204179375914e-01
2.076133776642931639e-01,4.138859578627633164e+04,-3.751998123440285649e-03
2.056866049357383153e-01,1.702098762158174577e+04,-8.092815396791498694e-03
1.965162994890808923e-01,3.011981440835766625e+04,7.800265650479968303e-03
2.129129837821222837e-01,3.822580837170703307e+04,1.249375810200189021e-02
2.157125897532525816e-01,2.054877464932619114e+04,4.022748287532158795e-02
1.995781432532933442e-01,4.476530787628184771e+04,8.606360475086673525e-03
2.096563070165779474e-01,3.099262456479366665e+04,1.753412568079457459e-02
2.152478409402847070e-01,2.545654331185762567e+04,2.019945325040161527e-02
2.171591562326205815e-01,1.492001163748259205e+04,1.111947824628415661e-02
2.155565391581639456e-01,1.902602713692565521e+04,-9.025863446157203485e-03
2.157201738989220352e-01,2.151578284522958711e+04,-3.849639166223939313e-03
2.173180102834142424e-01,4.625079084930819226e+04,2.492088595139548002e-02
2.168180437559610874e-01,1.619115350412585940e+04,7.566649625889264839e-03
2.193232881780009247e-01,1.902176620471321803e+04,-7.184506611876379650e-03
2.093978215938974430e-01,5.506671885682319407e+04,1.694942176120799518e-02
2.184043115790350320e-01,2.470801409788608362e+04,2.237000968150641960e-03
2.158232154269665859e-01,3.241462560797574770e+04,3.063662468733706692e-02
2.134861875421415200e-01,2.533744222775584058e+04,3.336400541205632175e-02
2.157755142155401984e-01,2.399166016869479063e+04,-3.219270586634318670e-02
1.919494662544703467e-01,2.853497099395283294e+04,4.070508211394561170e-03
2.136817267011311416e-01,2.033579740317905089e+04,2.051170455001515014e-02
2.023106881342408570e-01,1.775568408876987814e+04,2.020368873455192105e-03
8.252221225936252902e-02,2.974541137026789147e+04,-6.251203291485071638e-03
2.143603396558564633e-01,2.795743004706999636e+04,2.254564852253560306e-02
2.046142059026065940e-01,4.821109446724817099e+04,1.264543982797181054e-02
2.140606697842826756e-01,5.930611515978540410e+04,3.969123674314921357e-02
2.033116575530652947e-01,2.776276767151619424e+04,7.791540207892057313e-03
1.833449369887203972e-01,3.907555319673932536e+04,2.412255279900797286e-02
2.185734595216443643e-01,1.745154003070573526e+04,8.733331787972477625e-03
2.119964676996445863e-01,7.978549897678520938e+04,3.167097428722046720e-02
2.052797014246280360e-01,4.061476896139720338e+04,-3.004803702298677447e-03
2.112595468387027109e-01,2.799913445867597693e+04,-7.792891808848234625e-03
2.125142531003594293e-01,3.616100564920266334e+04,-2.241717682237815909e-02
1.995635602117497298e-01,2.280188477915346448e+04,2.831009722770139962e-03
2.106073840614332560e-01,1.947411027957002807e+04,2.948217840774115459e-02
1.990271559716285943e-01,3.587951965622458374e+04,4.789173142066329575e-02
2.112506703816335318e-01,3.187695261141979063e+04,1.076503795934184542e-02
6.534299812689935150e-02,1.625932131340948763e+04,-2.986846265589869487e-02
7.899605093100955933e-02,3.956792611471417331e+04,1.051774300953821871e-02
2.153616225499493386e-01,1.667639388018157479e+04,-3.335695206184637746e-02
1.940183329749849417e-01,4.036458942877080699e+04,2.480484840403570160e-02
2.185950479377567479e-01,3.586496420516417129e+04,-1.434575895136708462e-03
2.071405216017515316e-01,4.075614436992451374e+04,2.649544903829912507e-02
1.495900591653128164e-01,7.184496023161079211e+04,-3.053176905176439339e-03
2.064235059837892516e-01,3.666982508485048311e+04,-3.536785746682825221e-02
2.094793644898291785e-01,4.636314981495913526e+04,2.584453770358192959e-02
2.010066664020851157e-01,1.445205026695907327e+04,2.485879889247991428e-02
2.009041880952079917e-01,3.421925545394491928e+04,-2.550333138872167352e-02
1.987351783766391211e-01,5.139332938749851019e+04,-5.320749737299906509e-03
2.221212281271633393e-01,5.206856046631606296e+04,2.945556204179375914e-01
2.019670901849877076e-01,4.022544122518981021e+04,2.497312152835764326e-02
2.153148672898139160e-01,3.713033729389200744e+04,3.577723115779083557e-02
2.071962362627570164e-01,2.372086413958766570e+04,2.107473711508850434e-02
2.155180692921933594e-01,1.539708560012647467e+04,6.014643538538995589e-03
1.795737639193869806e-01,2.911705864302579357e+04,-6.307612147901669629e-05
2.187066524868470918e-01,3.596196784830024262e+04,-1.819256591523985347e-02
2.107949841140201452e-01,5.329204991944978246e+04,3.333355592310369847e-02
2.105030396544932958e-01,6.210699541985223186e+04,1.696279675398114015e-02
2.098510388188213338e-01,1.621198441242903391e+04,4.453661923574463166e-02
2.171176272415850372e-01,2.524694853975221486e+04,7.437500274554873295e-03
2.205915418149674567e-01,7.199592593110296002e+04,2.149249320191093035e-02
2.167215049995983023e-01,3.384259312871241127e+04,-1.148069108734967730e-02
2.184176605345815592e-01,2.602044939331911883e+04,-1.520013343316700682e-02
1.766585644023438706e-01,3.447016007139665453e+04,-1.038611313271563773e-02
1.317828334651534872e-01,1.944031867751696700e+04,-1.049005418732232991e-02
2.162095362553042854e-01,2.679018076724191633e+04,7.552646205117695064e-03
2.063304038685916664e-01,2.156541689047170803e+04,2.457950901010045458e-02
2.174533481445626859e-01,4.193502985974705371e+04,-7.942004343575073677e-03
1.242431972364322207e-01,1.900027218259643269e+04,5.167492937924399697e-03
1.878719908461240484e-01,3.058124481976488096e+04,-2.100280614724454528e-02
1.651069546653786690e-01,3.021976281971034041e+04,1.252525608021272212e-02
1.665240710420387016e-01,1.866515040347801551e+04,3.357977684070687779e-02
2.026762868622207225e-01,2.065362590063090465e+04,-2.212310361697673866e-03
1.615693198913203954e-01,2.581726520622283715e+04,-2.408137175719685802e-02
2.171896643870369348e-01,1.511920588602321732e+04,-4.566283129534845497e-03
2.085531207106160745e-01,3.609666550263730460e+04,-1.700865474238494671e-02
2.160890198850723143e-01,2.902338779623013397e+04,-2.044491194594267799e-02
1.140825003225187789e-01,5.370020967964186275e+04,1.343383320017290106e-01
9.118691847735727052e-02,5.063379750189234619e+04,4.929388875282124383e-02
2.153730506287732105e-01,3.122779240873588060e+04,1.687590346434799174e-02
2.185682809279337335e-01,1.866450394022863475e+04,2.633255371311689005e-02
2.150498365851920002e-01,3.228746588031648571e+04,2.939389788656381411e-02
1.903080890623072563e-01,4.735643725705028919e+04,-6.536908114395649332e-03
1.776173313643717444e-01,5.146965242237321218e+04,-4.560781097178653182e-02
2.141741100888965299e-01,3.953801065847594145e+04,3.707375613095655054e-02
2.160439655991216457e-01,2.057282187699895439e+04,-8.871039152502781938e-03
9.737444281453727646e-02,4.789374589193848078e+04,-2.346350794623341604e-02
1.692919373402836936e-01,3.272606278004436535e+04,1.116072773891402074e-02
1.855075554288151130e-01,3.024284657486161814e+04,2.087452116317414438e-02
2.178143676650632077e-01,3.243229643639132701e+04,1.336913710637869894e-02
2.137518150828027208e-01,3.995897460371727357e+04,-5.268760429581897942e-02
2.129177967999166809e-01,4.106882477877612109e+04,2.232060782344079397e-02
2.104733342185567124e-01,3.854177126114389102e+04,1.832171582348641374e-03
2.156319026932294880e-01,6.038151536771414976e+04,1.642963365988356350e-02
2.147755812311596957e-01,3.836627428274043632e+04,8.765729947734807181e-03
2.101463766833562286e-01,4.348913640406816558e+04,-4.201268354866450326e-04
2.128592704634264254e-01,2.988762041632029650e+04,-5.621989350302044469e-02
2.127144876497068515e-01,5.413171245835516311e+04,1.924676078114920599e-02
9.800158617369521263e-02,1.950462887750712980e+04,-3.959842768644384475e-02
2.166583169261078468e-01,2.670109100124617544e+04,8.643937135555328222e-03
2.130734568109001192e-01,4.203914965316560119e+04,4.183315867993588066e-02
2.134065106728726402e-01,3.042748287641082788e+04,3.065277274435685567e-02
2.119468289546842521e-01,1.919201793012471899e+04,1.525671770203128634e-03
2.176638288538272348e-01,5.145017727149407438e+04,1.734051241475034408e-02
1.864238272704413224e-01,1.553565868831035004e+04,7.091965003314262481e-03
1.935028433081304178e-01,3.812512777587655728e+04,1.665424551682088972e-02
1.888497697691304267e-01,3.525865019241582195e+04,-1.709766445247622169e-02
2.161857497784185622e-01,2.850268979968132044e+04,-9.361626317199540567e-03
2.025247492890456524e-01,2.907874367292445459e+04,5.512395540250809162e-03
2.132497586066519624e-01,4.214622177568789630e+04,1.672460634512086541e-02
1.788959347573448599e-01,2.683335969037312316e+04,-3.558363328924920004e-03
1.822225690512793150e-01,3.333249567374003527e+04,-1.793254653269048607e-02
1.773625214711700149e-01,4.822795342913687637e+04,-3.357370505133559779e-02
2.151639781158684317e-01,2.643768463870233245e+04,2.086647369578622374e-02
2.144302327956196519e-01,5.449625345436605858e+04,1.931793706406118374e-02
2.150273854745821944e-01,2.484021513175744985e+04,2.850128393246397288e-02
2.163965425811555654e-01,5.518761425644460542e+04,-3.017535155886457224e-02
2.167699972069337122e-01,4.044461499986714625e+04,-3.076645850172553265e-02
2.148896042347500923e-01,3.660972299579423270e+04,1.607001553992585055e-02
1.967262851850121730e-01,4.732324414182695909e+04,4.382679138528664670e-03
1.987351783766391211e-01,5.139332938749851019e+04,-5.320749737299906509e-03
2.135251412207893329e-01,4.429631852905472624e+04,3.155158166151464903e-03
2.109290236006520769e-01,2.617783268880888136e+04,2.482253827028101448e-02
1.721676701110667063e-01,3.676364617521244509e+04,-1.470518972646395715e-02
2.118402737936374292e-01,3.579857173451253038e+04,2.820049741024590120e-02
2.090253223252023229e-01,4.051900212466815719e+04,4.553841351940846743e-02
2.145318125026952905e-01,2.362270763026080385e+04,4.245977092258242103e-02
2.102704031217442759e-01,1.983213057387711888e+04,2.146898250909441003e-02
2.119394862835967674e-01,5.157169857040014176e+04,4.893477175558812869e-02
2.161617230919585519e-01,2.624640273930714466e+04,3.200928666131223205e-02
1.924170725819341898e-01,4.218611891267294413e+04,-4.403857365831479603e-02
2.082363567380529634e-01,3.908284161407356441e+04,2.586148947710473905e-02
2.078437821163387211e-01,3.073353652345244700e+04,4.068106334899324744e-02
2.072205373351704294e-01,2.677762944870935462e+04,7.791760878798125421e-03
2.022285046906714956e-01,3.925248695173063606e+04,-1.056557796098566565e-02
2.160455735217292894e-01,1.760586236928218204e+04,-4.169621641913441763e-03
2.088539958337833624e-01,3.342048654586634802e+04,-2.197837734891682285e-02
2.163149841041822063e-01,1.977232726777223434e+04,-3.386875339085791692e-02
2.038833861714607343e-01,3.954988354622187762e+04,3.447165980747967512e-02
9.143349556808962053e-02,3.495513382498110877e+04,-1.866538143428081746e-03
2.150727042511595688e-01,3.166244798612978775e+04,6.042820862828162526e-02
2.101230867995440288e-01,1.648192085853121534e+04,4.167467703438439836e-02
1.926339267852626436e-01,3.891658602039451944e+04,-1.160008297620401113e-02
1.825509885420499856e-01,3.371082911387030617e+04,6.543302324943634472e-03
2.028907485320451953e-01,2.985725002570038851e+04,-2.753473610454137618e-02
2.142703099855069182e-01,4.524897878545720596e+04,3.344777148579562015e-03
2.158440596677715650e-01,2.328559190212852627e+04,-4.974277213909527456e-02
1.443902861345113808e-01,3.236645026874597534e+04,9.024149250353963661e-03
2.021373912125168093e-01,3.929843019218707923e+04,-3.032031950239921173e-03
2.176446675250712226e-01,1.675489754314400125e+04,-5.288533181596705331e-03
2.111081146564911526e-01,3.306185758733336115e+04,2.043449982159117537e-02
2.178160363275929989e-01,4.509762651032487338e+04,4.246186900028803106e-03
2.111141413827384850e-01,1.854144440319028217e+04,-6.424609042369880570e-03
2.144910226319845237e-01,3.166666414086379882e+04,-1.051171939926995227e-03
2.144815488534936865e-01,2.091981982399085609e+04,1.106256490607463068e-02
2.151359175598794304e-01,3.990748753665840195e+04,-9.597329620345122422e-03
2.199931864406909354e-01,3.887495317004063691e+04,4.251324124812275868e-02
2.097838884827173678e-01,2.057182972124850494e+04,2.519446994998834465e-03
2.129412165754165087e-01,1.705949311834301625e+04,4.112348896471902659e-02
2.160442817049133268e-01,3.141872996595475342e+04,-1.861109097759667402e-02
2.166904336620120997e-01,4.541736390118267445e+04,2.615405384292688110e-02
2.092760597244950616e-01,4.656031237643481290e+04,6.885558907110605337e-03
2.173239341562241966e-01,2.155168833843523316e+04,-7.959530631902335396e-03
2.149358511424341311e-01,1.580935672452605831e+04,1.615217746974110732e-02
2.056553538753815857e-01,6.335498025114859047e+04,1.947880735799513083e-02
2.118998898998697977e-01,2.524282455512630986e+04,-1.255369529297097921e-02
2.185118528213912392e-01,3.035477814570013652e+04,1.527542952453891587e-02
2.156995088955358519e-01,2.596293399239299470e+04,3.049111235775613798e-02
2.185527406574447051e-01,3.626546373188335565e+04,-5.445842716777946242e-03
2.170849247243965552e-01,4.138244637845765101e+04,8.167915588420447334e-03
2.092803484274678716e-01,2.177639972623342692e+04,2.900953783511305006e-02
2.111262088798264436e-01,2.573488832420999825e+04,-2.445032388045822666e-02
2.100373977677836013e-01,4.278356654124567285e+04,-2.716972317518786661e-03
2.143889076756575474e-01,4.616484528157730529e+04,1.033000611243622274e-02
2.059226236149825084e-01,1.846311607733313576e+04,2.559405963249001756e-02
2.168771491783869354e-01,2.951425811039000837e+04,-1.006171550363201342e-02
2.177601999467272953e-01,2.090543530676195587e+04,9.183888015253138023e-04
2.068942071246689940e-01,3.027511597312825688e+04,2.298209737040826650e-03
2.090930730535684456e-01,2.318765671183385348e+04,9.849481831241778743e-03
2.181782447925098567e-01,2.046673743223959173e+04,-4.069906540424587243e-02
2.152403748056750388e-01,1.706306898482371980e+04,-1.519392511408586104e-02
2.125963402106315625e-01,4.000091263843614433e+04,7.179398100729155081e-03
1.981257460661390024e-01,4.864912583664218255e+04,-4.717298418144990485e-02
2.116855380803439324e-01,2.187235174505414034e+04,2.310483577013871474e-03
2.117978403044215585e-01,2.191059245575692330e+04,3.955342899441345594e-02
2.054396168076826346e-01,4.615803036197336041e+04,2.030266577920760915e-02
2.124693029120665044e-01,2.848538400924557936e+04,7.078233163605159549e-03
2.149338485886002348e-01,1.768273569561291879e+04,1.794600885350230990e-02
2.198652789340250768e-01,1.989617524647486789e+04,-2.299940032532164780e-02
2.106646806432994345e-01,2.452523263064272032e+04,4.724873795005069682e-03
2.208952874946129019e-01,4.391271690410803421e+04,4.393137096658093071e-02
2.060285093109311960e-01,1.481645791048943283e+04,6.658205603074418034e-03
1.905710104819280382e-01,3.387506386372132692e+04,2.461594997624575246e-02
2.063227077677676768e-01,2.540496109281460303e+04,1.554843334467836263e-02
2.193334807833473288e-01,2.254726932438018775e+04,2.000195159266653089e-02
2.164859742266520559e-01,2.909791708798419131e+04,-5.773827542105445208e-03
2.198543567045817826e-01,2.000436344298293261e+04,-2.780421188010602507e-02
2.090603904455384521e-01,7.960715465584889171e+04,-2.706092532782677224e-02
8.467470079540279082e-02,2.497945304421156470e+04,-7.872580449723058649e-02
2.004693088206921936e-01,3.356975792947360605e+04,2.588410509538255702e-02
2.174127830450812149e-01,5.746403486950125080e+04,-1.405853270797073964e-02
1.982589426109534481e-01,3.371898006847600482e+04,-4.017384719227454215e-03
2.104389333998916700e-01,1.821725548961457389e+04,2.756685258590056697e-02
2.169140237189247922e-01,1.038139280632436275e+05,5.562150290277113190e-02
2.083140668926193040e-01,4.562824245743516803e+04,7.557201953703795994e-03
2.125997015816048219e-01,3.737599139027916681e+04,2.335831421776806208e-02
2.101261821826574949e-01,3.966016629375616321e+04,2.914949229036490133e-02
2.191236077780762126e-01,4.376829412408902135e+04,1.071151899680158502e-03
2.178533238257823745e-01,2.281260644662902268e+04,-1.392895782580324399e-02
2.167455192676047138e-01,2.643191576876756153e+04,1.550746683373699884e-02
1.869119853108839602e-01,3.999619901884226419e+04,-4.071788892505819046e-02
1.914829302599819483e-01,3.238693526436610045e+04,9.996241102887026483e-03
2.169748645378850316e-01,3.156220961145525507e+04,-1.238096024626137923e-02
2.174330272674540598e-01,2.979517587894642566e+04,1.827658588698579528e-02
2.119435375348877604e-01,3.019886698779007929e+04,1.097717923274642814e-02
2.123698829812039057e-01,1.578133252179546071e+04,3.936462395492126842e-03
2.196542643883021839e-01,2.768718639941532456e+04,6.170965447815219412e-03
2.168272689902018269e-01,2.995657892805799202e+04,2.076989577038070717e-02
2.141069887299950902e-01,3.903418958066768391e+04,-3.270887981416124857e-02
2.179768591148107393e-01,2.830563528457167922e+04,4.077050189619080278e-02
2.054365717028928673e-01,3.630062416479139210e+04,-1.589247565958110120e-02
2.009233852437458667e-01,3.010379527554840024e+04,4.261120447591886656e-02
2.104990913327949575e-01,3.883971631381173211e+04,-3.055323198385595518e-02
2.145444155376955153e-01,3.092764430991128756e+04,1.378715283685997758e-02
2.148899451689393891e-01,3.495648318198687048e+04,2.456767430968500796e-02
2.115155551187384297e-01,3.268741574237841996e+04,1.882957217155619214e-02
2.137982107590294112e-01,2.840748644916807098e+04,-4.365202849337131326e-03
2.099399208647986792e-01,3.474826125098016928e+04,-1.650252308235743148e-02
2.075001228634478223e-01,2.035843801677430747e+04,3.539806509698145698e-02
2.167253660760354306e-01,4.254890147456391423e+04,-1.110526430717432254e-02
2.121927593977829818e-01,2.509804318213261286e+04,5.242436459348996658e-02
2.120664401611181138e-01,2.976948770303847050e+04,2.735102462552656006e-03
2.168970895772590057e-01,6.103879802130357712e+04,8.062177241265535560e-03
2.122872344009343881e-01,1.492435822617584745e+04,2.048302004773081691e-02
1.667023801718025555e-01,2.063427889512987895e+04,2.417491401214533209e-02
2.136326903505593178e-01,2.491129902211686567e+04,1.588928253204665783e-02
2.040101601084347571e-01,1.578156208718845664e+04,-3.808770983898317371e-03
2.155410311562520886e-01,2.984133294750956702e+04,-2.296673905789423098e-02
2.115604504214222970e-01,3.903651663736132468e+04,3.226592602262429860e-02
2.175196880132391763e-01,1.840304538668624446e+04,2.940195112133977065e-02
2.037220747244572749e-01,2.766133809549299622e+04,2.638291248175560558e-02
1.188337910766752575e-01,5.088234481649595546e+04,-6.913816094809631385e-02
1.836626855787783508e-01,4.112416782461518596e+04,-5.336834114532185147e-02
2.163142903079751100e-01,6.873736410249675100e+04,7.328718706626544295e-03
2.196867898287826748e-01,3.178899622224513587e+04,1.584678223592364847e-03
2.136864549599670760e-01,7.194905590550486522e+04,3.065002957011811122e-02
2.111205456851552309e-01,2.228165729342717168e+04,-7.676830591555601317e-03
2.129016417500127212e-01,2.763982227869268536e+04,6.327291233661679927e-03
2.148777850334630812e-01,1.767509504771170759e+04,-2.219470200097856116e-02
1.823744291713836341e-01,1.998891811152272930e+04,-4.349732621724646670e-02
2.174400444193885507e-01,2.469581074664705375e+04,-2.180278772800632592e-02
2.176105840160345584e-01,2.035053639352437676e+04,-5.505815531244457987e-03
2.172070593652960513e-01,2.962514629538774898e+04,2.164096477062338666e-02
2.121673669210717150e-01,3.942263716723681137e+04,8.748504666371639121e-03
2.131655282021846232e-01,3.513632279705145629e+04,3.980223868007798371e-02
2.140233727674801800e-01,2.920516335640523903e+04,3.722392097943749006e-02
2.138945139088583025e-01,3.607330391668459197e+04,7.651496323202728721e-04
2.140466843019778742e-01,2.261575163258812972e+04,4.261192987173956920e-02
1.352376503373719230e-01,2.348718057811028484e+04,-3.451126426597826702e-02
2.182580055183423740e-01,3.944095929920104390e+04,-2.405741551167581843e-02
2.172011632616514809e-01,2.572902183397514455e+04,2.397926551752093197e-02
2.089385676168863948e-01,4.696487459882123221e+04,1.527028089609844784e-02
2.066994296180188484e-01,3.981196289427160809e+04,6.081626991332553245e-02
1.899734067892916711e-01,3.734699650893644139e+04,-6.606676685314166221e-03
2.034749167397133796e-01,8.199399499146369635e+04,2.261091933759135780e-02
2.123739358607528438e-01,3.922030818585919042e+04,-5.940980790504518834e-03
2.078866903229821261e-01,4.493013701522993506e+04,3.683651368290620509e-02
2.110104772557508113e-01,3.219865269380333848e+04,6.663244187723339762e-02
2.194129089340146332e-01,4.217068262604364281e+04,3.579840238567232047e-02
1.884975259175496187e-01,4.011670488996899803e+04,-2.161593494680474209e-02
1.626689860406370092e-01,4.252782877096805896e+04,-2.088753264108044599e-02
1.423343492359009088e-01,2.690597059186693150e+04,-3.380640003601100702e-02
2.152483723845712016e-01,1.676876435079486691e+04,1.670474219253305359e-02
1.932968431104304663e-01,8.095857076481533295e+04,-2.726840687109138503e-02
2.142915610853421138e-01,2.271771725723844065e+04,3.128821751713623672e-02
2.152676856605491573e-01,3.224489017278639585e+04,6.785687056658500256e-03
2.088623363075095551e-01,5.101492360893536534e+04,1.187519964658680510e-01
1.587766887033608409e-01,2.396851213451449803e+04,-2.243123657224839820e-02
2.130502732715039149e-01,3.683465476256285183e+04,5.903016997343774747e-02
2.149805923787825312e-01,3.121359534943689869e+04,2.293581906358727052e-03
2.075610659830633420e-01,3.032183881591979662e+04,-1.218156056048131514e-02
2.133430084263087667e-01,3.244507999044566895e+04,-4.805098010556351634e-02
2.135999389174773055e-01,7.231858365259807033e+04,1.714703893138311633e-02
2.149758801891731852e-01,5.338715801184627344e+04,2.387715673377034317e-02
2.072995904956899671e-01,1.947237351591799961e+04,2.465668620912775388e-02
2.099251948499517573e-01,2.751909800162797910e+04,1.885541493538115537e-02
2.110082238847832414e-01,5.347121651606718660e+04,3.035031915080672188e-02
2.212549034333987363e-01,5.583151970338987303e+04,1.388878672594346497e+00
2.158809968103353460e-01,8.227075188977200014e+04,4.964760479082383493e-02
1.188337910766752575e-01,5.088234481649595546e+04,-6.913816094809631385e-02
2.145211787108874391e-01,3.239077053812908343e+04,3.426913690915002475e-02
8.095179770788370199e-02,2.533699687868962792e+04,-7.741563633049132996e-03
2.011499445970221511e-01,3.488668295523003326e+04,1.266320140803278878e-02
2.076227396430923577e-01,2.436691330946512608e+04,-4.897417555486744539e-02
2.018847304370607054e-01,3.175071443452805761e+04,2.035003856974026970e-02
2.170078823440566573e-01,2.148236736546862085e+04,-2.534298006961003755e-03
2.087107488291378432e-01,3.655761032960787998e+04,5.874059743136687654e-03
2.125728631596505713e-01,4.064637109533842158e+04,6.365967864666973591e-03
1.902329875427462846e-01,3.131856242933356043e+04,2.437059291696091340e-02
2.130747294618727528e-01,2.510562276066010963e+04,4.507091895938692338e-04
2.160211694731782595e-01,1.650844756515404879e+04,3.720831754487604302e-03
2.016294290090528407e-01,5.268218891381619324e+04,-3.541054174132422794e-02
5.426308414358215620e-02,2.422651840660866583e+04,-9.091926467734493672e-03
1.711864501971923080e-01,2.299320114515706518e+04,3.291717646493572211e-03
2.130534588950465380e-01,2.162505083792430378e+04,-3.942999783331376743e-04
1.867774996683573552e-01,1.694643402961735046e+04,5.083786258375048994e-02
2.146845033542577885e-01,2.637968801819301734e+04,2.133025831798219044e-03
2.101680934771048004e-01,5.037975802013018983e+04,1.819958384234557705e-02
1.709517512498876790e-01,2.948321476458465986e+04,-1.679944678358512300e-02
1.868956230234120330e-01,2.328413780776426211e+04,-2.769519536844365290e-02
2.170052117344613007e-01,1.981235331098902316e+04,2.208330570210259233e-02
1.673330569071660168e-01,1.744811085649046436e+04,1.195351122585419992e-02
2.183190514993265940e-01,3.068848444856274364e+04,9.456672384735383477e-03
2.122088380483879710e-01,3.881043380066187092e+04,2.541480516551760521e-02
1.535438355914699182e-01,3.935883493400525185e+04,-4.055786529358219872e-02
2.149065434446345846e-01,6.410331795272738964e+04,5.031742141230644005e-02
1.419347839760067564e-01,3.403931510037710541e+04,2.877624560081737046e-02
2.183898879174481777e-01,1.801731822364869367e+04,-3.586881735704481461e-02
2.197804053993846207e-01,2.349101015598011872e+04,-1.126625914687698002e-02
2.076996566590961768e-01,2.084967418581258244e+04,3.088314097536731112e-02
2.058327593982980375e-01,5.511977303710163687e+04,3.014051662399077226e-04
1.724891967277580040e-01,2.086166893357395384e+04,1.605961850765416643e-02
1.641337352075492861e-01,2.844263660067401361e+04,-1.817241237836614634e-02
1.967656767467090284e-01,2.655046726590630715e+04,-4.902039253258845541e-02
1.493117945658725965e-01,2.857537504845631702e+04,-5.335762425066542525e-02
2.215671280604507576e-01,2.162924818162083830e+04,-2.349266540326400490e-02
2.011539959228552110e-01,4.545752016174039454e+04,-1.538023877866232956e-03
2.170720738263351157e-01,3.220637513196383952e+04,-1.652849156812266629e-02
2.180967741445223596e-01,2.309417989821351512e+04,1.146162433390672530e-02
2.056964698794963575e-01,4.243170296202194004e+04,-3.648580314737098589e-03
2.160733657742649472e-01,2.677027555000123903e+04,2.684167003550194663e-02
2.107646493026613943e-01,3.357708796683399123e+04,4.507408283976661705e-03
2.093246643686743902e-01,2.618136917765234102e+04,2.899609299070190702e-02
2.037770876309011048e-01,3.744656942468753550e+04,1.207539990113071400e-02
2.075933971803772538e-01,3.404175120556878392e+04,8.915775453884326740e-03
8.483514359113024372e-02,1.880662281122236527e+04,4.808071777551302384e-02
2.132034742806385441e-01,2.294960444431373617e+04,5.105993223210094495e-02
2.018035982866043243e-01,2.969392480452830932e+04,1.780204257711209825e-02
2.183473217322048354e-01,1.550903205485648141e+04,-1.526073357128853933e-02
2.193480524369686435e-01,1.943060497102289810e+04,3.238306090872416360e-02
2.119380403534382451e-01,2.049155145290965447e+04,-7.922161404655096370e-03
2.115906302411390549e-01,3.419685842459223932e+04,-4.333805429345595484e-02
2.127187796269462694e-01,1.473040678937257326e+04,1.648127536283803055e-02
1.168973852666386204e-01,1.998530017299056635e+04,-3.901745389031370526e-02
2.165451347188134812e-01,4.285516523296206287e+04,5.236882006327759492e-03
2.194964113228924374e-01,2.523584114384542772e+04,7.882875702072817542e-03
2.124564718177351375e-01,3.444915164873689355e+04,2.641189255861749186e-02
1.339688758007523406e-01,2.941908771742953104e+04,-5.988130905851891256e-02
1.787854965296679921e-01,1.621662199645001238e+04,2.063167867963561219e-02
2.134424350211094057e-01,2.363520464196039029e+04,2.496002794668844560e-02
2.038130440600388615e-01,3.308223535895431996e+04,3.697635677689121297e-02
2.155279292979318806e-01,3.987810356002880144e+04,5.420276412727364351e-03
1.507825821767596886e-01,3.598732997709473420e+04,-3.553275833759340918e-02
2.071949259156303791e-01,1.779652738731238787e+04,-2.857590212998889836e-02
2.079781770768219518e-01,3.298921531156570563e+04,-2.454275811263732787e-02
2.056732789438363018e-01,2.601284741157136159e+04,-2.986121179983280624e-02
2.153855603099413263e-01,2.075202617931488930e+04,-1.011135091292088067e-03
2.169086530149796632e-01,1.555083837306473652e+04,1.947939591339426305e-02
2.073069462539265106e-01,2.585599096567746892e+04,-1.005399216549914638e-03
2.173241167770577076e-01,1.876577244762067858e+04,4.796583063102233951e-02
1.881259962342248238e-01,3.627597514723057975e+04,-4.405057648571721052e-02
2.040780177931799111e-01,5.116300335656372772e+04,2.258787073431701639e-02
2.157701164745217393e-01,3.680084105295363406e+04,3.982285173285105701e-02
2.141793853509799672e-01,1.744169513880107843e+04,2.933137019638092091e-02
2.173701903992377726e-01,6.645481107340565359e+04,1.140695572245144923e-02
2.041554333178565162e-01,1.727216530630041234e+04,3.923929187694803061e-02
2.087264743744680628e-01,6.689379224454403447e+04,3.792820426492103658e-02
2.100703743198827356e-01,2.391337661217769346e+04,2.507507514324151116e-02
2.182513827167781306e-01,3.431443510160956066e+04,-2.493656113988385915e-03
2.026347291911934911e-01,3.324076618952851277e+04,-3.354622125214607592e-02
2.212549034333987363e-01,5.583151970338987303e+04,1.388878672594346497e+00
2.128741750101868224e-01,2.261296518242217280e+04,6.079154796773347628e-03
1.568809551510703115e-01,5.153738689948877436e+04,3.830988666397992359e-03
2.158270578091525116e-01,2.661956699250388192e+04,1.468343809183587532e-03
2.060751700768160832e-01,1.432783956901535930e+04,2.506365599855844145e-02
2.053913651248508443e-01,3.799069704982182157e+04,-1.230790763609024112e-02
1.716088532819355084e-01,4.351029664979068912e+04,1.169949353552256037e-02
2.125263715214182336e-01,2.392245785327345220e+04,-2.977370259172593451e-04
2.061973306236151438e-01,2.654539956860354869e+04,2.087073153816430826e-02
1.948847132403802584e-01,3.858271806596544047e+04,-8.396338948354592491e-03
2.163529835306482463e-01,4.187110450235779717e+04,3.751156595292014229e-02
2.144961281319377744e-01,9.581759767622099025e+04,4.805342912888635465e-02
1.343670138985944285e-01,5.717338992251007585e+04,-1.181211523427984356e-02
2.181349858234884476e-01,2.560754769626400230e+04,9.200548922816175271e-03
2.146514230025274861e-01,2.971620491348356154e+04,5.799319619600895592e-02
2.037971348228849455e-01,4.048346301592663804e+04,1.461841295030658419e-02
1.881091535626467914e-01,3.093663678387701657e+04,7.001765003237382656e-03
2.023576629842189500e-01,4.166196676346058666e+04,-2.252397238581178851e-02
2.127662732585628991e-01,4.556820568239856948e+04,2.783831816951454902e-02
2.190190324251701792e-01,6.422287271509064885e+04,4.915096524195108202e-02
2.066711332155370118e-01,3.305791314923338359e+04,2.321646147859274950e-02
2.077490452685623601e-01,3.742722634974801622e+04,1.737464198064364931e-02
1.093258029508284296e-01,4.812270063033649058e+04,-3.788687806926576557e-02
2.134427974381711002e-01,2.208497309666377259e+04,3.577457439419464563e-02
2.148115271463508780e-01,2.077073421135046374e+04,1.700316176540896812e-02
2.163678622727636669e-01,3.726977388514349877e+04,2.721079860498631584e-02
2.173773546323997108e-01,2.932446081628453248e+04,-1.027250082969037928e-02
8.599152365872020365e-02,8.986669942699221428e+04,1.060112952445647072e-01
2.069299806453291368e-01,2.297420483638129008e+04,9.097519966240103645e-03
1.957726100924183643e-01,4.617192272800275532e+04,-4.162571028250317690e-02
2.136340167750736263e-01,4.910635926480617491e+04,-1.713161857382882250e-02
2.192382740782802819e-01,1.929536774487989533e+04,2.631439255366360697e-02
2.128110626533915029e-01,4.360820706300530583e+04,3.696405642104332728e-02
2.025500978439637723e-01,3.178201054974008730e+04,-3.601861837430769125e-02
2.145312937616889182e-01,3.349957908723973378e+04,1.493755957725601859e-02
2.187731381715666557e-01,1.748433652384794186e+04,3.627323624654740092e-02
2.021678220431423201e-01,3.294967567802670237e+04,2.410963185516651341e-02
2.147986995109099628e-01,2.839230970388008427e+04,1.015548369694725499e-02
2.158204973915340552e-01,2.768089802350239916e+04,-3.965793874586444508e-03
1.672393666208372986e-01,3.305476798142248299e+04,-6.365179604544793888e-03
1.978188641157480332e-01,2.221251093760905496e+04,-1.762210295643414082e-02
2.143817921735537424e-01,4.014695553072093026e+04,-9.701163564790084987e-03
2.216843477410790630e-01,2.872856349295893961e+04,5.935158271172815379e-03
2.158085127649558843e-01,2.444361222113397525e+04,9.087961734010809034e-03
2.142668796390684027e-01,3.833569145603931975e+04,-7.034881359562241733e-03
2.131334558166614879e-01,2.603285514342705574e+04,4.309939211096778383e-02
2.090760181762872372e-01,3.960617279366985895e+04,-5.154291058716626260e-03
1.956161696563540331e-01,1.753953428491218438e+04,-6.008020667328621556e-02
2.018384582412663941e-01,3.291316405233804107e+04,-8.044586165294903904e-03
2.141229243076598343e-01,5.604523385217841133e+04,4.333556801635689987e-02
1.717126675122984114e-01,5.626872912175551755e+04,-3.885031988997302010e-02
1.962385645702455217e-01,1.854419197937303761e+04,2.032580267286546172e-02
2.167242811346896669e-01,4.080730427103595866e+04,1.545058122921070046e-02
2.120433867793067029e-01,3.650482451233480242e+04,3.969879129093745879e-02
2.137105110380476403e-01,6.299323934498523886e+04,5.167329107650002473e-02
2.172206449048877386e-01,4.532427021504724689e+04,3.237478498517262770e-02
1.688083526602599527e-01,4.063912200825971377e+04,-4.868499789209439210e-02
2.155677354561260084e-01,2.363246464181706688e+04,-7.879012510393169910e-03
2.021490217239837461e-01,2.729196681089356207e+04,4.538246052673232216e-03
2.180725735132076626e-01,1.951456864366428272e+04,-3.985531284576227656e-02
2.083310832418403258e-01,4.403256807980246958e+04,-6.220322439867177755e-03
1.913585119788878963e-01,2.790835920782811445e+04,-2.897085999082295305e-02
8.858305550647782578e-02,3.175824806479167091e+04,-2.635602538964698649e-02
2.026900760879282448e-01,1.585758160193824733e+04,4.430824566901917644e-02
2.049713085909572741e-01,2.833355218805839468e+04,-3.254528067145004422e-02
2.116674455387799747e-01,4.122184175539998978e+04,-7.243147009727887893e-03
2.015905313723883596e-01,2.071342555260930749e+04,3.321949996662849208e-02
2.069478461814887038e-01,3.676373653764820483e+04,8.199157437027104062e-03
1.964513780206730564e-01,3.187586664643456970e+04,-3.467991678477826134e-02
2.167728038559197101e-01,3.500052386137371650e+04,4.549096167242588917e-02
1.208552858985604689e-01,2.104678376775874858e+04,-4.571962709269731390e-02
1.776173313643717444e-01,5.146965242237321218e+04,-4.560781097178653182e-02
2.100252501133292871e-01,2.940500767756627465e+04,4.255396073103771132e-03
2.162476863835838259e-01,3.178112954699446709e+04,-4.997721392146693697e-02
2.182081075972376327e-01,5.939821976497005380e+04,-3.559570406132152830e-03
2.125949346937558160e-01,4.043256298614121624e+04,3.934828362057257722e-02
2.149180478379986436e-01,5.564626079656602815e+04,3.770856780339337799e-02
2.200969107930741964e-01,4.797349376036733156e+04,2.749190935473248484e-02
2.187114402015960524e-01,2.057636294257109694e+04,1.615648741785272180e-02
1.988523501021680073e-01,5.021182373576864484e+04,2.842989241555214652e-02
8.177410037582687197e-02,5.145502194706388400e+04,-2.620424051985519032e-02
2.195177870346357307e-01,3.367491757502494147e+04,3.037382214494600483e-02
2.199986429027786516e-01,4.490474715447871131e+04,4.716416566284055423e-02
2.152064145890833502e-01,5.315533322720718570e+04,3.050667871790060243e-02
1.924024574179357960e-01,2.125749851945804403e+04,-2.195420215366928468e-02
2.176705982282607643e-01,2.732816977117375063e+04,2.395783127470103163e-02
2.088623363075095551e-01,5.101492360893536534e+04,1.187519964658680510e-01
2.166767853889391138e-01,3.253600621528607007e+04,4.111448045191672118e-02
1.615660980390145052e-01,2.683297423116500067e+04,-1.731484820045884818e-02
2.136616620380420717e-01,4.041152110613283003e+04,3.603221627468344845e-02
2.105947574245513598e-01,3.777992014441695937e+04,2.689581991693411334e-02
2.130058548285874986e-01,7.405067969615136099e+04,-4.726337127651276428e-03
1.832889214081782625e-01,3.279785934070267831e+04,-2.625624932817213417e-02
2.167412779069178563e-01,1.839064608925853099e+04,-2.985455833600592079e-02
2.149027093595009541e-01,4.693422270033384848e+04,2.814059784160063971e-02
2.145846843497798140e-01,1.789970199815966771e+04,3.351028616378663033e-02
2.193819918558367887e-01,2.089638289720690591e+04,-3.787306716203499984e-02
2.141883681035259279e-01,2.708614687263798987e+04,-7.355456270497886043e-03
2.148657794717916403e-01,2.179350895021309043e+04,-2.896553157361260109e-02
2.183076321713056933e-01,1.952100991301850809e+04,1.801265827316149079e-02
2.062685193025471375e-01,3.358555163234204520e+04,-1.041420084388957994e-02
2.140398996278794763e-01,4.842873307615642261e+04,8.326510934719102974e-02
2.172013106390410231e-01,2.403736698321363656e+04,-3.102341920004918902e-02
2.135541408003177599e-01,3.542722877697259537e+04,2.814843403445979261e-02
2.177156183635516051e-01,1.899253791852421637e+04,3.110572473230343617e-03
1.880300826969908967e-01,3.784063442537781521e+04,-4.534106577510534086e-02
2.162175045559827924e-01,2.948783427033991393e+04,-1.110857632040611722e-03
2.161012721035561468e-01,1.830517054903315147e+04,1.812031145099933516e-02
2.099803972636147542e-01,4.303431299475995183e+04,-2.240135223539864440e-03
2.175491105175141326e-01,1.971091613897323259e+04,9.884459667423978885e-03
2.185476357288753946e-01,3.225880141936595464e+04,1.979398738230572080e-02
2.135049627650329185e-01,3.021465838782160063e+04,1.950214560896146310e-02
1.880977534460349931e-01,3.502494502601353452e+04,-2.708930924615909550e-02
2.153715483312544088e-01,4.707778191144281300e+04,3.703413792599125065e-02
2.194485519102508664e-01,2.995698803063874220e+04,1.004362146617429272e-02
2.147786604062892069e-01,2.767411037161960121e+04,2.090607753858961942e-02
2.121495713909117842e-01,4.034514921052100544e+04,3.453471334838922879e-02
1.958999792967256182e-01,4.824907801980488875e+04,-6.567078471830120612e-02
2.020103434770497419e-01,2.365028318054775445e+04,5.624313326493757953e-03
2.201413779378644242e-01,4.179684901889055618e+04,3.586182837882549712e-02
2.175765455356422629e-01,3.999788605289529369e+04,1.465199367576954480e-02
2.141169798218110765e-01,3.036983138601362953e+04,2.903645725076881359e-02
2.162842141352713243e-01,5.121989681086882774e+04,4.721868423139261722e-02
1.992666527761437489e-01,4.252211670968648104e+04,-1.923830329684271881e-02
2.138208792273230685e-01,5.244437220414167678e+04,2.174629549663912795e-02
1.943431025155355762e-01,3.377099160312519962e+04,2.309637522531034909e-02
2.000855935462180768e-01,1.493428696597919043e+04,-3.773094844840741563e-02
2.171449792084799713e-01,2.536819291170333963e+04,6.678488253112487352e-03
2.188968941407673507e-01,3.269327510437083401e+04,1.936875548817353770e-02
2.127486818558096404e-01,3.678997834092291305e+04,1.388133895317560443e-02
1.751523759032205529e-01,1.616613642465886551e+04,-4.268398410319056147e-02
2.130446245872781308e-01,4.192860459990930394e+04,4.528187809643681450e-02
1.924875013558473014e-01,3.008209870283163764e+04,1.165209993460865345e-02
2.144596584930766603e-01,4.864685436266408942e+04,1.529104596409159786e-02
2.124936745972418051e-01,5.423232464130375593e+04,1.415967101075619496e-02
2.160428099593149631e-01,5.861248282756091794e+04,-1.382578147031825883e-02
2.055844655256280906e-01,3.170669678418029071e+04,1.655183385165574436e-02
2.205467260872156221e-01,1.979374529405991780e+04,1.318436557920508144e-02
2.142137564353198409e-01,1.859238008495467511e+04,7.300368054109461491e-03
2.105089776532538537e-01,2.253084813135195145e+04,-2.150733595903546458e-02
1.188337910766752575e-01,5.088234481649595546e+04,-6.913816094809631385e-02
2.191603972610348672e-01,1.997389270518857666e+04,1.702927021945929015e-02
2.149297375848680802e-01,3.211297866416416946e+04,1.001586028918062879e-02
2.140388888289671832e-01,2.671277424240752589e+04,2.724315320573063911e-03
2.041801568282158030e-01,2.535286648383253487e+04,-2.983783206939017926e-02
2.221212281271633393e-01,5.206856046631606296e+04,2.945556204179375914e-01
1.590285528983763907e-01,4.215666652912192512e+04,-4.177096419548851497e-02
2.124464171876622454e-01,3.451861509252693213e+04,3.285223987372576371e-02
1.958656168261861397e-01,2.728240852077760428e+04,-3.273215569105696054e-02
2.195134590083882564e-01,4.103922126617596950e+04,-3.507548211992057158e-02
2.137959266702404992e-01,3.456478447282463458e+04,1.658642900762714737e-03
2.050305023387256620e-01,2.600556259369027248e+04,-2.107391162774539112e-02
1.975907253679436704e-01,2.038241774057362636e+04,-5.816291196946556108e-02
1.976832524591688456e-01,5.639998753119388130e+04,8.570844415194595056e-03
2.146343498572764463e-01,1.519939131028538759e+04,-1.374700308615195779e-02
2.178157048775474780e-01,2.691344345965079992e+04,4.657124168966254862e-02
2.159829465002209847e-01,3.047513341538461827e+04,1.358795154976728120e-02
2.185300512057991584e-01,6.023585550720745232e+04,3.414542749159420881e-02
2.170889961364360354e-01,3.795055803883801855e+04,1.607753983399986056e-02
8.177410037582687197e-02,5.145502194706388400e+04,-2.620424051985519032e-02
1.859771826392283556e-01,3.478003916846397624e+04,-4.810332170930891466e-03
1.336745247163710071e-01,5.063297816517671163e+04,4.082790309892057184e-02
2.133578936322548802e-01,2.847970067679644853e+04,4.724685781444248889e-02
1.957258207383086590e-01,3.158608152048358170e+04,1.416731489419103401e-02
2.172427758414885446e-01,1.775454460495788953e+04,4.466879299211537480e-03
1.528300100969464115e-01,2.919926367738773115e+04,3.972593878160879909e-03
2.145668368106392887e-01,4.247359959681230248e+04,3.826376956846742720e-03
2.136971954115597094e-01,4.332252434360742336e+04,6.036992119990750721e-02
2.007689817335926441e-01,7.068725120647673612e+04,-2.729367059477389498e-03
2.212549034333987363e-01,5.583151970338987303e+04,1.388878672594346497e+00
1.580828444763949792e-01,3.377542581674903340e+04,-4.135739258123463614e-04
1.959580258855260493e-01,3.699747599868869293e+04,1.617843553127666992e-02
2.168936268331649597e-01,2.630493878613487686e+04,-2.438548675489623022e-02
2.109501356845041864e-01,2.912170513540970569e+04,-3.143573505588031364e-02
2.155221507820174465e-01,2.674110801157896640e+04,3.135908462050501777e-02
9.033698175572649203e-02,4.369149762584101700e+04,9.412001361532085220e-02
2.058758711412821685e-01,3.555752372698948602e+04,3.730080222947153301e-02
2.052151356089657597e-01,1.621254896181076765e+04,-1.318557893204688747e-02
2.033218213555640641e-01,1.913706492424224052e+04,5.535339661094926429e-03
2.094874682119754472e-01,5.359105537434545113e+04,8.720219930195380331e-03
2.139034508245621358e-01,4.010093679184396751e+04,2.835888153045515100e-02
2.014304281341436909e-01,4.144478769116150215e+04,-9.735096445499651432e-03
2.143711874322596078e-01,2.451469672228574200e+04,-7.124787016957161850e-03
2.165181745977219074e-01,1.998902938258234281e+04,1.259838270830119546e-02
2.159871507642932564e-01,2.931036220876259176e+04,9.476690080771002370e-04
2.174334306097695513e-01,3.877614596279383113e+04,3.344102089824953217e-02
2.178634423887524652e-01,3.940969176881601015e+04,4.197409082354671295e-04
6.656143383879187247e-02,3.398773409169692604e+04,3.379110904094007495e+00
1.904116855576021283e-01,4.301182261045362975e+04,-8.799343252713436384e-03
2.160081643830910614e-01,2.467170006060924061e+04,2.494607437784993748e-02
2.086334905956662156e-01,3.632455152634241676e+04,8.623900885186440088e-03
2.013790634737652741e-01,3.504276229534028971e+04,-9.803433046205685397e-03
2.151941163147165215e-01,3.001409999671467813e+04,1.533696362683107696e-02
2.167426421311545726e-01,1.910552324375748867e+04,8.642553639394567541e-03
2.145985421046451014e-01,2.577386763133050408e+04,2.066286575810923325e-03
2.201253842455180854e-01,3.410009793671093939e+04,2.664389302772650001e-02
2.222187967038423695e-01,2.056326991988608643e+04,-2.119978572654568003e-02
2.137239521975939638e-01,3.866038409321992367e+04,-4.927779591041022561e-02
1.994846278767579417e-01,1.956958113996006432e+04,1.939220698252994493e-02
2.154347251961289678e-01,4.862156571851512126e+04,4.263702408507236141e-03
2.208665785667384696e-01,5.588345056780701270e+04,2.161342280987067072e-02
1.791095434283187793e-01,2.617081896962473547e+04,-2.969160710213948270e-02
2.221113892057736405e-01,4.476646610780211631e+04,1.632227208267869600e-02
2.156038967337016166e-01,3.107727016788552282e+04,1.135948748364636225e-02
2.091835200614638457e-01,7.685067673357964668e+04,1.507703768301945843e-02
2.146713162566113720e-01,4.346850572990311048e+04,9.597999139160019733e-03
2.183663145994603760e-01,1.941723839769109691e+04,2.107986681280677246e-02
2.153214951345707173e-01,1.941821441823044370e+04,1.954150806238486981e-03
2.054784454591909171e-01,4.838153359701050795e+04,-9.775845754711787877e-03
2.144085825335268480e-01,4.119394028137194982e+04,-4.578106068005101739e-03
2.069079925545205534e-01,3.282725463348525227e+04,4.466096633961864903e-02
2.179164992268215195e-01,7.416948813250465901e+04,2.965062109975600754e-02
2.159749075653496775e-01,2.524086610619852945e+04,4.961468138897832600e-03
1.512470869062552126e-01,4.305954301895586104e+04,-2.908929075271553602e-02
2.143686797945434375e-01,3.739590714852106612e+04,4.120890061325117176e-02
2.071136125857592769e-01,4.197579642422783218e+04,1.562801505899341289e-02
2.198407586819814685e-01,2.652038301417164621e+04,-1.258629412923407270e-02
2.176445576716305452e-01,4.160328233152927714e+04,-3.685844112676031625e-02
2.182633859538383736e-01,2.057432508054740902e+04,-2.563427230004272639e-02
8.552571841430736677e-02,1.942044051304764798e+04,2.817900713595816904e-03
1.827577662215935095e-01,5.248426335258461768e+04,-7.382346444674694336e-03
2.081399895615779483e-01,1.750788584498016644e+04,-4.062015835220659371e-02
2.116916378444614055e-01,4.203029509258408507e+04,-4.861710002697244327e-03
2.149768385719414698e-01,4.866957687498851737e+04,5.013378098295880048e-02
2.029007638665515367e-01,1.788026628874456583e+04,-6.752997239492911780e-03
2.130789786740951985e-01,4.313899270932965737e+04,-1.242284950693256680e-02
2.130072515634960917e-01,2.467264588058195295e+04,1.453054619269980412e-02
1.643480001192492157e-01,4.190974106220042449e+04,-2.032604473626309707e-02
2.083401492741069061e-01,1.558353011280781902e+04,3.955465347989588210e-02
2.128910859196480321e-01,1.537339173095343722e+04,3.931860557441457273e-03
1.995703601298879359e-01,2.000650535450250027e+04,3.685763957809688046e-02
1.635207967444495536e-01,3.451177720110707014e+04,1.354244446828079332e-02
2.113625343771774745e-01,2.588842496935730742e+04,-2.773089505393072293e-02
1.504742831496419242e-01,3.969459837728405546e+04,1.148581501146303877e-02
2.143507862053533608e-01,3.066533765683080128e+04,1.633003812722186310e-02
8.497810103122149794e-02,3.712324790177171235e+04,1.669593256012442961e-02
2.210682819687495027e-01,5.126706863415559928e+04,9.877050764044435771e-02
2.127402375444937543e-01,4.974907227742254327e+04,9.090687892559580138e-03
2.133634226408478440e-01,3.978050517926269094e+04,1.839555837157200516e-02
2.177543084245463223e-01,5.129591875294793863e+04,2.533493478914220290e-02
2.165558135495559144e-01,2.222346614272251463e+04,-3.768034563642188445e-02
2.209822079687034924e-01,2.158060729521938993e+04,-3.227994588371380785e-02
1.964401938904072331e-01,2.058974641951151352e+04,-4.049130988495150407e-02
2.150495204781485981e-01,2.469488958774649655e+04,-2.213113655222010562e-02
1.208198570389602405e-01,4.391873210100173310e+04,-2.172011056437323645e-02
2.212549034333987363e-01,5.583151970338987303e+04,1.388878672594346497e+00
2.177825514216992775e-01,2.869683238249486021e+04,-1.132553688010734657e-03
2.067809927281587801e-01,5.552156562158351880e+04,8.369225105895612693e-03
2.141424172085800715e-01,3.080384444724551940e+04,2.722367834157218489e-02
2.150018630203740788e-01,3.513534284758805006e+04,2.362329730880051437e-02
1.963912041060525970e-01,2.235788008103992615e+04,-4.454749424415413439e-02
2.111748381180384992e-01,4.386398086764333129e+04,2.900353058847745732e-02
2.089114953690134058e-01,3.396458130013525806e+04,2.559464865477440246e-02
2.156407562457977323e-01,3.687313438911520643e+04,3.740573674794505504e-02
2.068394855377752584e-01,4.069339640305248759e+04,3.034086008743629159e-03
2.136011211596415271e-01,3.813327807643606502e+04,2.045042109639624156e-02
2.148428228618982916e-01,2.480194711877606460e+04,3.689179196334190641e-02
2.111635470749245458e-01,1.739625757151400467e+04,2.158896964562231902e-02
2.080359461254558673e-01,4.684252925811606110e+04,3.626394908893974204e-03
2.093136504416691912e-01,2.112773876475615543e+04,-2.789963071824511087e-03
2.029742949280770314e-01,2.562966805555929022e+04,-2.066769602148956549e-03
2.119015520607271663e-01,4.430195019113975286e+04,9.978896978009677704e-03
2.162842141352713243e-01,5.121989681086882774e+04,4.721868423139261722e-02
2.189259671584070921e-01,2.764187937432235049e+04,-8.633811619195342485e-03
2.167667760290005186e-01,1.900666538478091024e+04,4.538857043228678757e-03
2.172017028299060015e-01,5.030063452179473825e+04,1.194576587806539178e-02
2.156186454627820326e-01,2.724780845938552375e+04,2.952483105631654656e-02
6.439311782583458099e-02,4.407160113914551039e+04,1.059904478970845165e+00
2.101976913355362298e-01,4.709873965672815393e+04,1.813215049083234318e-02
2.080401926471746876e-01,2.863736019226184726e+04,-1.679956784955900003e-03
2.123875766653422759e-01,2.118763608738852781e+04,2.488238862506723850e-03
2.132229308001797885e-01,5.638255866484351282e+04,1.403913200365295398e-02
1.997079247144326886e-01,2.060215658799198718e+04,-2.973452652489531715e-03
2.065528553496554232e-01,4.377552837250972516e+04,3.348009460975895357e-02
2.170078666886220142e-01,1.461370565291980529e+04,3.911071238020256968e-02
1.188337910766752575e-01,5.088234481649595546e+04,-6.913816094809631385e-02
2.127740198518391912e-01,4.257021035542742175e+04,1.795520748845044062e-02
2.156507108321575328e-01,3.948724813601547066e+04,4.397823559011197932e-03
1.770224823787869828e-01,2.606992608156023562e+04,-1.724437642139331137e-02
2.156304494161234708e-01,3.462228661333811760e+04,1.640221878518847293e-02
2.087308552538458817e-01,3.077904864394274045e+04,2.423611742613089245e-02
2.013103262116543168e-01,2.830676969013412599e+04,-1.642603391303538475e-03
2.112664908857288804e-01,2.416554039240325437e+04,2.040360734146105109e-02
2.098275880202555566e-01,3.006821084647794487e+04,1.682487701394039942e-02
2.060852692100651196e-01,4.927818486480609863e+04,2.386110408644044611e-02
2.182572239176860107e-01,3.132347158708236020e+04,2.397927247729270128e-02
2.114100125721776746e-01,4.266076692366971110e+04,-3.304043621817383258e-02
2.000616782958030693e-01,1.676582768546232182e+04,1.428449843398234102e-02
1.242469433650912197e-01,2.410078642254649094e+04,-1.466826629551389906e-02
2.108582886761056208e-01,6.494442200423857139e+04,-2.499374496304642909e-02
2.093077576143061447e-01,5.040904002254999068e+04,1.188873663357088196e-02
2.154651910025469630e-01,2.991796852467114149e+04,1.059473617118541870e-02
2.173029756803745993e-01,1.779084388269498595e+04,2.397406975967530940e-02
2.159991199090907088e-01,2.974738257214933401e+04,5.197129969096066400e-03
2.127632790806197327e-01,2.595841142860302716e+04,2.317646649457685837e-02
2.191115782180622640e-01,6.854975708560738713e+04,-3.931091911709080032e-03
2.140950933386287780e-01,2.900295010374712729e+04,-2.533710059357366373e-02
2.124070732282642704e-01,3.104208591370224894e+04,-1.073017121404399275e-02
2.143973276031948261e-01,2.382283789601804529e+04,4.122887949936544089e-02
2.142773454268717681e-01,2.770218581036208343e+04,5.183679974816540704e-04
2.161238004974358751e-01,2.689494378967690864e+04,1.772476640499130382e-02
2.204250006636985226e-01,2.336620624677092565e+04,1.102042208176491796e-02
2.044568985071019696e-01,2.998936488600063240e+04,2.288574313708195522e-03
2.164574294652028830e-01,2.602840388000399616e+04,-4.038803203351861056e-03
2.070283490989993369e-01,4.699193193263052672e+04,-1.314291815459948031e-03
2.093601847523693660e-01,3.180736159906850662e+04,-7.882168188836378986e-03
1.980112221296178310e-01,2.112820912393695107e+04,-2.421118635361542773e-02
2.159172227857954762e-01,2.837947297675596201e+04,6.093087035009865302e-03
1.905632279140289376e-01,3.916657988193217898e+04,3.337954453916965741e-02
2.052135918310462881e-01,1.893691626134487888e+04,3.620403456639450374e-02
2.202013346284178441e-01,2.712145726389493939e+04,-4.521614347279924624e-03
2.143352075258689315e-01,3.243650617567152949e+04,2.327854018243582374e-02
2.046954308097936603e-01,2.266430338470008428e+04,1.986866239404544779e-02
1.789337902105100353e-01,1.745044085008500406e+04,-5.276178490801808341e-03
1.820057106894640842e-01,2.424497797397875547e+04,2.148377781360516145e-02
2.158906137065037534e-01,4.311306193555828213e+04,5.960279694769530373e-02
2.106515715062417804e-01,1.432578382961687385e+04,1.981659314779777095e-02
2.069822377174217187e-01,3.418166119871301635e+04,3.367428974456291441e-02
2.146298698804393057e-01,1.934951021932205549e+04,1.586397167448425072e-02
2.192668833656881977e-01,2.072415877894602818e+04,3.035450552158270102e-02
1.989484829471459826e-01,4.686995277145615546e+04,-1.874541546151578184e-02
1.269208540027157439e-01,2.577366034482103714e+04,4.331482314060833977e-03
2.073604631341816051e-01,2.942797104104459140e+04,-9.343770666954468590e-03
1.702403911005155035e-01,3.390427801959764474e+04,3.946581192120367579e-03
2.111823007656669360e-01,3.856170419185516221e+04,2.278703236795159848e-03
2.003667228052070370e-01,2.211437769936691984e+04,2.239275266748342111e-02
2.057441523896884616e-01,3.009703224191999470e+04,7.277438978381789436e-03
2.090980234418477191e-01,2.770631553660118880e+04,-9.764052075341759368e-03
2.156987417289398246e-01,2.192562646310073251e+04,2.934098670564085076e-02
6.895567982473348179e-02,2.528588347674405304e+04,-9.221773126066205384e-04
2.185882241217383670e-01,7.782371419792488450e+04,2.421630067025752966e-02
7.223072368743028993e-02,2.172558547135097979e+04,-7.137089549782191233e-02
2.199873787193681318e-01,1.792043134615480449e+04,2.631183876239928665e-02
2.188403883064645450e-01,7.045113273794653651e+04,2.488184417650969940e-02
1.985869454753174113e-01,2.655880219465493064e+04,-1.542149911730083395e-02
2.100409418042369913e-01,3.034332604196562897e+04,-1.147680588725002830e-02
1.868494583901157413e-01,2.300209864789884887e+04,4.697655061293346500e-03
2.147534361247713519e-01,1.007411541466513445e+05,4.161707817714315263e-03
2.039983843531724128e-01,1.451512108560521847e+04,-1.347596510287637356e-02
2.096575452275243057e-01,2.363931840865747654e+04,-1.718674788486926341e-02
2.184522883832518136e-01,2.897649338395536324e+04,2.573706942279550824e-02
2.125219487219173753e-01,3.122709873844220783e+04,-6.703321652012997345e-02
2.117564154266744769e-01,2.969191383008268167e+04,-1.239940522119327426e-02
2.147716379313493185e-01,1.862063232404053997e+04,3.311540433948254730e-02
2.108514083208233303e-01,2.836088326711424452e+04,2.317696610471205523e-02
2.136329061686348674e-01,3.957748502068701782e+04,-1.477374434819130750e-02
2.163788639013358162e-01,2.312598048909456338e+04,-1.184088483586182537e-02
2.043891407766879886e-01,2.230194871768850135e+04,6.186103193610867877e-03
2.129003454004173568e-01,5.601815424593270291e+04,3.130130697481835894e-02
1.911843971041924939e-01,2.590446853978259605e+04,1.929578854532651173e-03
2.104377634030046851e-01,2.162548117686487967e+04,5.412864524298227099e-03
2.135728533487879777e-01,2.426603974330504570e+04,4.437141335085115906e-02
2.095444846182191456e-01,5.042418236898009491e+04,1.637668618531727682e-02
1.995435796654682903e-01,3.058967205903035210e+04,-1.264536319906979858e-02
2.163506389661630502e-01,1.792033062136530862e+04,4.129200979047335102e-02
2.143480151566002634e-01,3.666094317060215690e+04,4.344926713410835438e-03
2.008857936339631944e-01,2.916167193425227742e+04,-1.178704557155243506e-02
2.109652577283226138e-01,3.541277695202402538e+04,-4.384335132429434878e-04
2.108836993515282587e-01,2.799146075506451598e+04,-2.977630874227844143e-02
2.111790656259750210e-01,2.194772934159838769e+04,-1.069503231314452261e-02
1.732260927602417011e-01,2.248974279840185045e+04,-3.416246794984463542e-02
2.174276035812703622e-01,2.957179129598944564e+04,3.481524310802428662e-02
1.411281554840794483e-01,1.500683510700194529e+04,-2.938269036029876602e-02
2.194228883674228525e-01,1.800530192291962521e+04,-3.704688341117770567e-02
2.134213965249810718e-01,2.306555501188489143e+04,1.615257882872272663e-02
2.190637212094909414e-01,4.227123803049627168e+04,3.564551838737039461e-03
2.147016792395256835e-01,4.955259191223459493e+04,2.965651228187967357e-03
2.154635447596675302e-01,1.699656891436070873e+04,3.811753517785143597e-02
2.168496974182121118e-01,3.054844184173977192e+04,-3.048197567667576460e-03
2.151668705076911770e-01,3.466395333771234436e+04,2.121879291085418395e-02
2.020154701152706844e-01,4.151143130585564359e+04,3.099199488093273142e-02
2.101231586197140622e-01,1.789742762158603364e+04,-2.325721089997450503e-02
2.167963459834560958e-01,3.154579743883550691e+04,-7.769806697876206238e-03
2.141997158033507598e-01,2.079523783696104147e+04,6.011159473431869522e-03
2.150672089372297757e-01,3.302557063556859794e+04,7.172245699749958334e-04
2.151672083492106868e-01,3.279152295950452390e+04,-4.644962206707954448e-03
2.146569176972095705e-01,3.204573281354871142e+04,-2.410834124609572381e-03
2.145905729596245537e-01,5.840211439080393757e+04,6.136386214477612677e-02
2.177808905265758432e-01,3.893207820852896839e+04,5.116247740716291237e-03
2.199190039817768838e-01,3.335333481547178963e+04,5.680142075359454791e-03
2.170649332319743718e-01,1.581291154597738387e+04,5.455597712002464850e-02
2.212549034333987363e-01,5.583151970338987303e+04,1.388878672594346497e+00
2.161075217716865449e-01,2.031051295459566609e+04,1.161140941713465109e-02
2.055682305307514612e-01,1.893607086388154858e+04,3.684185536314303622e-02
2.143826879897377802e-01,3.426922993858123664e+04,-2.027891432635650984e-02
2.131017034030334156e-01,2.446668019066655324e+04,6.878817359542952446e-03
1.234516661688151856e-01,1.683896234887833270e+04,-4.357744120850235402e-03
2.151986376140097856e-01,9.381987472589394019e+04,2.320629197272939745e-02
2.146583049747118055e-01,2.214932533480239363e+04,-3.631052063107705757e-03
2.181650288028121887e-01,1.734348307364448920e+04,3.564646638683419827e-02
3.895519407283500046e-02,2.924175686603617214e+04,-1.764448403047844116e-01
1.747257640572807136e-01,2.752048611555515527e+04,7.413939093316039390e-03
2.090999941914254701e-01,2.698980866768764827e+04,1.836525798313088861e-02
2.125112636484526307e-01,1.979624154604514843e+04,4.687753272930040779e-03
2.167119548953861941e-01,2.793746201640813524e+04,3.032574784299742893e-02
2.192127243257567248e-01,3.449597831197443884e+04,-2.142166757756123075e-03
2.143996382044057181e-01,8.861338040651763731e+04,4.135306816646552863e-02
2.157639180087726205e-01,2.709258018047542646e+04,1.507628866803512914e-02
2.041236559177090071e-01,4.400400239973427233e+04,2.416388638904013939e-02
2.137770715362011242e-01,4.041507852885086322e+04,-7.052581219666284769e-03
2.052145189225205169e-01,4.008830154149200825e+04,-9.817611193953900209e-03
2.158871075397025552e-01,1.991790052873208333e+04,-2.168325534471142457e-02
1.958510792505172016e-01,3.470801301390734443e+04,-1.041040973607412160e-03
2.177181209446191201e-01,4.576616238085842633e+04,1.575148215629799259e-02
2.118806661704435157e-01,3.625604267892336065e+04,-5.704598744796637519e-03
2.087059806418683217e-01,1.581554112213946246e+04,-3.220850783489091068e-02
2.103491481276186792e-01,2.264193404938359527e+04,3.890833376223294063e-03
2.155773664813912804e-01,3.238123249126146038e+04,3.971120724968200955e-02
2.139590555560635932e-01,2.180801475958711671e+04,-3.724093706882623117e-02
9.270644147442994032e-02,1.723111516405707880e+04,3.988117836398825944e-02
2.137677796446835476e-01,2.079491146396044860e+04,2.058938352127304486e-02
1.955809292574831049e-01,2.729216034231052618e+04,-2.146657700199666383e-02
2.162842141352713243e-01,5.121989681086882774e+04,4.721868423139261722e-02
2.143167999294238180e-01,2.322198506220167110e+04,1.960836370394609604e-02
2.155684232529383182e-01,3.370223354472353822e+04,-2.707306436187598142e-02
2.198797700133449939e-01,3.461840498358451441e+04,-1.742728863444279602e-02
2.048662386216005549e-01,4.266169567093213846e+04,2.708958341700465691e-02
2.101649375569997202e-01,4.359389709328414756e+04,1.970031952971157060e-02
2.159242510617020439e-01,3.247870369259895597e+04,2.431685712366668181e-02
2.099185920849714060e-01,3.083282514776699099e+04,5.833361536213724913e-03
2.170015397491004971e-01,3.695046992995589972e+04,7.406302198442207135e-03
2.140970423824664626e-01,3.177021002183374367e+04,3.470228251894977300e-02
1.902080120979591227e-01,4.722967293994942156e+04,4.515165584770144264e-02
2.044910302147860404e-01,6.279153829803488043e+04,3.825696223288409942e-02
2.170143573798486714e-01,2.386909978865386802e+04,-9.105823969794752835e-04
2.140357769093954032e-01,2.770441510115157871e+04,2.121467330288383940e-02
2.105295242075674034e-01,1.906050317669458309e+04,1.874805609306617535e-02
2.109776846323278554e-01,3.206919562498448795e+04,8.248866776613258608e-03
2.118280920922536725e-01,3.136341177238613454e+04,1.346052959392320114e-02
2.096391382553358662e-01,3.661968509320594603e+04,3.231396174229977936e-02
2.020775499160922251e-01,3.382462875269956567e+04,1.372189575121933111e-02
1.358546568983846903e-01,3.537659067217155825e+04,-6.374078755872675250e-02
2.099916282264999989e-01,4.323566586713300785e+04,2.918326987342935441e-02
2.125461547669316720e-01,3.261375799531539815e+04,-1.605465686000412395e-02
2.178459931677911299e-01,3.493581636746127333e+04,2.781997280959631891e-02
2.152415311910182150e-01,2.089844046916251318e+04,5.453589782554481291e-03
2.140698098536172322e-01,1.699563895291475637e+04,2.189801674546715607e-02
2.178052859508309291e-01,3.346174269855760940e+04,-2.297538714406622846e-03
1.894223290397219761e-01,3.024621121366906664e+04,2.038403484780102175e-03
2.115734592135600223e-01,3.888420599766093073e+04,2.332295726701536995e-02
2.197236583862995363e-01,7.014951388521507033e+04,5.289717846603794217e-03
1.863163481715306991e-01,5.791848865024030965e+04,-2.774346703924116669e-02
2.065472741783427324e-01,9.069477013943152269e+04,1.480604510896145476e-02
1.368215941699293670e-01,3.761321536030245625e+04,-6.938376651703360987e-03
2.136267690794154128e-01,3.122656329738150816e+04,-2.323436749588551203e-02
2.177505403502313364e-01,4.552926649160380475e+04,8.871898419598876068e-03
2.194840256333357442e-01,1.551035536153617613e+04,-2.041292583218075069e-03
2.114772583984275423e-01,3.517603069957705156e+04,3.207509715151603269e-02
2.049929630442819117e-01,6.352648578631351120e+04,1.116935410256580941e-02
2.055742642840777124e-01,4.978224977695998678e+04,3.088990396034034178e-02
2.153670942060598170e-01,5.593083748551549797e+04,2.416304247574032477e-02
2.123917128250469299e-01,3.802648193895690201e+04,1.340234864263146683e-02
9.580967615447615049e-02,2.835922481070539652e+04,-2.611918658275409408e-02
2.145621265450262105e-01,3.968634940892460145e+04,2.900207837406831857e-02
2.109641513812783586e-01,3.148737674715248068e+04,-1.881313462596049049e-02
2.170382313584066358e-01,4.034803107640807866e+04,-2.758553253845502998e-02
2.145733397676225229e-01,8.378174100914053270e+04,1.434406875720894503e-03
1.853948001442315974e-01,2.426143181811676914e+04,-5.235973220117717125e-02
2.136382957715717290e-01,1.629902752811192295e+04,3.281276768308999392e-02
2.038691184902557407e-01,3.281940349158649042e+04,-4.937060386164474589e-03
2.162782138362420448e-01,2.194488485603823938e+04,-2.359596211826357412e-02
1.188337910766752575e-01,5.088234481649595546e+04,-6.913816094809631385e-02
2.138490885413909803e-01,1.598443952170694320e+04,6.724227760249958108e-02
2.068142764790023846e-01,4.491942144617867598e+04,8.920533243628533601e-03
2.161788904065114481e-01,3.897749003166647162e+04,4.834739698645740269e-02
1.979542397934684894e-01,1.954836857954757943e+04,3.470887556829781867e-02
2.158318711694265091e-01,2.570523251707995223e+04,-1.792380898353729268e-02
2.199090353752924110e-01,2.853770675795934949e+04,-1.404256291366015943e-02
2.073082177247347335e-01,1.646998985108296984e+04,2.485707825665216600e-02
1.676081774464381613e-01,1.742057931786334666e+04,-3.856934062446615297e-02
2.212549034333987363e-01,5.583151970338987303e+04,1.388878672594346497e+00
2.144815249957989778e-01,2.867782297606345674e+04,1.600639903405964501e-02
2.156787694307802372e-01,3.879217821480406565e+04,-1.452928063278331608e-04
2.165589001998816654e-01,2.590188130746129900e+04,-1.820987738931169678e-02
2.031491585367091457e-01,5.932419674819700595e+04,1.781123508098294422e-02
2.193528858535506443e-01,2.998966886625886400e+04,-3.915661294467036660e-03
2.192795351985649122e-01,3.539296691651379660e+04,1.125040590879390970e-02
2.189173984959431885e-01,3.262066801713991663e+04,9.831100183480257632e-03
2.125710887732055465e-01,4.672661087767221034e+04,7.274339333592833370e-03
2.012958692067569888e-01,9.059370554800111859e+04,-2.948277575038832539e-03
2.147055581914368017e-01,2.373344858500295959e+04,-1.542534529147964080e-02
1.975436206635794445e-01,1.842917787035543370e+04,4.194048308206965725e-02
1.114218640526470627e-01,3.901956803667836357e+04,-5.580822960238498304e-02
2.108550481663364895e-01,8.423493860854276863e+04,4.420929660795464705e-02
2.103651475112394142e-01,1.988902355798734061e+04,1.449145539240399665e-04
1.773300377318117460e-01,2.919113994942587306e+04,4.466265355527247911e-03
2.180521928869733894e-01,1.860746029491271111e+04,2.403456275613589238e-02
2.131401586810274806e-01,3.310891602706788399e+04,3.315652108435356710e-02
2.123425704860482655e-01,2.247877165123017039e+04,-1.832295227942313046e-02
2.056882003328348862e-01,3.041289058343931902e+04,1.296112471432199140e-02
1.955262270630137300e-01,5.699344852004635322e+04,2.259862625871828651e-02
2.140268666050631208e-01,1.556679779379390129e+04,2.246665125169602928e-02
2.161063987035344858e-01,2.409926555325109803e+04,-3.483894198516356011e-02
2.179672332470996843e-01,3.659109303184242162e+04,2.373724550792546267e-02
2.027220411247332155e-01,1.865513390927637374e+04,1.633815899331365548e-02
1.679019023558258883e-01,1.788724428849146716e+04,7.408433324101750504e-03
1.761709354320338261e-01,1.934033674587690621e+04,-6.831218612053463479e-03
2.185368724911939675e-01,3.679737270225989050e+04,2.768106933926248528e-02
2.119147247578772597e-01,4.240477237681105180e+04,-4.427942165635039354e-03
2.177427101628295614e-01,9.794978791628968611e+04,3.464237386736197799e-02
2.168060734377447174e-01,5.498577817344208597e+04,5.179566116813585919e-02
2.046063528621251126e-01,2.705056740765995710e+04,1.477604873769826658e-03
2.148747299276974054e-01,2.908089842686276825e+04,1.129250639085690663e-02
2.065648266651412268e-01,3.307266361857787706e+04,-5.736649157967634027e-02
1.841545754091392095e-01,2.485022551617283898e+04,9.902131778553178304e-03
2.138816989055355999e-01,6.409338411808898672e+04,2.743969282182754515e-02
2.050141475101316113e-01,2.843317220297298627e+04,6.888884067405774659e-05
2.164732528053121829e-01,2.039384752867976204e+04,-3.132528962439348752e-02
2.197025915444819621e-01,2.272275439305409236e+04,4.503258067670703330e-02
2.136616057665446100e-01,2.869442816682732519e+04,4.089611920126690059e-02
2.117673330045048152e-01,2.851002022417117405e+04,2.671352674730662936e-03
1.828818821167694231e-01,3.837988544940916472e+04,-9.485649200206390172e-03
2.089520301937317914e-01,2.864731319572191569e+04,-2.100931911886268211e-02
2.152620408645564976e-01,3.227924227860476458e+04,9.032903505595475321e-03
1.752123836719383654e-01,6.257224376528011635e+04,5.622995985624005578e-03
2.123400607329550549e-01,4.096373417611508921e+04,2.586354476301881353e-02
2.144776801020237544e-01,3.385875248022534652e+04,2.455938162290637050e-02
2.126135413614498315e-01,4.469575953079648025e+04,3.152889729073706654e-02
2.131898899021741345e-01,2.138242881474019669e+04,-1.818313192730523428e-02
2.160422807686116220e-01,4.033823077929178544e+04,9.481998006927724182e-03
2.196851721394975365e-01,2.347339679088040793e+04,-6.195258198482973475e-03
2.191167234691504540e-01,1.828190718392574490e+04,-2.268264515576720250e-02
2.118934890404257365e-01,2.599667800230877037e+04,-2.719600944716559290e-02
2.184204257178163910e-01,2.173468533872137050e+04,-7.082829297391175609e-03
2.099294006633590781e-01,2.468104552744622924e+04,-5.727462571145743031e-02
2.165436469918026741e-01,2.861312254877524174e+04,2.118957180954831807e-02
2.086374214603219091e-01,3.286663873762353614e+04,-1.338515001397673487e-02
2.010664428679558302e-01,4.078722577902508783e+04,4.982369872248144232e-02
2.100297993114447759e-01,2.073492175133578348e+04,2.330548416578437365e-02
2.098864781850353356e-01,2.627864112648443552e+04,2.373663582931046651e-02
2.207148655656926139e-01,4.571661334225225437e+04,3.359056407956758240e-03
2.163867165062939579e-01,2.203078292972948839e+04,-3.442905511326039419e-02
2.145137423783927966e-01,2.664326355104680624e+04,4.651997832530586213e-02
2.132335922435240616e-01,3.643014129210275132e+04,-5.240366832791953228e-02
2.119826119828072397e-01,3.345533140292258759e+04,4.214443920523854026e-02
2.091780260178748851e-01,1.415077817221343321e+04,1.300330691338845088e-02
1.280549051331131005e-01,3.981634441443238757e+04,-3.264620674411593954e-02
2.098815090586516052e-01,4.132978520789524191e+04,2.268084791514357948e-02
2.175799292190251089e-01,3.047043498331693991e+04,2.942286804535816647e-02
2.098531597528443537e-01,2.373678587104161852e+04,-9.562382675729425019e-03
2.097473915171457759e-01,1.975529339285835522e+04,3.084832391131347301e-02
2.142382474286738114e-01,5.131427549546166847e+04,5.225163065355021424e-02
1.955073829709987054e-01,2.069705233676920034e+04,2.368196058380269559e-02
2.146179352032575316e-01,3.386607249239773955e+04,-1.498288179474293030e-03
2.206427843140297274e-01,1.761358240584292435e+04,2.104260179412044060e-02
2.115915797859292125e-01,4.781919808956705674e+04,2.292688526250331264e-03
2.014353118983198965e-01,3.470847896717709955e+04,1.032170374474925337e-02
2.111719012919647809e-01,2.878116593683559768e+04,-1.085756457553982554e-03
2.001935062228579199e-01,1.915193911977741664e+04,-4.557655082489122170e-03
1.994567463102217275e-01,4.061215501807846886e+04,-1.524640424890316703e-02
2.130054738175336804e-01,2.155277225525294125e+04,4.833465802280589516e-03
9.486161174308978261e-02,1.418391897129036442e+04,3.508195558069402559e-02
2.088135303930559739e-01,3.188046464363865744e+04,-1.347734342051835205e-02
2.144803700661108425e-01,3.186324227092971341e+04,4.166647612046205096e-02
2.177603536049070587e-01,3.665413188531534979e+04,3.605012858426341615e-02
2.188206989756930620e-01,3.543800891736146150e+04,1.238639962516144104e-02
1.846756570984447454e-01,4.455139525732883340e+04,3.735796492928844525e-02
2.122456540111686829e-01,3.124769047688132923e+04,1.887099396912529300e-02
1.853254576339229687e-01,4.355505350747983175e+04,1.102630636348791993e-02
2.136461676001313592e-01,3.805049465772866824e+04,-1.319898670917668332e-03
2.208742216778713519e-01,3.200495906511326757e+04,-3.747933745375706636e-04
2.121721383085563850e-01,2.955263184586563148e+04,5.437856057023907064e-02
2.097302836428698303e-01,3.481364178662610357e+04,1.186354072984725392e-03
1.944013552467840356e-01,5.216940416395221837e+04,2.748218744276437892e-02
2.176828182881938578e-01,4.205427292743079306e+04,6.837164443605038729e-03
2.107104780333033112e-01,2.483440495356902829e+04,1.548091210423301056e-02
1.889678235269693640e-01,2.597576314302474930e+04,2.720669828740637786e-02
1.178240950148290028e-01,1.855660239914192425e+04,-1.108098141000388691e-02
2.154689295270442728e-01,3.486215539086764329e+04,-3.459098171779517034e-02
2.100324365399495186e-01,7.005642793472085032e+04,3.247548387050250979e-02
2.077552446051297852e-01,7.283864442153616983e+04,2.532109260465354589e-02
1.987590249532421582e-01,3.198278383601103269e+04,-2.151080725726239179e-02
2.178674201548830014e-01,3.165229797700973722e+04,-1.405586619978407706e-03
2.197447447629595485e-01,3.442852750459358504e+04,2.032149615699877301e-02
2.172045144592827381e-01,2.192052954066299208e+04,3.343341628651371605e-02
1.628909260370427770e-01,2.043229931731411853e+04,-6.074963888283371055e-02
2.112457434590550298e-01,4.496106884860659193e+04,-1.312531728401203877e-02
2.108821933202623400e-01,3.118275986179690517e+04,4.048451502134854663e-02
2.159664635883209449e-01,2.470559462161213742e+04,2.358888005809840413e-02
2.090334049980293041e-01,3.357957706534926547e+04,-1.395562996319676605e-02
2.132876695936072875e-01,3.023384983805342199e+04,-1.442591438360042938e-03
2.063713420555194078e-01,2.863102717342396500e+04,1.875011869676434378e-02
2.114190610382753743e-01,3.783964231776703673e+04,2.372694108280792857e-02
1.983022479797205417e-01,1.639018818526967516e+04,5.474571022607607751e-02
2.172126429467642339e-01,2.625576085122127552e+04,5.597051303211911764e-03
2.068389857171148150e-01,6.515617459839787625e+04,-2.119936655270824449e-02
2.181260099348458770e-01,2.735891170189539844e+04,-8.255431233422786449e-04
2.153159974332450044e-01,3.124508179120770365e+04,3.225154184767951848e-02
2.128232280673684473e-01,3.071977170918608681e+04,3.005601392037350258e-02
1.987351783766391211e-01,5.139332938749851019e+04,-5.320749737299906509e-03
2.185370083034851307e-01,2.367038606773154606e+04,-2.395194055078116516e-02
1.953372655611246289e-01,4.353745365603013488e+04,-1.877684954073483362e-02
9.635286948021271058e-02,4.078604610910485644e+04,-4.882816595706883367e-02
2.064465780184503718e-01,2.215755719498328108e+04,8.806567281363381766e-03
2.030389710925081803e-01,1.754384865544946661e+04,-7.447932867344057677e-03
2.090712839273827783e-01,1.552690829108460093e+04,3.152959070185389068e-02
2.214803142394371760e-01,3.181043223523722918e+04,-3.140791982868881838e-02
2.004458862460594681e-01,4.563969411207574740e+04,-3.507058701708870574e-02
8.177410037582687197e-02,5.145502194706388400e+04,-2.620424051985519032e-02
2.098166906257172004e-01,3.701399826028676762e+04,-6.221299760795671700e-03
2.169740968307564133e-01,4.669837634992296807e+04,1.725862560028692747e-02
1.999435205803787030e-01,3.708435781793532806e+04,2.615468550870491543e-02
2.130788962787720509e-01,1.612514635568226913e+04,2.333788697063893941e-02
2.108057875420064620e-01,4.509240605387868709e+04,-1.777994832423026314e-03
2.120238981144123291e-01,4.211164578622483532e+04,4.469490166599264340e-03
2.182172504658125844e-01,4.754574635042529553e+04,5.449091272521188432e-03
2.103291331852991108e-01,3.269135284952412258e+04,2.315412468997154680e-02
1.836932640184343046e-01,2.458492577258228266e+04,-8.513705565064659878e-03
2.155459176945984934e-01,2.924523438848321530e+04,1.183496686621727557e-02
2.076373149399693696e-01,4.042129431427936652e+04,-1.812058654610896810e-02
1.684460136897107108e-01,1.591677359580841221e+04,9.153180416414974374e-02
2.141680041783053934e-01,2.715091264372042497e+04,-8.267321443444303197e-03
2.109756740348743831e-01,1.490109834335288178e+04,2.184956926650622952e-02
1.951066057848111768e-01,2.643044928793802683e+04,-3.338930497478122261e-02
2.140179661476329376e-01,1.713527804579376971e+04,1.151421501021520320e-02
2.132256997147939925e-01,3.544306278562057560e+04,3.617506222889668721e-02
6.932685155794031384e-02,3.094096008417489429e+04,1.946465188150576023e-02
2.133182088550834576e-01,2.740926780172319559e+04,4.026019587542874201e-02
2.049408052817106862e-01,3.251594043093832806e+04,8.066030042736154967e-03
2.140359163226922545e-01,3.545785018159762694e+04,4.069798075461798781e-02
2.171336629244859928e-01,2.600365350926858446e+04,4.335776101710646369e-03
2.170987278914383589e-01,2.995580052823564620e+04,-1.811040929544146735e-02
2.144652963232374365e-01,2.641567519697324315e+04,1.879015613830935238e-02
2.183412631367057100e-01,4.296464745966154442e+04,2.092173773565072364e-02
2.103914575186469904e-01,1.830494273939360210e+04,5.674611500899741368e-03
2.092887370501153588e-01,4.579359103300417337e+04,-2.285227227310512518e-02
2.141725792447739807e-01,3.073956895425169205e+04,-2.623503147348002842e-03
2.195459950438712615e-01,2.821685419088686467e+04,-1.760463388296909515e-02
2.205500323714827959e-01,3.461885696924623335e+04,-1.367138494304591737e-02
2.189366044365879671e-01,2.850412763805894429e+04,-8.583210293224829155e-04
2.121366653315831796e-01,5.629971413223441050e+04,-1.166498079900011794e-02
2.034107984303501204e-01,2.997028410744774737e+04,-5.470001444909118604e-02
2.038867712032732260e-01,2.335014341490354855e+04,-8.134065120780264915e-04
2.113745712387961606e-01,1.823269699094508178e+04,3.234865275652085148e-02
2.035874461600910568e-01,2.303896622321976247e+04,-1.596447695875253224e-03
2.177339936112927810e-01,3.959926217845115752e+04,5.485820695472257841e-02
2.108272482320633634e-01,3.762472554150305950e+04,1.297969423878195944e-02
2.111280439170467038e-01,3.453703267429010884e+04,1.609836117823546658e-02
1.949506479764296085e-01,3.610225032718287548e+04,2.152305373986939524e-02
2.183848535202167762e-01,2.875845156677691193e+04,6.215648578630485373e-03
2.136045034662990560e-01,2.425215137799505464e+04,8.340742028882845716e-03
2.151045447428977520e-01,5.135581435340976168e+04,5.880550999387342687e-02
2.155868409764992166e-01,3.001524783926020609e+04,3.687758681114010340e-02
2.009284824627487476e-01,6.711214854076664778e+04,-3.370209710270490044e-02
2.146326911890769629e-01,3.819137782035712735e+04,-2.911510037753668040e-02
2.033755909904108872e-01,3.769583811342157423e+04,4.666784787677050184e-02
1.639838760285970143e-01,1.901665819068906421e+04,4.354752119121509807e-02
2.113586597046175630e-01,5.426727492917794734e+04,2.904526973017569277e-02
1.906807419022476524e-01,2.083741597859124886e+04,6.293030049294770327e-03
2.119999043423555773e-01,3.258134635443463412e+04,9.269999524363879695e-03
2.061846705279035408e-01,4.170083244167362864e+04,5.774954842546423106e-02
2.069804420839124748e-01,1.448197347727020497e+04,7.544673111428009185e-03
1.904478066576539286e-01,3.185495218463895071e+04,1.757540363609163409e-02
1.965836887315222936e-01,2.147402172930472443e+04,1.212759696484063537e-02
2.169342585308133009e-01,1.780241062676063302e+04,8.049692159896152527e-03
2.042242194278199863e-01,2.675447817347095042e+04,-1.712279987930205583e-02
2.152958872877003826e-01,4.284450485519042559e+04,5.784291242053957172e-02
6.758630716009328410e-02,3.200364151893801682e+04,2.644219422812777148e-03
2.018455122058620543e-01,3.681537366253531945e+04,4.345866754590627101e-02
1.769724350385683820e-01,4.354850797243165289e+04,-5.560732438144272427e-02
2.152385026326525119e-01,4.645713055465623620e+04,-1.862682165883536300e-02
2.060516301483878432e-01,1.898790309234150118e+04,-6.940995026252394506e-03
2.158293729459000443e-01,2.832977306005742503e+04,2.032525779821802575e-02
2.140303227092689720e-01,2.200317237439574092e+04,1.622300553304233117e-02
1.862817931216750600e-01,5.834377900958279497e+04,2.033483631175052320e-02
2.172326648407068017e-01,9.650580779148242436e+04,9.369487159105234497e-02
2.160764001812154056e-01,3.769170323418626504e+04,7.837354524059786387e-03
2.146428663580215723e-01,3.976428272122502676e+04,3.075832052733734959e-02
2.095713934663696043e-01,4.185323637209622393e+04,4.890110630644715212e-02
1.112511593958412509e-01,2.739637265136145652e+04,-3.863054331256503271e-02
2.040238932779354086e-01,1.591873204618038653e+04,1.491627701420702133e-02
2.164728793840809962e-01,5.222012928117814590e+04,2.662345169662575298e-02
2.167851586764225624e-01,1.846136722470769746e+04,1.369476742032193529e-02
2.117213654822142632e-01,7.460135017277758743e+04,-4.223386004500439064e-03
2.142237893770737867e-01,2.062407615824924505e+04,-3.928349452406251774e-02
2.098548468884957607e-01,5.805448697719059419e+04,-2.526433211995457451e-02
2.123335743547073162e-01,2.620325982448283321e+04,3.258770056113659969e-02
2.137668622810434682e-01,3.699950833350732864e+04,-3.342418550240412733e-02
