9.670781222356306106e-01,1.515594383363880540e-02,-1.831787719488418148e-03
9.282579573328356703e-01,1.424352159145872709e-01,4.526713854089727679e-03
9.435456816994761686e-01,2.750161393070601479e-01,4.208339225869019845e-03
9.024616414029510425e-01,1.302404603279069262e-01,6.589697500615544073e-03
9.468716948340220041e-01,6.539340019588649189e-02,3.846493060547084147e-03
9.488269821526748027e-01,8.546835495113831727e-02,-1.351625814795771180e-03
9.532998225746925902e-01,9.599774714842848611e-02,9.390290670168176951e-03
8.732376819854982264e-01,3.029081050006305897e-01,-4.141229109784431289e-03
9.411860945967400749e-01,1.277225013932394015e-01,-3.598803433278317115e-03
9.539991876185529573e-01,1.522098273021746662e-01,9.077433264150190639e-04
9.475431971374880247e-01,2.146670480925055025e-01,6.299958434917717759e-03
8.544021651752046198e-01,4.142668930972149832e-01,-5.347863594797639536e-03
9.610192181368015785e-01,7.724274904637534744e-02,3.376957670886051449e-03
9.681528556944427599e-01,1.457055775006398102e-01,6.901938089796492981e-04
8.286726594676232516e-01,5.949520257012756719e-02,-6.037981450281528634e-03
9.642943375817234486e-01,1.203603908886660689e-01,5.673752734931362951e-04
9.459160705585800688e-01,4.988486116037005313e-02,2.300560046325419300e-03
9.564783276338832962e-01,2.225640118030851877e-01,3.807300444932073397e-03
8.609327797354602296e-01,5.781804916052200038e-01,2.041768936326172207e-03
6.325320108689670429e-01,1.957562988058031417e-01,1.605805363866365937e-03
9.260138822765758837e-01,1.722470388890975368e-01,7.190080602647652003e-03
9.190298050092573501e-01,1.947508701184195654e-02,-2.077097336072936812e-03
9.378054873422986271e-01,1.788892713956103386e-01,3.941237959409479158e-03
8.268860614805917386e-01,8.425165917886262568e-02,1.337277277822627314e-03
9.053378098242556016e-01,1.856646614446529897e-01,4.421749392225747533e-04
8.914558976119434375e-01,1.478683530064412444e-01,-4.890970483826199283e-03
9.229395207460866501e-01,2.344341231729866748e-01,3.924986757898592943e-03
9.621334019578355878e-01,4.710985169043305221e-02,3.670206425497559571e-03
9.071301549684944732e-01,3.536586634699766252e-02,-3.279689534369651521e-03
9.504161764191283446e-01,1.299354980162614748e-01,2.272355354975240382e-04
9.489410185124624864e-01,3.383566650582702229e-01,1.837969260702714686e-03
9.584653957212874165e-01,2.070776541239069748e-02,4.489201269392555094e-03
9.514612121841135028e-01,1.521238334551868743e-01,-2.086046753461207742e-03
8.373347120530791887e-01,7.906831024829207022e-02,-7.282407841445501240e-03
8.932938749927616939e-01,3.281180649266733917e-01,1.358927080549441474e-03
9.416258290703419798e-01,2.429963358533493156e-01,2.255815894582454545e-03
3.567151680628892763e-01,3.395835346760122109e-01,-3.888329985013382756e-03
9.591423802874181614e-01,1.850774051318312130e-01,-5.947822543714110372e-03
6.364368009613452504e-01,2.498827149173229178e-01,-4.803392158820574825e-03
9.222624839832733734e-01,1.672639480108949195e-01,3.573254827588297905e-03
8.281334870446970253e-01,-1.144278138896403368e-03,2.152471531119217601e-03
9.078755233032234084e-01,1.189499405886784850e-01,-1.649318259168048445e-03
9.657450076031239838e-01,5.479996605751617789e-02,2.877004807027305072e-03
9.646256647227291481e-01,6.272824675613020151e-02,2.925976460974342303e-03
9.370114535215274820e-01,3.705729695046963701e-02,-4.413557070390820153e-03
9.066960221600267600e-01,1.469443890511092643e-01,-2.499707733385179292e-03
9.450406000693827302e-01,4.025240445010176416e-01,-4.414491040343648115e-03
7.937186020607504000e-01,2.452923674402398835e-01,-2.025077861360056325e-03
8.937374656806983397e-01,9.049470104298960871e-02,-4.660570530890129765e-03
8.856227880954443688e-01,2.070678249714940078e-01,-4.628090717568939666e-03
9.745114769074654237e-01,1.612855880700385935e-01,2.643053892146803724e-03
3.911700602376828595e-01,8.223584887995159104e-03,1.223826593397939547e-02
9.215282334019400112e-01,1.020185606428849340e-01,2.852528206259998672e-03
8.619310098485779559e-01,2.727169761262489556e-01,2.246920942373352437e-04
9.485138133209136679e-01,1.769077765293934970e-02,4.691310617565568747e-03
8.968124770275098800e-01,6.216513978246311634e-02,5.830616529154064587e-03
9.515456850507868491e-01,3.277976436445840802e-01,5.926828842061533653e-04
9.420574110362830433e-01,2.254803152876505914e-02,-6.552723154879789430e-03
9.183323278644044407e-01,5.974321916147640188e-02,9.144055972499006563e-03
9.657846066050128631e-01,8.102011660395630477e-02,4.219168129444318682e-04
9.198920520254509903e-01,2.792335660372399220e-01,1.477812286051694707e-03
9.554180271744663333e-01,6.089330801514909741e-02,9.213079498413902918e-03
9.251207796834621799e-01,1.720441864193929526e-01,1.574827022095954404e-03
9.290061014299697550e-01,2.058674149486423854e-01,2.876404206950365638e-04
9.713112050576405698e-01,1.059404858783162401e-01,1.707381705417228973e-03
9.542550672141484336e-01,6.903878112294802027e-02,2.067499863741151939e-03
9.410483298126721685e-01,1.506755984407386340e-01,6.151976149909321040e-03
9.066598772068091838e-01,2.668281791832393182e-02,1.233718184935838832e-02
9.472008176268135182e-01,1.270857127363438921e-01,1.562103082162129980e-03
9.399980823524141105e-01,3.173118443632805263e-02,6.843506600166426174e-03
9.476066130223419481e-01,1.588312134078872506e-01,7.824124776994342140e-03
9.595838530176877823e-01,1.266775422947422902e-01,1.928060603484802599e-03
9.607763751785249884e-01,4.531418551086142943e-02,2.080451566436925664e-03
9.094822350216892337e-01,5.903892678929776316e-01,1.981790188459914975e-03
9.375322498487690392e-01,2.410933522867506340e-01,-4.876570468743991749e-04
9.553813716699826042e-01,9.561373373879990256e-02,7.270309668004109466e-03
9.068222940960544154e-01,5.865380198238621945e-02,3.324612677209241168e-03
9.264862998262692884e-01,1.830414176876497545e-01,-4.286957398222688426e-03
8.812493472167025610e-01,1.381128675596211275e-01,-3.216447847795015497e-03
9.485050984927234641e-01,6.094430421217449101e-02,-1.910234867076619075e-03
9.106558157417373733e-01,9.284354035409246586e-02,-4.753979479948568926e-03
9.421482840762416267e-01,8.523833952142374770e-02,2.752282510400366061e-03
9.621299810406662711e-01,2.978341078879944703e-01,6.418591345825168382e-04
9.470857356435631313e-01,2.211997782469747320e-01,2.089615900802515441e-03
9.554818396491084886e-01,5.101840097097266880e-02,1.054195862863014851e-02
9.758938795414053846e-01,1.148898571921824346e-01,-4.939331701944393166e-03
8.730034231834056246e-01,1.176698542890646099e-01,4.452244883478558707e-03
9.388824330018654685e-01,1.021254399895413917e-01,5.241711035968984328e-03
9.578106481014375673e-01,4.049372961985697739e-01,6.778347319567393919e-03
7.740666000489162535e-01,2.559097825323576325e-01,-3.279050995341415559e-03
9.229275696723374667e-01,2.519931935239952403e-01,4.768657956492467626e-03
7.484855166227386558e-01,1.156370108405953279e-01,-2.159095533906450065e-03
9.596157080589834409e-01,5.083845987516894677e-03,4.961083956798971462e-04
9.109026036804471760e-01,2.057277851893711540e-01,2.423342675561334508e-03
9.121461031872176717e-01,2.150487924503216297e-01,1.762780347852047763e-03
9.680843056504725430e-01,1.029475455587764571e-01,-5.591458660720121515e-03
9.259343255640023473e-01,1.994233889961241069e-01,-3.411186371851202687e-03
8.930750601878534312e-01,9.269442184366032123e-02,-2.646308261130211198e-03
8.812032629648758331e-01,8.485262725444690790e-02,1.676123818521828290e-04
8.789289916477189823e-01,1.742100235447658629e-01,-2.524153520679237039e-03
9.089910130765627150e-01,1.712665580552124867e-01,1.700737725478154022e-03
9.565212854033411372e-01,1.544485222382750711e-01,3.277443386281244514e-03
9.143474377415992116e-01,6.337533438669221142e-02,-3.227159495702489750e-03
9.668531490883381929e-01,4.492444906347344835e-01,7.169846610471323350e-03
9.225973057469333272e-01,1.027807496779258450e-01,4.960231304136607233e-04
9.697537939001202867e-01,1.682098206589532075e-01,4.981504424491450117e-03
3.587408152072836254e-01,4.879718774937342740e-01,-1.074399475708077284e-03
6.531587934162531583e-01,6.477816418998580406e-02,2.730765408041287839e-03
9.555473315984452931e-01,3.792516918036227813e-01,4.521729128996232472e-03
9.651930044675538500e-01,5.016317155724868693e-01,7.569433700757684930e-03
9.472787649921551312e-01,1.957247538901198680e-01,5.360814529171805537e-03
9.380957404446745862e-01,4.071897776232079325e-02,1.288142133490811220e-03
9.592216492702674291e-01,7.166809059394675663e-02,1.685725599912025335e-03
9.705735797121295416e-01,6.945569342840607341e-01,2.213387276898865635e-03
9.299244375173028043e-01,1.592678420217764346e-01,1.500650592264476252e-03
9.859858623935873201e-01,3.451347060356427243e-01,4.370779021131269981e-02
9.209373980588456687e-01,2.485045643357133571e-01,-5.567422213434737588e-04
9.122983782788087748e-01,2.803141668163002323e-02,-1.200856669107189939e-03
8.711817229677936147e-01,1.465469292726584993e-01,1.157446497642804911e-03
9.446991014501270323e-01,2.198883090209581559e-01,1.853892836689293583e-03
9.572516204901097003e-01,5.995011403605332578e-02,5.969176132870641222e-03
8.849100306453958620e-01,2.790563664729357463e-01,1.277059300970020267e-03
9.300972262119270306e-01,1.544439375138163262e-01,2.601810423423774749e-03
9.551678385637434321e-01,1.043546037041897107e-01,2.997306452742109356e-03
9.637375522469764366e-01,9.022214579016436115e-03,1.649969599520861169e-03
9.565519405757753058e-01,4.617260518609601905e-02,-1.339307493274276978e-03
9.572856253228967383e-01,6.869940692180380448e-02,-5.712307386873775872e-04
9.644498019413005885e-01,2.924967133726442681e-01,3.697898720360501962e-03
9.622081152825613382e-01,2.052324687400291017e-02,1.122781261307752992e-03
9.734408132521148449e-01,4.613405314067293983e-02,-1.066076793670770601e-03
9.289382619779548156e-01,3.722614315251935868e-01,2.515048825652340531e-03
9.693204222489621991e-01,9.758206407699517027e-02,3.319385499526948669e-04
9.577476298892628748e-01,1.673099128626805709e-01,4.546031610464955353e-03
9.472691599460825174e-01,1.032770013919948049e-01,4.950735429750049293e-03
9.575337532327496959e-01,9.110063986269728575e-02,-4.776931556262516837e-03
8.507055339179716569e-01,1.322075893690016768e-01,6.040044838732626375e-04
9.481458936870412746e-01,5.802313936051702037e-02,3.043640025603793625e-03
8.971618696539590543e-01,3.467880043782448074e-02,2.997934829628255693e-04
3.600694574732405950e-01,1.431594069626723198e-01,-9.275880909786655970e-04
9.511885725935765867e-01,1.269821167006227602e-01,3.345447868722453005e-03
9.074900911767455058e-01,3.102331406035739869e-01,1.876400209150870524e-03
9.498449507384194579e-01,4.106186244326772705e-01,5.889604969299643694e-03
9.016498896888504033e-01,1.252208512379603400e-01,1.156151768268106478e-03
8.121256342634471936e-01,2.275766268489293753e-01,3.579437636836348829e-03
9.700788263929998045e-01,3.192696704619753245e-02,1.295900005826074869e-03
9.405897425994932393e-01,5.959119113910542609e-01,4.699514118335912372e-03
9.104739557981745834e-01,2.415031370857686766e-01,-4.458693852763158383e-04
9.372856300803309448e-01,1.273594497090857758e-01,-1.156352350207296570e-03
9.429113232676734624e-01,2.012063952098673003e-01,-3.326384552036602132e-03
8.848446450488066661e-01,8.033579485367432771e-02,4.200808505506574420e-04
9.343615451329274624e-01,5.022677005126620353e-02,4.374728493786946698e-03
8.824395835842000491e-01,1.986595673688677233e-01,7.106439672990915585e-03
9.372458309451963121e-01,1.624451572757515394e-01,1.597375791647256266e-03
2.830434707046022291e-01,2.114001530608973153e-02,-4.432047508469313252e-03
3.442593014482014935e-01,2.320315165661246126e-01,1.560680800820207076e-03
9.556779981492148357e-01,2.491360280696059207e-02,-4.949688838602254309e-03
8.599816567610591989e-01,2.392395637114772822e-01,3.680680428036531976e-03
9.701756218017423272e-01,1.985278726170018604e-01,-2.128703085626966474e-04
9.188172658725906050e-01,2.427822729413780245e-01,3.931541089832343155e-03
6.607797838330931040e-01,5.240675367037467280e-01,-4.530472683559501335e-04
9.156024019634374511e-01,2.058100896638590249e-01,-5.248078091793510064e-03
9.293038736977159431e-01,2.935133143724958926e-01,3.834955270042506720e-03
8.913150619995136026e-01,4.788195563177100739e-03,3.688685899560100595e-03
8.908555827329577292e-01,1.836378355624468661e-01,-3.784325215979631590e-03
8.811304513855449105e-01,3.390253529824177048e-01,-7.895222523396951131e-04
9.859858623935873201e-01,3.451347060356427243e-01,4.370779021131269981e-02
8.956212886419969710e-01,2.379805791518699032e-01,3.705649723844375160e-03
9.554683628294158293e-01,2.099767101862468344e-01,5.308823197711528413e-03
9.190670722204443699e-01,8.865053263403718797e-02,3.127185908069662207e-03
9.563794542580430491e-01,1.333868246938156935e-02,8.924860240452602012e-04
7.952169255937175940e-01,1.374741996712643965e-01,-9.359595328831821215e-06
9.706760201584581083e-01,1.994055417912423134e-01,-2.699513446870919348e-03
9.352026825130738130e-01,3.562045890143419324e-01,4.946217166361767392e-03
9.338936988830137675e-01,4.359604176429695555e-01,2.517033480969856074e-03
9.309703400288558139e-01,2.071172068280079451e-02,6.608589591753609438e-03
9.635513498113263964e-01,1.024582329637543504e-01,1.103617367074174321e-03
9.791272484468227510e-01,5.254334435555756411e-01,3.189174864116139235e-03
9.617752670211143773e-01,1.802298716832903824e-01,-1.703568380312509706e-03
9.693802746068973519e-01,1.094567108917645221e-01,-2.255479783557442358e-03
7.821461228377648567e-01,1.859079693563198132e-01,-1.541148856433510045e-03
5.809379982548626975e-01,4.992103052941576635e-02,-1.556572204335984755e-03
9.594797663410554733e-01,1.164210833369329762e-01,1.120703356372095699e-03
9.151849624788344073e-01,6.914848563775226331e-02,3.647243323882189830e-03
9.650566127198225708e-01,2.534485883592974553e-01,-1.178478491878787865e-03
5.471327312667526588e-01,4.593957961336549156e-02,7.667811378623164142e-04
8.324234655747384526e-01,1.507218575027367002e-01,-3.116512417602444046e-03
7.303524766386311207e-01,1.474512421089867187e-01,1.858566680706063429e-03
7.367063637510786744e-01,4.290746612113018055e-02,4.982752786357447922e-03
8.988010949739807520e-01,6.089878676808259395e-02,-3.282748452869480027e-04
7.144908774293884379e-01,1.076183418167250411e-01,-3.573326990271134124e-03
9.638743408497780774e-01,1.082448350395637596e-02,-6.775703290463237771e-04
9.251508990312332648e-01,2.006242586892077184e-01,-2.523838166553025314e-03
9.589394102882514703e-01,1.366266849584176490e-01,-3.033728993939759783e-03
5.015754840017390137e-01,3.598975352594997457e-01,1.993386383943970483e-02
3.989191709324969581e-01,3.321532634268308248e-01,7.314499524122015234e-03
9.557292379231352442e-01,1.565716881912950220e-01,2.504139774614135699e-03
9.700556072697290588e-01,4.290161705352903143e-02,3.907369781570375206e-03
9.542800516884006878e-01,1.661593975875501616e-01,4.361628942350970900e-03
8.433461345350283800e-01,3.025003765167568193e-01,-9.699825509717728556e-04
7.864449208364354682e-01,3.397159082319771706e-01,-6.767538963243713984e-03
9.503535800234870212e-01,2.317608476208685431e-01,5.501208735851855630e-03
9.587374015812903938e-01,6.016768844637437885e-02,-1.316333809258631721e-03
4.266620096939996998e-01,3.073618354336460357e-01,-3.481644944626154092e-03
7.491165724615636012e-01,1.701277328620163509e-01,1.656090427119141090e-03
8.218221092050785881e-01,1.476600992164828763e-01,3.097476759036248833e-03
9.666753063687215652e-01,1.674697949133154284e-01,1.983786409369633214e-03
9.484601471050174704e-01,2.355696435202833949e-01,-7.818077808816870783e-03
9.447206814503581462e-01,2.456113414935044981e-01,3.312055086558667732e-03
9.337605094077696677e-01,2.227470767877902935e-01,2.718677292168868165e-04
9.568898460591132027e-01,4.203486261311379923e-01,2.437919795620569624e-03
9.530503802314856943e-01,2.211592159287810999e-01,1.300707423754488001e-03
9.322945385789487283e-01,2.675098273327934928e-01,-6.234075279163212024e-05
9.444582684677063078e-01,1.444460854005456263e-01,-8.342218395430828909e-03
9.438091096058456309e-01,3.638016843742348794e-01,2.855940681027093614e-03
4.294739157399960483e-01,5.050289609957200887e-02,-5.875833472666656260e-03
9.614919523319159778e-01,1.156150173086182148e-01,1.282635133441744485e-03
9.454186101130994668e-01,2.543906430095908555e-01,6.207435179277871057e-03
9.469119148805779096e-01,1.493306508068823757e-01,4.548427748375116070e-03
9.403671786752622053e-01,4.767445602064854238e-02,2.263875938396664456e-04
9.660003394934605359e-01,3.395397010397759874e-01,2.573081017396155329e-03
8.259303729594845711e-01,1.459246350220002111e-02,1.052344934625939338e-03
8.576703694138996248e-01,2.189773715288413081e-01,2.471248943815899241e-03
8.368075069986020686e-01,1.930420671184102932e-01,-2.537045919068437599e-03
9.593731155455217374e-01,1.319155157086338015e-01,-1.389129842993695046e-03
8.981216499763031713e-01,1.371275336380854137e-01,8.179596914018975873e-04
9.462090897987335270e-01,2.553594097313365840e-01,2.481689472225805798e-03
7.921777609576478030e-01,1.168117574248742074e-01,-5.280096208023742077e-04
8.070933029104364609e-01,1.756146139711674825e-01,-2.660930334417225401e-03
7.853024364765026633e-01,3.103856770514953900e-01,-4.981851844629504172e-03
9.547918250421666420e-01,1.132317702755222116e-01,3.096282631367183041e-03
9.515019506105864000e-01,3.670999769393592516e-01,2.866502211097288894e-03
9.541793882392208825e-01,9.877819206230042948e-02,4.229177952616649389e-03
9.603182416443845071e-01,3.733552684381676312e-01,-4.477585379291982443e-03
9.619926902450057771e-01,2.399636187534485154e-01,-4.565297093030221826e-03
9.535616221484997101e-01,2.052662982229732924e-01,2.384557672279321444e-03
8.721232302632782041e-01,3.022000519816497865e-01,6.503261306224326910e-04
8.811304513855449105e-01,3.390253529824177048e-01,-7.895222523396951131e-04
9.474438155218837254e-01,2.748130465335906769e-01,4.681797873300995450e-04
9.358036718042124225e-01,1.108806828429827196e-01,3.683305348117265482e-03
7.620104192140699784e-01,2.066589637498437992e-01,-2.182037302051870881e-03
9.398894201257943504e-01,1.979271670866861177e-01,4.184545586761800190e-03
9.272680968865483209e-01,2.406366582835890167e-01,6.757241361952822517e-03
9.519574008490455652e-01,8.776243256168848872e-02,6.300415365546496033e-03
9.328506326312480113e-01,5.346606463760518457e-02,3.185686217631749501e-03
9.403342565356538341e-01,3.406392009617933980e-01,7.261211760139083676e-03
9.592653877286906328e-01,1.115010906715218769e-01,4.749714777402474358e-03
8.528021280062948462e-01,2.557203908877154763e-01,-6.534686861455810819e-03
9.237306328088499274e-01,2.276425709621240634e-01,3.837470667847498601e-03
9.219704563895616545e-01,1.520997617700191873e-01,6.036480909348797969e-03
9.191760302942971750e-01,1.163075215673337881e-01,1.156184512636240086e-03
8.967933859277441577e-01,2.291774873694013837e-01,-1.567778839101478111e-03
9.587446109812399753e-01,3.332324408370278268e-02,-6.187115061659156923e-04
9.264999248409937493e-01,1.764107374319272559e-01,-3.261273062026944641e-03
9.599525600643203926e-01,5.292497652391137120e-02,-5.025632747235501269e-03
9.042133341314319006e-01,2.318682710871110275e-01,5.115095308153860126e-03
4.000247420943529031e-01,1.902959129435488339e-01,-2.769672533295443329e-04
9.543825828357899166e-01,1.605043631853177166e-01,8.966671418533491561e-03
9.321901143446077453e-01,2.315405057978804984e-02,6.183918797182785115e-03
8.537744314462256678e-01,2.261383242668482674e-01,-1.721284408358423473e-03
8.085658286706725040e-01,1.790376977570095340e-01,9.709313353351255171e-04
8.997626710748959367e-01,1.441713003018113004e-01,-4.085756270160969400e-03
9.507849089484494698e-01,2.834325221897330271e-01,4.963164994884299019e-04
9.578410886589171502e-01,8.471227822554362741e-02,-7.381107344745587578e-03
6.374656994062866122e-01,1.668740322211541560e-01,1.339053107508533097e-03
8.963848628423065623e-01,2.295931724365774251e-01,-4.499096631276587599e-04
9.659144263519251483e-01,2.562388793460714312e-02,-7.847417818248429711e-04
9.366066576213211148e-01,1.731659357758405238e-01,3.032183961484521267e-03
9.666827881066492045e-01,2.820631176803737317e-01,6.300726582256326036e-04
9.366336794939519317e-01,4.178819946669301566e-02,-9.533189942709831277e-04
9.517745123875922530e-01,1.605425100932506288e-01,-1.559787115824641524e-04
9.517320350582418875e-01,6.330725508277711133e-02,1.641524483684150132e-03
9.546660106715171290e-01,2.351037990409555745e-01,-1.424104801251841607e-03
9.764444183251076437e-01,2.257616387299956895e-01,6.308349587845738654e-03
9.306692598478666367e-01,6.015871162354526069e-02,3.738494517829225872e-04
9.448256880766138233e-01,2.837980656116039294e-02,6.102130466380192159e-03
9.587388188964446334e-01,1.582992522575302485e-01,-2.761616507755377398e-03
9.616359532888711925e-01,2.849560363660599283e-01,3.880882984713208972e-03
9.283923215135543305e-01,2.952972010073386389e-01,1.021717257785572514e-03
9.644763626527022016e-01,6.902427249956663569e-02,-1.181079139364358405e-03
9.537689781818953216e-01,1.706882749916577638e-02,2.396749313326975578e-03
9.121582587283459942e-01,4.472519298061989890e-01,2.890373034035397665e-03
9.401567192801354444e-01,1.024209199921567448e-01,-1.862786672129326110e-03
9.698026020650434287e-01,1.486728332352606763e-01,2.266652609644283917e-03
9.571929701953033609e-01,1.089363232773928603e-01,4.524439687122263493e-03
9.699859297711055373e-01,2.021515106323932554e-01,-8.080842397078964734e-04
9.634047224023635225e-01,2.484489257482561664e-01,1.212000426507927470e-03
9.284115506573260568e-01,7.105741529498328657e-02,4.304595474528560145e-03
9.366877862105841279e-01,1.068730125932515346e-01,-3.628074144588062239e-03
9.318059127055977608e-01,2.611259751510386362e-01,-4.031593742848983697e-04
9.513166622662611038e-01,2.917190954088098032e-01,1.532823362880100099e-03
9.133566089711114833e-01,4.107950075340607854e-02,3.797787950093622217e-03
9.624731246974637111e-01,1.410679794228279216e-01,-1.493012944102940082e-03
9.664324360066864905e-01,6.317710690534807105e-02,1.362755920266446596e-04
9.177128721845911885e-01,1.479520661490050792e-01,3.410210452270377723e-04
9.275718690303993430e-01,8.382618060264881987e-02,1.461520515391275671e-03
9.683068125940937909e-01,5.920785803154032800e-02,-6.039152177681542111e-03
9.551343628540152064e-01,2.841216027159693472e-02,-2.254558558874467794e-03
9.432793750668386767e-01,2.359490903030125042e-01,1.065318740642470091e-03
8.783979558986729774e-01,3.141963590749482504e-01,-6.999788010856485693e-03
9.391956357120907484e-01,7.192556958695099645e-02,3.428423054087810506e-04
9.396991622156428692e-01,7.227156373624084307e-02,5.869156294226535869e-03
9.111909641598079368e-01,2.916574354064847552e-01,3.012621697961553185e-03
9.427097813006195537e-01,1.317589364471723479e-01,1.050307328388674216e-03
9.537599993843831614e-01,3.401877825809634937e-02,2.662927924029136889e-03
9.758709228299070615e-01,5.404552777008282682e-02,-3.412778091883530290e-03
9.346184442973877182e-01,9.592829464900663738e-02,7.011028641968064523e-04
9.804891448945298738e-01,2.713422972862454263e-01,6.518779509895142321e-03
9.138313658576747711e-01,8.085281582261662214e-03,9.879813185246534568e-04
8.445249883308276750e-01,1.805236602695838022e-01,3.652650635756097414e-03
9.151504556756903108e-01,1.038878983091203884e-01,2.307162424679817109e-03
9.734865135663723912e-01,7.803208616073113724e-02,2.968000065674072235e-03
9.607192239413391288e-01,1.373010107861471762e-01,-8.567524400345145896e-04
9.758219511194378137e-01,5.502439250157133144e-02,-4.125742574451893990e-03
9.274253308876023727e-01,5.942982883576688469e-01,-4.015449609555462457e-03
3.697205132327342492e-01,1.000379882894911060e-01,-1.168176980213251129e-02
8.889057260639317004e-01,1.777613144592719296e-01,3.840826498227017244e-03
9.648747320591686272e-01,3.939518577526825993e-01,-2.086082761206219105e-03
8.789951657139414287e-01,1.791114459314777363e-01,-5.961217505484374402e-04
9.336062673695196823e-01,3.885500431157097589e-02,4.090521867169374243e-03
9.626384580968654348e-01,8.133162359381784778e-01,8.253425868448484998e-03
9.240790597678052443e-01,2.868640225235646324e-01,1.121379363515428301e-03
9.432944463567192184e-01,2.121993383366398145e-01,3.466035694133739326e-03
9.322039930317760348e-01,2.328660868889939339e-01,4.325362689773955965e-03
9.725455115390119198e-01,2.700355894350464636e-01,1.589434244670361041e-04
9.668499730733202124e-01,8.043280231376068179e-02,-2.066855724356789215e-03
9.618829391576544374e-01,1.131795747172085059e-01,2.301083587467802477e-03
8.281191142182062759e-01,2.359064424345108935e-01,-6.041945315689776358e-03
8.486137388532224435e-01,1.670593762825623996e-01,1.483297466886173560e-03
9.629112484631818791e-01,1.595974268200061885e-01,-1.837155291627815684e-03
9.649655005420927356e-01,1.436096660851787221e-01,2.711980770522533918e-03
9.403524210236176017e-01,1.472621808845459013e-01,1.628854485764549137e-03
9.422640147934839838e-01,1.681527022982888878e-02,5.841140251766734071e-04
9.749248025078995905e-01,1.245370073066580513e-01,9.156819325404109977e-04
9.622494782206495456e-01,1.450700079471326231e-01,3.081951865253014511e-03
9.500526297668122622e-01,2.272023772889383841e-01,-4.853524298230705442e-03
9.674038649722620509e-01,1.301326066552693228e-01,6.049752295083140469e-03
9.111773109042260455e-01,2.024696350565764191e-01,-2.358213347941260501e-03
8.909416564786990511e-01,1.464019914269217848e-01,6.322885912781694290e-03
9.338759958977345121e-01,2.254428228431957226e-01,-4.533657364343805091e-03
9.520139087428109992e-01,1.538560094236872400e-01,2.045813892776606607e-03
9.535631507860817813e-01,1.903081216504665663e-01,3.645487225654019114e-03
9.384334876155269178e-01,1.697780623492549934e-01,2.794035930386930960e-03
9.486681701679819945e-01,1.310541352147828464e-01,-6.477329262072652194e-04
9.313688581010233225e-01,1.884241720962311906e-01,-2.448735554725581937e-03
9.204296005121048729e-01,5.822798701361568685e-02,5.252560442914566002e-03
9.617925788271298737e-01,2.590027734996453446e-01,-1.647860480633592944e-03
9.414698504802740953e-01,1.011109676648762751e-01,7.779016823601266756e-03
9.409034762691519393e-01,1.433772447099809499e-01,4.058496014421632270e-04
9.625625309350156478e-01,4.262955854943983880e-01,1.196310386408046961e-03
9.418934455461831501e-01,9.061541626803927552e-03,3.039383660687979688e-03
7.375058436669826856e-01,6.072373900912066136e-02,3.587207282909971734e-03
9.479260307025529908e-01,9.942134460107708571e-02,2.357739510114916642e-03
9.047817470702703702e-01,1.681734729067312084e-02,-5.651664920185810181e-04
9.564824077589153539e-01,1.440272858254429966e-01,-3.407931632586239795e-03
9.386347834934312129e-01,2.272234320231802107e-01,4.787796343632130108e-03
9.653540590295028867e-01,4.053599339892290099e-02,4.362823925816935317e-03
9.034900662748982514e-01,1.243031371258525170e-01,3.914842293866831885e-03
5.228787203396597638e-01,3.344020688254264462e-01,-1.025910228559862372e-02
8.135503151891775309e-01,2.461120740822114183e-01,-7.919089303260967369e-03
9.599494493086678792e-01,4.959506408807050071e-01,1.087475757063732090e-03
9.750706359627233644e-01,1.616493458097037761e-01,2.351432973733379173e-04
9.481670936557783369e-01,5.250093731255032203e-01,4.548020701026968954e-03
9.366623942948393289e-01,7.562888268982785600e-02,-1.139130545607925510e-03
9.446482474815773855e-01,1.241084664046946395e-01,9.388784162624695673e-04
9.535086287091647517e-01,3.394964723458716860e-02,-3.293372508980364072e-03
8.077741941032259287e-01,5.488464629338479783e-02,-6.454373576041217558e-03
9.649969631601085229e-01,9.747165064448209959e-02,-3.235218104035476189e-03
9.657616070264399832e-01,5.815649473839053230e-02,-8.169833372368533186e-04
9.639523342524387584e-01,1.420712730993702877e-01,3.211205895709414587e-03
9.413559989059177013e-01,2.307169718084617349e-01,1.298151441345155727e-03
9.458314281682309588e-01,1.919352738000827396e-01,5.906076049928748323e-03
9.496777230933952652e-01,1.382713531444587918e-01,5.523491025651663250e-03
9.490999620466618047e-01,2.004128878252979806e-01,1.135371175337816785e-04
9.497822444023404920e-01,7.865170011492700342e-02,6.322993551021002107e-03
5.964282690341705662e-01,8.653621144150497324e-02,-5.120972060422213784e-03
9.686644336450487280e-01,2.308827467207380524e-01,-3.569772230215002146e-03
9.639258980489074924e-01,1.068199337863773163e-01,3.558175878422054073e-03
9.268791171018309072e-01,2.989575974643325917e-01,2.265888627712809439e-03
9.168395534440259009e-01,2.342395115637767589e-01,9.024254095843831786e-03
8.418455285041459568e-01,2.119369985652399258e-01,-9.803351969595065774e-04
9.023818905739695584e-01,6.158939327961397980e-01,3.355133112847522719e-03
9.422821865820246723e-01,2.288863404603017626e-01,-8.815555624661942924e-04
9.221628427776523695e-01,2.805477068968043053e-01,5.466005390769770184e-03
9.361688833972174884e-01,1.653558339939713295e-01,9.887289823154950946e-03
9.738426434588798308e-01,2.555807265153137720e-01,5.311964701464538113e-03
8.352281605836850975e-01,2.369967549731293033e-01,-3.207491856096950089e-03
7.194214213770955269e-01,2.588121119763658329e-01,-3.099407497932017003e-03
6.282475496627383249e-01,1.174687260488828239e-01,-5.016380411973660886e-03
9.551702213863955127e-01,2.574935198138746453e-02,2.478741919525778020e-03
8.567467317911291458e-01,6.065256256211576380e-01,-4.046236867172016416e-03
9.508801919411465908e-01,7.957426428565839149e-02,4.642718554259957914e-03
9.552568158096599316e-01,1.657741812713111884e-01,1.006897720875778862e-03
9.265373208018290452e-01,3.356016146931922184e-01,1.762107726628122858e-02
7.019696310397192107e-01,9.089120117165956636e-02,-3.328470815395109111e-03
9.453146626923960572e-01,2.073014349623568398e-01,8.759222719495789872e-03
9.539695832766575956e-01,1.564432360949742362e-01,3.403343421440850614e-04
9.207028495611562224e-01,1.483748048990692903e-01,-1.807567264672852586e-03
9.466271915419028904e-01,1.675854579025393698e-01,-7.130069896544483782e-03
9.477791839706956045e-01,5.283527847971174474e-01,2.544372353094376260e-03
9.539484553570856118e-01,3.570651076321852413e-01,3.543024412991545996e-03
9.195304788534248708e-01,5.021105616804441563e-02,3.658695303037497876e-03
9.313028314588260859e-01,1.230161777737044659e-01,2.797870622451025663e-03
9.361587800175754648e-01,3.578256518303445932e-01,4.503548013266318178e-03
9.821015453413213248e-01,3.791811935646772214e-01,2.060894902554465946e-01
9.580067027453620376e-01,6.183979727533078785e-01,7.366985863936848650e-03
5.228787203396597638e-01,3.344020688254264462e-01,-1.025910228559862372e-02
9.519097223987522671e-01,1.670940770571696099e-01,5.085043841666674752e-03
3.530282314002211042e-01,1.032729719644954330e-01,-1.148735991920914884e-03
8.919574746420453337e-01,1.896765834380972071e-01,1.879035770523753562e-03
9.209793741148837309e-01,9.449585372831524610e-02,-7.267058737483945291e-03
8.952520144246096656e-01,1.613029800039683381e-01,3.019651134330666314e-03
9.630592895249961982e-01,6.839707047772289328e-02,-3.760531509043631149e-04
9.258576520455448211e-01,2.047947934503629996e-01,8.716254238315644665e-04
9.431741116360272681e-01,2.417890667467972043e-01,9.446174684391815679e-04
8.430094038436589665e-01,1.573929568204743001e-01,3.616243199830056904e-03
9.454243162645115106e-01,1.011795461451503730e-01,6.687870752314015177e-05
9.586351911960101502e-01,2.339405880983282462e-02,5.521175594179715540e-04
8.941073261831034014e-01,3.506866910477153265e-01,-5.254411820251502635e-03
2.333647542455115353e-01,9.322558928799155875e-02,-1.349110289379538280e-03
7.576109495107152814e-01,8.206678630451634537e-02,4.884432374429280299e-04
9.453289459881830670e-01,6.968804142890951125e-02,-5.850842104732426052e-05
8.275161245097160112e-01,2.735687099055461244e-02,7.543602890802744015e-03
9.526420167704409137e-01,1.127070286845311825e-01,3.165101448125047512e-04
9.323919095910937482e-01,3.298547660201930909e-01,2.700554781742817156e-03
7.565586360655072173e-01,1.407871055628593659e-01,-2.492794733861814632e-03
8.280457510638384866e-01,8.469912187637269885e-02,-4.109566102192253184e-03
9.630473153835850120e-01,5.328712399757806750e-02,3.276842886824466589e-03
7.403335922181574213e-01,3.189594057745324951e-02,1.773728020625222473e-03
9.689381438908908351e-01,1.516921397870922006e-01,1.403233279652024018e-03
9.415419418995443213e-01,2.251778806378820774e-01,3.771189181997130352e-03
6.785072263307008189e-01,2.301397022179114404e-01,-6.018200125204545975e-03
9.536375720345872109e-01,4.540227366683327048e-01,7.466376954618752365e-03
6.264560295044526717e-01,1.820097719514041923e-01,4.269978283986255313e-03
9.692557512600579184e-01,3.704601271654375805e-02,-5.322413287845082636e-03
9.754903776137047178e-01,8.657086068083297281e-02,-1.671749784360913177e-03
9.213242448995022649e-01,6.267259165833090340e-02,4.582611059156371097e-03
9.129536871661942943e-01,3.727414549252392462e-01,4.472415171128188427e-05
7.634520395776132062e-01,6.278111768913345603e-02,2.383014903192686579e-03
7.259888783678527524e-01,1.313721666149373080e-01,-2.696522953731853717e-03
8.722998491636926310e-01,1.142522044786782182e-01,-7.273916667962804922e-03
6.595321362288781852e-01,1.325731570116756575e-01,-7.917499071226612867e-03
9.835014586206316523e-01,6.972601813841282359e-02,-3.485971489180044597e-03
8.919756394642313069e-01,2.853193620196628477e-01,-2.282204917360731999e-04
9.633471031715643562e-01,1.654257050390612882e-01,-2.452588902105722057e-03
9.679415248105240899e-01,8.298042146238940320e-02,1.700739126180385308e-03
9.123426094654928376e-01,2.579423852667968586e-01,-5.413965155588208733e-04
9.588692223668119352e-01,1.162409849920265498e-01,3.982915274087128060e-03
9.350666711239421502e-01,1.778276351419725843e-01,6.688341302872637117e-04
9.286102488675406219e-01,1.109126802725905747e-01,4.302600454239104838e-03
9.037367261844362343e-01,2.128379139939666209e-01,1.791814535633897559e-03
9.208478120930458921e-01,1.820318133342102296e-01,1.322972004879855584e-03
3.704398863405804487e-01,4.418747960586726087e-02,7.134482512374230867e-03
9.460015659937668353e-01,8.167233224906299272e-02,7.576554812043580917e-03
8.948882443534423858e-01,1.426935670191791794e-01,2.641565412600018620e-03
9.690648983842474751e-01,1.435155115457323674e-02,-2.264471966835965994e-03
9.735518481032364724e-01,4.983314289466468650e-02,4.805177465140576115e-03
9.403277734569518431e-01,5.943237022847433493e-02,-1.175534086979988097e-03
9.387700999506486399e-01,1.834351918098835466e-01,-6.430739928095150632e-03
9.438283534303597566e-01,7.306708592923944617e-03,2.445582676798337823e-03
5.141965089676771017e-01,5.485191192360938661e-02,-5.789625371220668421e-03
9.609844802709543998e-01,2.617737855074731002e-01,7.770774711702982396e-04
9.742170409051924551e-01,1.023577355115112691e-01,1.169704633475456695e-03
9.426522508632797503e-01,1.857178894338366304e-01,3.919142517771357498e-03
5.907394982955038731e-01,1.402068971221910598e-01,-8.885519462960598386e-03
7.916825920053197629e-01,2.075368059695014214e-02,3.061442449751160949e-03
9.470729879279606855e-01,8.787550297414156719e-02,3.703706825861113189e-03
9.038979430721039154e-01,1.733503096963781853e-01,5.486756081615178776e-03
9.564236633042600966e-01,2.348379388147759927e-01,8.042905463499956664e-04
6.661266676307300294e-01,1.996350131586714094e-01,-5.272546993988661695e-03
9.190611970517864604e-01,3.504834227095725285e-02,-4.240250236914315518e-03
9.225730395093791891e-01,1.725086832838025608e-01,-3.641790046609558879e-03
9.122386288823574052e-01,1.093879297117238275e-01,-4.430971586389071543e-03
9.557853272487997209e-01,6.178909241584533418e-02,-1.500378227993794111e-04
9.626143776140315689e-01,1.472980619318456710e-02,2.890460367136981484e-03
9.195634596715362985e-01,1.079687245881711249e-01,-1.491867020174293679e-04
9.644771814648899211e-01,4.381787384952032238e-02,7.117434923183351553e-03
8.335623427964875543e-01,2.022466157741140969e-01,-6.536467907295121643e-03
9.050859987716013411e-01,3.369414100412949087e-01,3.351713033762204058e-03
9.575095515245072297e-01,2.069954954158483018e-01,5.909134728575547030e-03
9.503772325761770112e-01,3.183789247261348265e-02,4.352350738248866174e-03
9.646837605426672457e-01,4.752985667169303263e-01,1.692627095597181580e-03
9.054331047063343130e-01,3.030402113242811404e-02,5.822542893293831262e-03
9.259281602560599511e-01,4.792703788007269261e-01,5.627996470348308605e-03
9.319537687976213736e-01,9.039234621326608377e-02,3.720778164461212983e-03
9.686347391653289396e-01,1.844990015977589770e-01,-3.700224822998955665e-04
8.986147639466126602e-01,1.747846643109417786e-01,-4.977773646672154634e-03
9.821015453413213248e-01,3.791811935646772214e-01,2.060894902554465946e-01
9.445250955887087851e-01,7.862648888226447808e-02,9.020585609330160348e-04
6.934697807910595868e-01,3.403287559630076009e-01,5.684632505665275504e-04
9.577648578763600096e-01,1.148774047085094063e-01,2.178809542766023399e-04
9.140405774961088969e-01,3.664362507307523248e-03,3.719083728688340335e-03
9.109746193692541683e-01,2.177610697435206633e-01,-1.826315341753179805e-03
7.595048670185586825e-01,2.677012809193764498e-01,1.736035472419003578e-03
9.429656583107630663e-01,9.047451143011686625e-02,-4.417987670807602130e-05
9.145883054997789863e-01,1.142063529872989064e-01,3.096914433541594208e-03
8.638662229783720115e-01,2.231175551246204203e-01,-1.245895170496908594e-03
9.601229370849233558e-01,2.528702047664858066e-01,5.566173375904970994e-03
9.517974037823215827e-01,7.409670698569874592e-01,7.130433272232273439e-03
5.925246195251487880e-01,3.913221615642097362e-01,-1.752746926178983672e-03
9.681128535020319115e-01,1.057208605692306208e-01,1.365228265424355686e-03
9.524936952747640184e-01,1.428951528998384513e-01,8.605350821663439870e-03
9.038266112474309111e-01,2.403151076777148565e-01,2.169160860686938225e-03
8.334868257566442340e-01,1.539373714936541349e-01,1.038960560306733533e-03
8.973724895429116000e-01,2.509779691692829995e-01,-3.342231467728485478e-03
9.440412993667854913e-01,2.863208220306046048e-01,4.130803430171307161e-03
9.720766298027953001e-01,4.551044437688865352e-01,7.293291744001496185e-03
9.167126816147117552e-01,1.731302473045818746e-01,3.444986801032754592e-03
9.215456872978524672e-01,2.126629017979233538e-01,2.578145350931395491e-03
4.802480061561791302e-01,3.094333711996414271e-01,-5.621864285053800731e-03
9.470746128877278736e-01,7.384932420131483377e-02,5.308428972451897238e-03
9.532115499780500212e-01,6.195835887324316338e-02,2.523023064361081674e-03
9.601896485063236009e-01,2.112383040186653904e-01,4.037688610469398337e-03
9.647158826248815044e-01,1.393507322246277103e-01,-1.524290435262101728e-03
3.756247169794503238e-01,6.871245564880482659e-01,1.573054163335726660e-02
9.178732689703689163e-01,8.189491157798195475e-02,1.349940259666528725e-03
8.678472625445395883e-01,2.917831307002600738e-01,-6.176652863945395616e-03
9.479319779569675974e-01,3.183333138568311127e-01,-2.542084219173488396e-03
9.730596377879907610e-01,4.860954406107238779e-02,3.904674928399794881e-03
9.442421203884482361e-01,2.685871543643055248e-01,5.484930886861440896e-03
8.982353046196804858e-01,1.615861408699633128e-01,-5.344641590358776423e-03
9.519550749837536463e-01,1.771263506113043007e-01,2.216517600311797981e-03
9.709741202596633425e-01,3.222370302562592437e-02,5.382423172949780260e-03
8.965213047504779764e-01,1.721509367456723338e-01,3.577520355807699975e-03
9.531540350492455627e-01,1.309168191194906294e-01,1.506926762724829921e-03
9.577354431058834328e-01,1.244801113642338003e-01,-5.884664160081855278e-04
7.399135155662535102e-01,1.731017904678466834e-01,-9.445005259699525146e-04
8.770219974370061511e-01,7.500326056832158639e-02,-2.614865001534006500e-03
9.512847586781997267e-01,2.372704565994873394e-01,-1.439512255556791437e-03
9.840270333936964597e-01,1.339591748069166310e-01,8.806915609589592575e-04
9.576817079535581145e-01,9.518980983442883181e-02,1.348521956364114732e-03
9.507695283951047571e-01,2.208825087517212460e-01,-1.043874572131179429e-03
9.456876260639033305e-01,1.095689555879538341e-01,6.395325891051465567e-03
9.274954005294729908e-01,2.323775647149491363e-01,-7.648221940144174502e-04
8.671458347105620579e-01,3.272312110732848722e-02,-8.915032989845007860e-03
8.950445450075847909e-01,1.718205870048549189e-01,-1.193700149296459539e-03
9.501240796937350241e-01,3.811148355849839353e-01,6.430370976641387043e-03
7.599703361298155713e-01,3.831369751908256793e-01,-5.764825104922228355e-03
8.699364502784582287e-01,4.181305897548588668e-02,3.016054878061735084e-03
9.617877143043932486e-01,2.432451572899556880e-01,2.292642587204993948e-03
9.408001124325592324e-01,2.043171981440436158e-01,5.890725954835387274e-03
9.482749532550389659e-01,4.439789718827936160e-01,7.667568385862157804e-03
9.640132473759823739e-01,2.841137436851255971e-01,4.803949437883852508e-03
7.469483366576545880e-01,2.417234784857311969e-01,-7.224148958326421371e-03
9.566021411199930879e-01,8.785071201180796874e-02,-1.169131415674342506e-03
8.964370102580996313e-01,1.209611410949634341e-01,6.734100087689952330e-04
9.678330170817615041e-01,5.059282907603822321e-02,-5.913951511762400443e-03
9.241553555214899740e-01,2.724266862741510087e-01,-9.230058196150574268e-04
8.480558879061748101e-01,1.265381337576698406e-01,-4.298856266240370233e-03
3.872442995911296038e-01,1.613711427537242726e-01,-3.910852662525065443e-03
8.988629213595598078e-01,1.750515635206083623e-02,6.574702260278439403e-03
9.090912230292187424e-01,1.303851931029367250e-01,-4.829248553635565738e-03
9.391145146633412821e-01,2.469958078823581982e-01,-1.074778179861488742e-03
8.939329218812566147e-01,6.143984181998544958e-02,4.929292913440502105e-03
9.179533722010074781e-01,2.066597813307285425e-01,1.216636264599047640e-03
8.708906363017783203e-01,1.624353316861033847e-01,-5.145997652878667172e-03
9.620052743426246167e-01,1.907065927332094735e-01,6.750200194750925059e-03
5.319424430572876616e-01,6.445599894519853101e-02,-6.784130856990009534e-03
7.864449208364354682e-01,3.397159082319771706e-01,-6.767538963243713984e-03
9.317514465895081477e-01,1.400795037938526721e-01,6.314391662023584317e-04
9.596508190593826537e-01,1.615781697368464942e-01,-7.415895111582058302e-03
9.684407076596130981e-01,4.114519681109425342e-01,-5.281887335868533373e-04
9.432730731881008301e-01,2.398545745918809480e-01,5.838715690335189584e-03
9.536891539779874805e-01,3.775050087687649714e-01,5.595405598810321984e-03
9.769094844528509736e-01,3.080833778785334598e-01,4.079401376506520266e-03
9.706974867080955249e-01,6.019972728528970307e-02,2.397388847237984927e-03
8.816558111436023637e-01,3.283353308740768473e-01,4.218584484936501594e-03
3.567151680628892763e-01,3.395835346760122109e-01,-3.888329985013382756e-03
9.743128826169967782e-01,1.787127774795318202e-01,4.507035517378448625e-03
9.764688833194508089e-01,2.803179846162879851e-01,6.998479446425103639e-03
9.549820963315955868e-01,3.549676042732933245e-01,4.526749509636492780e-03
8.527365983831071139e-01,6.636250303252223814e-02,-3.257685813000812253e-03
9.660306911580669453e-01,1.212886980941330906e-01,3.554995347059462796e-03
9.265373208018290452e-01,3.356016146931922184e-01,1.762107726628122858e-02
9.615747588888812203e-01,1.684081398358409642e-01,6.100793733483267367e-03
7.144764316956563333e-01,1.168082698685932314e-01,-2.569272843420653679e-03
9.480559302893154516e-01,2.396641919541327159e-01,5.346659298015390277e-03
9.343049314160311036e-01,2.158540033021484339e-01,3.990950332643791038e-03
9.451155048979833495e-01,5.440244364496038543e-01,-7.013200255014222229e-04
8.118744786906482158e-01,1.707773334962719158e-01,-3.896047339312900398e-03
9.618639222812345180e-01,4.042380708526790989e-02,-4.429984308669532300e-03
9.536203812487633602e-01,2.986802653398412111e-01,4.175657357852444879e-03
9.521944609475205823e-01,3.598184510216423382e-02,4.972441375816396419e-03
9.737040213754545315e-01,6.309520255039592629e-02,-5.619814946340864065e-03
9.504175083055215190e-01,1.190989242811309884e-01,-1.091443248424434770e-03
9.534547996907170031e-01,7.121221606324994180e-02,-4.298065606257981536e-03
9.688869433527135255e-01,5.065110836712889697e-02,2.672817733121331946e-03
9.149074922913988939e-01,1.779042126608920416e-01,-1.545316666187405291e-03
9.497518241390325855e-01,3.122022903384495396e-01,1.235533690913107399e-02
9.639265588410000918e-01,9.151418579622111471e-02,-4.603426341020875473e-03
9.475738401674715927e-01,1.945673317612549302e-01,4.176820135439750920e-03
9.662325467446203353e-01,4.586960156983884568e-02,4.615639159018421200e-04
8.331322978134663160e-01,2.164033337304991644e-01,-6.727957837332536328e-03
9.595154935994677503e-01,1.408289019085484095e-01,-1.648352043104976683e-04
9.589943452353070219e-01,3.965044183441709946e-02,2.688791906376383073e-03
9.315503410568564124e-01,2.633946779098710333e-01,-3.324036520048929966e-04
9.654859799315598234e-01,5.236934115847886873e-02,1.466710719958231463e-03
9.699630409382751228e-01,1.659000473924527319e-01,2.937141187247301749e-03
9.473533419149933188e-01,1.474050582505673501e-01,2.893836092645405561e-03
8.334357113561523533e-01,1.909275504489248987e-01,-4.019661372163908092e-03
9.557225021115950403e-01,2.999791597957111589e-01,5.495329967729254556e-03
9.740024549260866138e-01,1.450737094238258584e-01,1.490328026942450840e-03
9.530641862473462345e-01,1.244186980746870286e-01,3.102159268352857463e-03
9.412762095593230072e-01,2.390636725825799613e-01,5.124451540891836882e-03
8.684183444677321395e-01,3.105768080384188057e-01,-9.744593845182451114e-03
8.958152222804265374e-01,8.801193051524085209e-02,8.345666708118280874e-04
9.771088606105634566e-01,2.521983563002782036e-01,5.321376200724026867e-03
9.656089895946934343e-01,2.359217063744658283e-01,2.174143754247067489e-03
9.500974265601980218e-01,1.488090318827388348e-01,4.308589926139246712e-03
9.598145975708136657e-01,3.374561704095173642e-01,7.006569212813420350e-03
8.835134090545313512e-01,2.587604304111572051e-01,-2.854685736704946214e-03
9.487698081780440162e-01,3.485349739734624475e-01,3.226835450732771365e-03
8.614378173362997604e-01,1.795820356865708012e-01,3.427167739357004500e-03
8.871852720648912838e-01,9.151374839070237216e-03,-5.598726586481281992e-03
9.636739870998484170e-01,1.035552273071768947e-01,9.909909701883296007e-04
9.715290016164408460e-01,1.698310766612457501e-01,2.874042929612279779e-03
9.439624252608300736e-01,2.068972118134000671e-01,2.059789749044523693e-03
7.753928654122510533e-01,2.029689744249851477e-02,-6.333685379868048831e-03
9.452893358367505661e-01,2.533904539190457994e-01,6.719175218668323873e-03
8.531179076319362897e-01,1.462056852631062609e-01,1.729002948090554298e-03
9.516338858298289960e-01,3.141758072417777381e-01,2.268969863217767252e-03
9.428190559790400327e-01,3.647120028805527214e-01,2.101090197387297381e-03
9.587322200697396823e-01,4.043427805925030594e-01,-2.051545846734555839e-03
9.118404185146982144e-01,1.609047172832729911e-01,2.456052535167837364e-03
9.789263093569305907e-01,5.311876245646038330e-02,1.956368989401616187e-03
9.505313412954218277e-01,4.224905512435959964e-02,1.083268930620728127e-03
9.339203229305653720e-01,7.788351055615390373e-02,-3.191377338339167896e-03
5.228787203396597638e-01,3.344020688254264462e-01,-1.025910228559862372e-02
9.727104635680016154e-01,5.474869948207354564e-02,2.526897181008614518e-03
9.537415669859836687e-01,1.645806728513966588e-01,1.486208670134155779e-03
9.497472920467585622e-01,1.157207248912514447e-01,4.042489457219168580e-04
9.055439568540009088e-01,1.034165569144107483e-01,-4.427502372825218441e-03
9.859858623935873201e-01,3.451347060356427243e-01,4.370779021131269981e-02
7.030989078508220746e-01,2.554539117296659168e-01,-6.198206442006016365e-03
9.426071691850965717e-01,1.863463805026265019e-01,4.874796831935770958e-03
8.682642743699556798e-01,1.208746596358964281e-01,-4.856978101431531220e-03
9.742934771605014088e-01,2.453434949506489160e-01,-5.204693822598558534e-03
9.486579290596590663e-01,1.867641116369535281e-01,2.461185847880097144e-04
9.093566284661168675e-01,1.093220181656469336e-01,-3.127063441619729739e-03
8.759990977843039595e-01,5.844495066266069960e-02,-8.630534209642191229e-03
8.764139590491730747e-01,3.843245745025576365e-01,1.271789231795588532e-03
9.524171448662257511e-01,1.154998486476176492e-02,-2.039856274882612813e-03
9.666813019928709450e-01,1.175363390321176593e-01,6.910498111690279582e-03
9.584638118659334349e-01,1.497617831627525431e-01,2.016255305314924168e-03
9.698841976785451680e-01,4.190307254280524196e-01,5.066687154859948056e-03
9.634229772845405160e-01,2.173979001605435835e-01,2.385674168601810419e-03
3.567151680628892763e-01,3.395835346760122109e-01,-3.888329985013382756e-03
8.239277642726829942e-01,1.887116922108929840e-01,-7.137836740519105938e-04
5.894197241454135483e-01,3.321458502353734077e-01,6.058269802655790598e-03
9.466939319450093926e-01,1.317075148145789298e-01,7.010749764710662996e-03
8.676374743584923666e-01,1.598134149829976147e-01,2.102224439039814680e-03
9.641124752694498756e-01,3.466849062074961463e-02,6.628202156263827971e-04
6.753066658933998267e-01,1.382179740522497258e-01,5.894754141825969684e-04
9.521144384096389413e-01,2.583214574714183809e-01,5.677789396260311816e-04
9.482152503337197835e-01,2.660023553987965195e-01,8.958022407903800527e-03
8.902493615554045725e-01,5.135928216183055506e-01,-4.049985745711789931e-04
9.821015453413213248e-01,3.791811935646772214e-01,2.060894902554465946e-01
6.988586600818116334e-01,1.796221555468545672e-01,-6.136839585276290809e-05
8.686786064183913414e-01,2.087746082911041690e-01,2.400645629559671618e-03
9.625470051211620914e-01,1.120307128817983749e-01,-3.618453253705983946e-03
9.358983314946331955e-01,1.375162401864642170e-01,-4.664608045538434777e-03
9.563977543257157210e-01,1.159770830545931997e-01,4.653234206561478875e-03
3.951083321962359785e-01,2.693407503854725049e-01,1.396604757210182998e-02
9.131469861447775171e-01,1.957462138886882086e-01,5.534899090260388815e-03
9.101844637629417090e-01,2.071682861043800186e-02,-1.956549057321847057e-03
9.016954608605438626e-01,4.717725243390025192e-02,8.213642668070085529e-04
9.293402081417716509e-01,3.589099293727815443e-01,1.293954395932956497e-03
9.491400322585729077e-01,2.368540884380041789e-01,4.208047497507829554e-03
8.932150712382900259e-01,2.490129772279011666e-01,-1.444547403857885520e-03
9.512372104809243556e-01,9.583296789953010819e-02,-1.057215270257146761e-03
9.608635998910681764e-01,5.488565305123276061e-02,1.869417613768183800e-03
9.584826624132463113e-01,1.392231708999013273e-01,1.406203508326174523e-04
9.649673089973350715e-01,2.248676512756103973e-01,4.962163413061656397e-03
9.668953414057388507e-01,2.305998444844264417e-01,6.228346285163180451e-05
2.885065385899556745e-01,1.815430775074509950e-01,5.014111437569465091e-01
8.438106273933356771e-01,2.631911895007317259e-01,-1.305695175565561167e-03
9.585768806185146484e-01,9.725350207581963391e-02,3.701636318230689532e-03
9.255112513532157692e-01,2.026861249426808453e-01,1.279662043922210474e-03
8.929847688728745903e-01,1.910887574670499522e-01,-1.454687566194604736e-03
9.549269548849990130e-01,1.455904468419742248e-01,2.275783379686108915e-03
9.618700390172619796e-01,4.689186974341329195e-02,1.282429842638318357e-03
9.522565945954666322e-01,1.072256894122543824e-01,3.066070053096454917e-04
9.770371501163842565e-01,1.825597226547842900e-01,3.953568029058936867e-03
9.864233280330727549e-01,6.008126428702738331e-02,-3.145741335788241472e-03
9.483352190256025827e-01,2.238202614952601588e-01,-7.312111603182961522e-03
8.844907382318931699e-01,5.109057091990999722e-02,2.877522791902117211e-03
9.560057665450196751e-01,3.139470007484303493e-01,6.326717061376808948e-04
9.803604234360541181e-01,3.796510534319674779e-01,3.207119067418006536e-03
7.931355124902403908e-01,1.108172241426113175e-01,-4.405804704368136010e-03
9.859417478827059433e-01,2.790668459154506120e-01,2.421988891678380357e-03
9.567642764811684630e-01,1.552097936627911123e-01,1.685583496086103666e-03
9.279774038808119574e-01,5.693582384416411291e-01,2.237214132188521803e-03
9.525828901304794760e-01,2.673231652016293536e-01,1.424204124229912910e-03
9.691500561994212948e-01,4.971220486595488708e-02,3.127947080955994358e-03
9.554980799211643117e-01,4.972103570068557576e-02,2.899676803290417160e-04
9.113650591547395319e-01,3.117752390798852469e-01,-1.450594011477391448e-03
9.514048779046617721e-01,2.467433610372852804e-01,-6.793246819720884233e-04
9.177746815507914491e-01,1.710432961086951198e-01,6.627040901979113635e-03
9.671332309433847696e-01,5.450993909446708585e-01,4.399722950985836961e-03
9.584277679068642364e-01,1.024032003457840401e-01,7.362100400035535841e-04
6.682093551665051478e-01,2.636229540218417156e-01,-4.316429676957975886e-03
9.512259670522054122e-01,2.123795320543749587e-01,6.114804318644053577e-03
9.186966146312827153e-01,2.538174359182934769e-01,2.318971199097210473e-03
9.757609820261594624e-01,1.139800083062049163e-01,-1.867623867545555039e-03
9.659139338049667067e-01,2.504470044008600405e-01,-5.469259129948920301e-03
9.686885577609791742e-01,6.018128912542555775e-02,-3.803754951781462140e-03
3.735361983594335245e-01,4.974117695246574322e-02,4.181356633489556607e-04
8.094929522681642009e-01,3.488959009467340611e-01,-1.095433361022930124e-03
9.232985538555951166e-01,3.243677247914170114e-02,-6.027443513379783513e-03
9.392229850626827581e-01,2.543105287517898883e-01,-7.214074005650362997e-04
9.539527524324848962e-01,3.143813958978705081e-01,7.439127373194878018e-03
8.998075765645894286e-01,3.580599476828347227e-02,-1.002047049133040352e-03
9.454433683446532566e-01,2.643417986125157215e-01,-1.843371051542450761e-03
9.451217674012479808e-01,9.726205966198438191e-02,2.156122705775389420e-03
7.269495722695833440e-01,2.532197804780392802e-01,-3.016090820688373947e-03
9.241960046499091419e-01,1.502559438522749549e-02,5.869337990147060341e-03
9.446009185849391088e-01,1.312430517468047078e-02,5.834311790239680995e-04
8.848751336614115726e-01,5.504377208004797295e-02,5.469140167807678282e-03
7.232406624375620208e-01,1.862845126559973530e-01,2.009502713161148008e-03
9.377473925750948736e-01,1.082621808368922772e-01,-4.114863418746905060e-03
6.647443554597278759e-01,2.331776213565696920e-01,1.704328672557025443e-03
9.511457380409380491e-01,1.514827123374737350e-01,2.423141260271027136e-03
3.710808608231174199e-01,2.099125668125865485e-01,2.477434697600377350e-03
9.812647956299562768e-01,3.378829714435099274e-01,1.465611356709551824e-02
9.439245637261479693e-01,3.241484500807907398e-01,1.348926478830180659e-03
9.467187222141940639e-01,2.339548885757860852e-01,2.729634565046153843e-03
9.664060203449420516e-01,3.381440014328855326e-01,3.759337574308515423e-03
9.610323606611241853e-01,7.510238102931372783e-02,-5.591217861684812801e-03
9.808788679188545911e-01,6.928592532104924095e-02,-4.789876711995412484e-03
8.708404903135373853e-01,6.032081825440190059e-02,-6.008324265988119334e-03
9.542786343676341598e-01,9.746331618666735641e-02,-3.283940316527744069e-03
5.317835916191628876e-01,2.713967215606325478e-01,-3.222950009747534844e-03
9.821015453413213248e-01,3.791811935646772214e-01,2.060894902554465946e-01
9.665326527221995701e-01,1.336720781926206414e-01,-1.680545849547000758e-04
9.172052557976961840e-01,3.763767922634821961e-01,1.241871844840630040e-03
9.502114794965890177e-01,1.527358935216016622e-01,4.039599776937814052e-03
9.540649538882092218e-01,1.919264074172486179e-01,3.505355349074045640e-03
8.706208361167619980e-01,7.631853092261178806e-02,-6.610203309502567931e-03
9.369058238361825941e-01,2.709013435705202588e-01,4.303704086085876485e-03
9.267577339820686211e-01,1.813335957725971392e-01,3.797875352474219118e-03
9.569295424979443743e-01,2.076495907735145530e-01,5.550469853819791494e-03
9.174675184567934183e-01,2.422145421377772390e-01,4.502144317536128926e-04
9.477844847585312760e-01,2.190511137856329948e-01,3.034546448196808605e-03
9.533518697478067239e-01,9.843195088756347133e-02,5.474207887404391321e-03
9.368551984856401393e-01,3.142678263311596276e-02,3.203490571815899995e-03
9.228320570605549333e-01,2.978506417802223583e-01,5.381044985546361292e-04
9.285608660151452032e-01,6.518846324311862450e-02,-4.139901456445028993e-04
9.001372658349178213e-01,1.059210010675556562e-01,-3.066787033485750269e-04
9.401641718666868819e-01,2.748640006632704358e-01,1.480723849819658849e-03
9.598145975708136657e-01,3.374561704095173642e-01,7.006569212813420350e-03
9.716593555345407474e-01,1.241270785863019949e-01,-1.281132677308494811e-03
9.619782475349405448e-01,4.599742400251005670e-02,6.735006709230155486e-04
9.639283172967795243e-01,3.291388727485384802e-01,1.772578723131326001e-03
9.568304049665719013e-01,1.205616053388731818e-01,4.381057529416126223e-03
2.787845175919947405e-01,2.727798494322978828e-01,1.572744819953255935e-01
9.325246167239311657e-01,3.001687811996487931e-01,2.690548648511304625e-03
9.228510970773567967e-01,1.331339859477874976e-01,-2.492812805950754551e-04
9.423433474957729761e-01,6.573040199917369597e-02,3.692186166751425247e-04
9.460888026743968782e-01,3.841668816753281979e-01,2.083203953598383035e-03
8.854919283405671138e-01,6.043310292712461562e-02,-4.412173433074907669e-04
9.161823622844926795e-01,2.701010434389620185e-01,4.967961386237233073e-03
9.630592193311391380e-01,6.250820517465258824e-03,5.803463557232307196e-03
5.228787203396597638e-01,3.344020688254264462e-01,-1.025910228559862372e-02
9.440760325615987769e-01,2.591955719066622033e-01,2.664292868300385114e-03
9.569741756127845278e-01,2.313015586732591056e-01,6.525733433986290188e-04
7.837778122166989547e-01,1.099043658736688772e-01,-2.558815851523208590e-03
9.568833300390976460e-01,1.872843792738167756e-01,2.433851825060475565e-03
9.259478026887340008e-01,1.525115461516904913e-01,3.596288983593983607e-03
8.926765734338373282e-01,1.301428705253782903e-01,-2.437385776869853415e-04
9.373167649198080875e-01,9.267387265504596627e-02,3.027599964618026690e-03
9.308651943053021238e-01,1.460800307719567204e-01,2.496568188008221195e-03
9.140858587120025414e-01,3.198879568330105228e-01,3.540642432498259523e-03
9.686609292029159102e-01,1.574373738783116095e-01,3.558176911151438720e-03
9.379602692987730750e-01,2.600149092624743918e-01,-4.902722469133719702e-03
8.870780438908997256e-01,2.572278163254170316e-02,2.119612780051783468e-03
5.471495276844640099e-01,9.208799194566624768e-02,-2.176558399384867504e-03
9.354865194990962252e-01,4.616328745402126787e-01,-3.708709966939605779e-03
9.285344445013905545e-01,3.301197036045253608e-01,1.764116408776498363e-03
9.561423652732241596e-01,1.447206688938550978e-01,1.572105471492345891e-03
9.643823916904082916e-01,3.499691908062049772e-02,3.557404903169077842e-03
9.585363281503220811e-01,1.431772419951681807e-01,7.711788442766563667e-04
9.440278744505550268e-01,1.088954040428294356e-01,3.439052124353119549e-03
9.724915749198324022e-01,4.942532108639371424e-01,-5.833171470462569785e-04
9.499992947160396106e-01,1.364417688861441769e-01,-3.759658972257415993e-03
9.424307637178471753e-01,1.548914537085691601e-01,-1.592202095281863156e-03
9.513544144720418316e-01,8.957317037945575211e-02,6.117768896138579132e-03
9.508164535702989806e-01,1.246727189170072497e-01,7.691829521703705264e-05
9.590953551974343849e-01,1.173689577921478294e-01,2.630098747270322862e-03
9.783805323039793667e-01,8.544166037044907680e-02,1.635271098596024347e-03
9.067847761797194206e-01,1.453666486062245577e-01,3.395912878822703040e-04
9.605912385515101848e-01,1.095286814645648615e-01,-5.992999435487332549e-04
9.183143209971047494e-01,2.992024067009119159e-01,-1.950218923136640137e-04
9.287695106698216074e-01,1.618155119926436292e-01,-1.169599672675217944e-03
8.778844679619632885e-01,6.519271895703265818e-02,-3.592589597245433863e-03
9.581691281907263047e-01,1.308006750311786481e-01,9.041259034108760362e-04
8.444900938375522470e-01,2.284002177270059164e-01,4.953041211276671546e-03
9.101775419668290956e-01,4.536634816256217978e-02,5.372154645345624674e-03
9.773776868337917811e-01,1.194184054978634918e-01,-6.709421283636919642e-04
9.510758883289204269e-01,1.675078837755310524e-01,3.454198382061342970e-03
9.078542771388060650e-01,7.909098646342271888e-02,2.948221878029604753e-03
7.923474924489801730e-01,3.191702188417527841e-02,-7.829085245514948166e-04
8.061209808252087772e-01,9.339260768778316624e-02,3.187881626651369732e-03
9.580498217676474138e-01,2.641071822613399456e-01,8.844192273400500875e-03
9.345596672072504774e-01,3.645762596603225464e-03,2.940495555616037121e-03
9.181075726185180530e-01,1.832976904103798266e-01,4.996777133165940937e-03
9.523970581129016511e-01,4.909941412469802369e-02,2.353983745240564168e-03
9.731879124911495538e-01,6.153695386228959230e-02,4.504169210089566111e-03
8.820868394309389071e-01,2.980987641344953198e-01,-2.781548316751775857e-03
5.591384698913713924e-01,1.072238139262034345e-01,6.427292629722324013e-04
9.198034118881304178e-01,1.402872716220519012e-01,-1.386480322967207496e-03
7.533691294308738629e-01,1.807879839922313381e-01,5.856155081214280134e-04
9.369392839114255578e-01,2.229274258785250706e-01,3.381265629573797227e-04
8.884457638671467983e-01,7.411537104800015874e-02,3.322760337080222365e-03
9.125564022717780333e-01,1.463408008783186054e-01,1.079866587693111696e-03
9.275940649550300510e-01,1.247100838375497511e-01,-1.448844000178559771e-03
9.571895304707840335e-01,7.240758836773283913e-02,4.353777689019035918e-03
2.992415558155405719e-01,1.028105083308846063e-01,-1.368377761528545566e-04
9.701450260388460034e-01,5.781620829182756438e-01,3.593348463880288030e-03
3.139257831201003324e-01,7.059765828297330514e-02,-1.059040777277689416e-02
9.764183783990483256e-01,3.616940001401343363e-02,3.904295982743635068e-03
9.712756479058578529e-01,5.114564698834833667e-01,3.692105486117574359e-03
8.804658234574078701e-01,1.143276172136606927e-01,-2.288327246698782652e-03
9.318218030078468939e-01,1.485692169369131899e-01,-1.702991872858026362e-03
8.278387639219331184e-01,8.214728909422322478e-02,6.970639981194008683e-04
9.529510888053176476e-01,7.855144043902623219e-01,6.175371852890874924e-04
9.047289484287239780e-01,5.358847463767919816e-03,-1.999638161581159673e-03
9.301027779455066646e-01,8.791272349600369462e-02,-2.550264610906263080e-03
9.695355345735603425e-01,1.362023938826695535e-01,3.819008532833404607e-03
9.429458279219451455e-01,1.565654120039874087e-01,-9.946759002660541388e-03
9.395134265899828252e-01,1.426753721326362023e-01,-1.839892258907044331e-03
9.530326997627124319e-01,4.250467562011928102e-02,4.913846629210721212e-03
9.354556702326017881e-01,1.306324791306625321e-01,3.439126259265064961e-03
9.479269983603342276e-01,2.321180035973390565e-01,-2.192209815552185331e-03
9.602389762165609577e-01,8.326814672132404338e-02,-1.757015918598711646e-03
9.064809726409721602e-01,7.581247535707048846e-02,9.179281548896932319e-04
9.446424350732791630e-01,3.808698248319435375e-01,4.644660840303235089e-03
8.472752136604788653e-01,1.084073397891934659e-01,2.863215583877552761e-04
9.336010214855088307e-01,6.969193504785421711e-02,8.031907293980754259e-04
9.476577411247424365e-01,9.358317028002226257e-02,6.584075429877055824e-03
9.295958510902242455e-01,3.302567084659688290e-01,2.430063156837334454e-03
8.847550588033802343e-01,1.507981054444441638e-01,-1.876388862453479828e-03
9.601124248233249281e-01,3.616848867666605516e-02,6.127136517494993079e-03
9.511333135631391267e-01,2.057297279156609371e-01,6.447242172210564115e-04
8.907731079749430236e-01,1.378778516291189471e-01,-1.749026951126723267e-03
9.359661338014262366e-01,1.944365745973091475e-01,-6.505719877192631118e-05
9.356004526705319346e-01,1.272900196042536236e-01,-4.418373201664192035e-03
9.369247786013932267e-01,7.260757070336699981e-02,-1.586987991042360796e-03
7.667560407740761086e-01,7.751159788915656934e-02,-5.069215736117186483e-03
9.649411825042010227e-01,1.415885279492956617e-01,5.166078096406605952e-03
6.228393707290671433e-01,9.807775619139969675e-03,-4.359965931610469692e-03
9.738873879797720345e-01,3.693729167888631926e-02,-5.497221237155781176e-03
9.469786581808652404e-01,8.272142933039772217e-02,2.396808869189966801e-03
9.722769997197924230e-01,2.564905313013831067e-01,5.289278821541502917e-04
9.527190278316677308e-01,3.223707358187904992e-01,4.400597009484134847e-04
9.561349840576882642e-01,2.781048120013842120e-02,5.656090437163138057e-03
9.623500399684594697e-01,1.504250628494107345e-01,-4.523084067481510095e-04
9.548047935826686761e-01,1.876613712958951075e-01,3.148561702878260177e-03
8.958382084522461541e-01,2.496159550582797981e-01,4.598763403025032254e-03
9.321904363627993018e-01,3.596126700690142897e-02,-3.451033449219032684e-03
9.621108295554615664e-01,1.594489328302447773e-01,-1.152926853908109450e-03
9.504683876862558556e-01,6.218006267899989226e-02,8.919690392170283311e-04
9.543579436424728391e-01,1.728376188388528190e-01,1.064257320220994563e-04
9.548063083537292606e-01,1.707200032118200150e-01,-6.892451651779978039e-04
9.525183316915766252e-01,1.639722461132588072e-01,-3.577328979677170395e-04
9.522208635513003117e-01,4.024394098921288410e-01,9.105508856306992332e-03
9.665252058107858257e-01,2.262784944246645225e-01,7.591770923976795538e-04
9.761118084015849572e-01,1.758031622743474742e-01,8.428508489931423042e-04
9.633150870780160524e-01,1.710099079846970696e-02,8.095317266332207468e-03
9.821015453413213248e-01,3.791811935646772214e-01,2.060894902554465946e-01
9.590223667065459479e-01,5.779437082779109724e-02,1.722965064313946443e-03
9.117676260987638281e-01,4.535869917877602409e-02,5.466798018793298658e-03
9.512887752254648444e-01,1.840899945045839647e-01,-3.009097350095583240e-03
9.455452586090750122e-01,9.539852411686731981e-02,1.020716909713961784e-03
5.435837644123244772e-01,2.638448914757437688e-02,-6.466261588688078377e-04
9.549472269147237791e-01,7.228920801402063390e-01,3.443477793571552564e-03
9.525245517909192161e-01,7.443157012406251272e-02,-5.387955767476339253e-04
9.682475564116084232e-01,3.094928974245081746e-02,5.289419598590052590e-03
1.647291735400465418e-01,1.386024437544814691e-01,-2.618186018179330735e-02
7.734800771934575714e-01,1.230287371453407386e-01,1.100121228838759485e-03
9.276029011526425450e-01,1.182272758558448461e-01,2.725138426015471377e-03
9.428979195414469716e-01,5.314134803518447137e-02,6.955947160598545398e-04
9.617324474721520300e-01,1.268014500326954397e-01,4.499901986869957876e-03
9.729450810402462402e-01,1.861415675301168748e-01,-3.178665498273954004e-04
9.513647744534079465e-01,6.757847816693149934e-01,6.136196696640287135e-03
9.574817596280271736e-01,1.191571315380419299e-01,2.237102989207231246e-03
9.052906252201116111e-01,2.721682298283255586e-01,3.585570943271776390e-03
9.485733887952535470e-01,2.396963787891671638e-01,-1.046500975155881946e-03
9.101816987422832739e-01,2.367397672704252831e-01,-1.456791398084331807e-03
9.580341012605534390e-01,5.424209369196354713e-02,-3.217481228648313291e-03
8.681990926275028331e-01,1.880600142578828238e-01,-1.544754228316770617e-04
9.662437675009777349e-01,2.881118938548754005e-01,2.337291929086365155e-03
9.400705263543698287e-01,2.020662708671168428e-01,-8.464798886369563624e-04
9.258362730507491145e-01,1.712478266714763733e-02,-4.779276339653235062e-03
9.332036995255663658e-01,7.888859328084926736e-02,5.773433392211105297e-04
9.566453234925353932e-01,1.670077787548838733e-01,5.892568303385577883e-03
9.493893457184251483e-01,7.134346166726435179e-02,-5.526015990922578808e-03
4.057322158928009515e-01,2.993260781968663450e-02,5.917789556327799488e-03
9.485317269877011626e-01,6.217710972267098679e-02,3.055166460494706387e-03
8.669878282688107118e-01,1.209628921277435126e-01,-3.185329299121842511e-03
9.598145975708136657e-01,3.374561704095173642e-01,7.006569212813420350e-03
9.509933546769564483e-01,8.413677651375389699e-02,2.909597320378615876e-03
9.566052249763182802e-01,1.789599268008755240e-01,-4.017250866489494726e-03
9.759358960979128694e-01,1.872492590796630829e-01,-2.585957376189749329e-03
9.086201235943407450e-01,2.600233123782393352e-01,4.019702031226198707e-03
9.323777594758217990e-01,2.684576806775187396e-01,2.923242233813513197e-03
9.582006406850005487e-01,1.678896783003484272e-01,3.608269585958921027e-03
9.312732268166059590e-01,1.529981049878237076e-01,8.655863990520394624e-04
9.630308514002132725e-01,2.083493069705018574e-01,1.098988024187532581e-03
9.500080335922009844e-01,1.614793721007879712e-01,5.149316380151588296e-03
8.428974221042799808e-01,3.013534388356945426e-01,6.699852121991190651e-03
9.069378116122015498e-01,4.421540219572322461e-01,5.676779393850400063e-03
9.630883214712422369e-01,8.999173854654539395e-02,-1.351172585162575823e-04
9.497333392155107301e-01,1.246928890852927047e-01,3.147950412688942101e-03
9.340124469711934552e-01,4.648453736077355625e-02,2.781940124326906516e-03
9.360218519813209292e-01,1.641845328446892016e-01,1.224012411024929387e-03
9.398348013543902368e-01,1.577987445270964406e-01,1.997347731567154089e-03
9.300202470925057474e-01,2.053564332480751764e-01,4.794924149089791615e-03
8.961165540086731829e-01,1.800673336738795038e-01,2.036130685897998699e-03
5.991947249871774073e-01,1.941091685192467553e-01,-9.458210204420464812e-03
9.316006970272708854e-01,2.652164776228850829e-01,4.330374794152529877e-03
9.430543599239690211e-01,1.691116220800938097e-01,-2.382278690426290618e-03
9.668171047965128384e-01,1.901211325286928655e-01,4.128081244318126952e-03
9.551395477083081120e-01,6.311381904170322577e-02,8.092337682038784619e-04
9.498859318248765726e-01,2.780206709868864381e-02,3.249348687814377495e-03
9.666345869274888258e-01,1.767840146851752392e-01,-3.409214991039501153e-04
8.393746758144041697e-01,1.476905417820224831e-01,3.024695582230056690e-04
9.386931106697125049e-01,2.258453564267165758e-01,3.460789234452404245e-03
9.752359425362123746e-01,5.087274840345615834e-01,7.849175450408245325e-04
8.254484717743220124e-01,3.980636628517160158e-01,-4.116728919380908264e-03
9.161573381347050127e-01,6.946167713668219834e-01,2.197002756957635444e-03
6.035301559859308496e-01,2.143456924234479755e-01,-1.029554670441069214e-03
9.478994816561724379e-01,1.565605674425007698e-01,-3.447643818722454651e-03
9.663891255300749439e-01,2.859685081759332781e-01,1.316461288134927049e-03
9.741615075174275828e-01,1.436352416345503327e-02,-3.028982825324134931e-04
9.382617776263968423e-01,1.922945428016765712e-01,4.759480101507434363e-03
9.091883145272584565e-01,4.488036769010449456e-01,1.657370454613938532e-03
9.117946794785219966e-01,3.244486333283574941e-01,4.583614588228621806e-03
9.557025312685949459e-01,3.800798005964081128e-01,3.585445718754170369e-03
9.423618926853392086e-01,2.180848441202563881e-01,1.988714520595177143e-03
4.196461069219330486e-01,1.306174737554022802e-01,-3.875709211947828831e-03
9.520933191166380816e-01,2.331029863736524266e-01,4.303488598489123990e-03
9.359611733025270386e-01,1.589203543297850185e-01,-2.791596860485027337e-03
9.631953645957029853e-01,2.390897471172222233e-01,-4.093293725648792375e-03
9.521435955453895206e-01,6.320690940618373110e-01,2.128452046056099334e-04
8.213165513261525552e-01,9.354147871294075933e-02,-7.769426336092174340e-03
9.479511635800760283e-01,2.149926903660393310e-02,4.868939730226038570e-03
9.041493625076287843e-01,1.709722605784370908e-01,-7.325883067353412825e-04
9.597876941891994029e-01,7.258183437829709983e-02,-3.501299226411975357e-03
5.228787203396597638e-01,3.344020688254264462e-01,-1.025910228559862372e-02
9.488962895313465262e-01,1.865294093096655018e-02,9.977780617093198051e-03
9.173544892685827623e-01,2.804507546140168617e-01,1.323677992006399434e-03
9.593423603616300088e-01,2.266893713363486162e-01,7.174053846957243602e-03
8.776289777726891117e-01,5.089864400068451478e-02,5.150294693236998761e-03
9.577864394121577973e-01,1.066046929001575744e-01,-2.659633808603487776e-03
9.760671124250835939e-01,1.322323420036336517e-01,-2.083713074901658718e-03
9.195691605314765260e-01,2.304610125833557802e-02,3.688430582110366340e-03
7.415671428831853706e-01,3.164684083242061408e-02,-5.723131849242914931e-03
9.821015453413213248e-01,3.791811935646772214e-01,2.060894902554465946e-01
9.517319280881288979e-01,1.335000849611700513e-01,2.375117903690989601e-03
9.570999812072427115e-01,2.250127078212011966e-01,-2.155936123085858136e-05
9.610462001933237630e-01,1.083839310389487637e-01,-2.702082219030534777e-03
9.009212971591075148e-01,4.107822229559605631e-01,2.642929447108147839e-03
9.735735195649704021e-01,1.453693989575887136e-01,-5.810274668137972720e-04
9.732446391786595541e-01,1.942573374372826289e-01,1.669397369390878544e-03
9.716209364499143186e-01,1.691741425479096894e-01,1.458792944947436693e-03
9.431661558665849210e-01,2.968018359214492641e-01,1.079406645275410997e-03
8.926117529444161924e-01,6.937023595608524662e-01,-4.374817262362273862e-04
9.527364197854718553e-01,8.876439412891345970e-02,-2.288897963271533526e-03
8.757878956706843798e-01,4.077243478010503241e-02,6.223360566977639147e-03
4.896460597254543856e-01,2.270700845417348013e-01,-8.281133431626914315e-03
9.354719901113910385e-01,6.361695334883976649e-01,6.560019651955902725e-03
9.332754355375617594e-01,5.398082075160033633e-02,2.150321012711273183e-05
7.851567899958945551e-01,1.381444722189006380e-01,6.627291152707902311e-04
9.677416370084617192e-01,4.238549778767976284e-02,3.566381188176048073e-03
9.457176795190838092e-01,1.735917109385826940e-01,4.919947758963181400e-03
9.421415544833524613e-01,7.741233318767384852e-02,-2.718860895904864211e-03
9.123055315184565028e-01,1.491986227169207202e-01,1.923243276581308031e-03
8.667425614903117026e-01,3.896940884629709334e-01,3.353308997891508297e-03
9.496933883203002580e-01,1.487420377620187265e-02,3.333725817256695534e-03
9.590173312356592428e-01,9.207423143054059567e-02,-5.169594690642851514e-03
9.673607057245088292e-01,2.050977381096713847e-01,3.522263612364375657e-03
8.990062421472869714e-01,4.281683892497005484e-02,2.424346279245263164e-03
7.428841094690645797e-01,3.586913028647346902e-02,1.099304252386249653e-03
7.799597537567641847e-01,4.901641440836544683e-02,-1.013653968525724675e-03
9.699147820949517440e-01,2.069641144863188231e-01,4.107469980021007799e-03
9.402232339395247829e-01,2.576987228256790718e-01,-6.570425325614394352e-04
9.663540175264984100e-01,7.602586921798692998e-01,5.140426803465041050e-03
9.621544442842583367e-01,3.715290967339537898e-01,7.685726336089802185e-03
9.074548807074216406e-01,1.187770085402614917e-01,2.192551622024439817e-04
9.534949306124724799e-01,1.371470294121469868e-01,1.675644471502518024e-03
9.162360377542262402e-01,1.732637065420981337e-01,-8.512356952399383753e-03
8.157557885753790039e-01,9.886876397836093233e-02,1.469333005436748024e-03
9.490425037561507349e-01,4.539328573590381000e-01,4.071653198885066133e-03
9.092832987549219759e-01,1.312865346752864204e-01,1.022209479279931332e-05
9.606621852418825158e-01,5.854836505375510258e-02,-4.648219542261206733e-03
9.751414856963018796e-01,7.961983926293693392e-02,6.682183090291032856e-03
9.480556779862947536e-01,1.336503253397235691e-01,6.068392084780206003e-03
9.395623774441383969e-01,1.319818398940029724e-01,3.963900557409187619e-04
8.100494474154906754e-01,2.212823669881061606e-01,-1.407533043535778156e-03
9.269394789005703794e-01,1.332240386926700493e-01,-3.117478848311903278e-03
9.552315063875822521e-01,1.660849921168867094e-01,1.340352112263947654e-03
7.756619206532902044e-01,4.401698897612038586e-01,8.343711964959553418e-04
9.421303015699735717e-01,2.446605031592312685e-01,3.837775642525808467e-03
9.517146888398855253e-01,1.803760781992531925e-01,3.644256710977050034e-03
9.433564994105436696e-01,2.784271072309266182e-01,4.678431948696649273e-03
9.459406580763387584e-01,6.749284685831130615e-02,-2.698113579623333952e-03
9.587298473514186403e-01,2.390010760281859048e-01,1.406991235383733135e-03
9.750633827721808533e-01,8.641149854655749696e-02,-9.192866490116517741e-04
9.725146445456711586e-01,3.943995965267850512e-02,-3.365776209918489720e-03
9.401280199164134821e-01,1.092416321952939667e-01,-4.035494137452026037e-03
9.693926727856276848e-01,7.067999202655719793e-02,-1.050989352033501745e-03
9.313216889528513898e-01,9.733805795327472865e-02,-8.498725387362213862e-03
9.609778097888144188e-01,1.329146886940278383e-01,3.144225714435202462e-03
9.255288760668158865e-01,1.713996354485357865e-01,-1.986162516984388976e-03
8.915830801541119177e-01,2.430634911902768425e-01,7.393115654343026394e-03
9.317718437084420158e-01,6.163433504081335113e-02,3.458196479162008868e-03
9.311292385752061307e-01,1.117927770220339817e-01,3.522173144883327528e-03
9.796801918770851048e-01,2.876635842616275807e-01,4.984353348802539330e-04
9.602741847331404124e-01,7.335902262574976740e-02,-5.108773412179388324e-03
9.518763803119767442e-01,1.150918063360806126e-01,6.902891370483773409e-03
9.461366051051505188e-01,2.036414796028468144e-01,-7.775945821302313737e-03
9.405276180893989979e-01,1.767260065901812560e-01,6.253624703284287739e-03
9.279527703832883834e-01,2.062347109772159209e-03,1.929502504313364980e-03
5.642231848667719207e-01,2.342791546643563372e-01,-4.844224521861468374e-03
9.311069586350334548e-01,2.479724582199468730e-01,3.365509501503518436e-03
9.656241609261331238e-01,1.497192727078897057e-01,4.365927694557843880e-03
9.309798496044822125e-01,8.879458921218102985e-02,-1.418919180546183295e-03
9.305056193713270307e-01,5.277085749862066300e-02,4.577444710846003545e-03
9.506411509127586923e-01,3.383100894943532055e-01,7.753385607328380086e-03
8.666580707347379953e-01,6.129170030321899609e-02,3.514060129902765034e-03
9.523435469173602286e-01,1.804423081760980485e-01,-2.223242892897374368e-04
9.793570030807849935e-01,3.339309339960803980e-02,3.122417491613588975e-03
9.387743573994398183e-01,3.066873421256267607e-01,3.402017774681437290e-04
8.932369684421967992e-01,1.880642301080125978e-01,1.531591411696470867e-03
9.368926560670081116e-01,1.344351109881536110e-01,-1.611105533693181491e-04
8.876691172710187150e-01,4.731183112074952013e-02,-6.762900517602345174e-04
8.843657263915057909e-01,2.414794866598682088e-01,-2.262345702818416987e-03
9.451137965688267695e-01,6.903407955781297456e-02,7.172163461503615334e-04
4.153952956657145368e-01,2.362198299059124068e-03,5.205654366548181228e-03
9.263184910176522902e-01,1.624769334268092447e-01,-1.999842683967360119e-03
9.517267497605179649e-01,1.623211089119225570e-01,6.182701900269229472e-03
9.664331249597917228e-01,2.056681007958959251e-01,5.349317225467001974e-03
9.711873673756896697e-01,1.946648682723323698e-01,1.837962392796304439e-03
8.180921487252872382e-01,2.771209287350690498e-01,5.543381207453224740e-03
9.417070126554099030e-01,1.567517218526462697e-01,2.800182325543989353e-03
8.210056421518241443e-01,2.681062318372974262e-01,1.636144240825660595e-03
9.479864582890076274e-01,2.183021063010810725e-01,-1.958538685014228620e-04
9.803946926507256521e-01,1.636033335553064572e-01,-5.561392341235996128e-05
9.413773922494332869e-01,1.414151771531252377e-01,8.068991218541429061e-03
9.304289132491809777e-01,1.890157218450511378e-01,1.760377593736893453e-04
8.616990035623858235e-01,3.460471192396245010e-01,4.077958785500216538e-03
9.660854819166814211e-01,2.545274753099769915e-01,1.014536219936530703e-03
9.348237848402830563e-01,9.872562275533464105e-02,2.297143250003016307e-03
8.373368215015342120e-01,1.090523988151474860e-01,4.037080182694777891e-03
5.183515728869045880e-01,4.192534592181487718e-02,-1.644257250201144188e-03
9.561591275963574610e-01,1.894546630393975639e-01,-5.132800976320010811e-03
9.317836681799427367e-01,5.078852613441308117e-01,4.818891694797745873e-03
9.215734830987974968e-01,5.330581885414746868e-01,3.757283594503262741e-03
8.812373716485872865e-01,1.634026966061616626e-01,-3.191892428747185317e-03
9.669131764102376625e-01,1.604125279734130161e-01,-2.085687197641329649e-04
9.753304869639777275e-01,1.855312863849770677e-01,3.015415853446189176e-03
9.639409237248443008e-01,7.236147245329420385e-02,4.961034998760795872e-03
7.204165278525587190e-01,5.889626899310969332e-02,-9.014367039360305506e-03
9.372237402331058398e-01,2.808275718150667344e-01,-1.947607101072366259e-03
9.355937001180888446e-01,1.561642428932824844e-01,6.007315982666221882e-03
9.583899078710166330e-01,9.756017314924445016e-02,3.500248327277567101e-03
9.273043369523293888e-01,1.778501559975598778e-01,-2.070813483452841469e-03
9.463790702854478765e-01,1.475786985771869730e-01,-2.140596991478567468e-04
9.153685159417759287e-01,1.330766860852855005e-01,2.782246184858446630e-03
9.380008396662267156e-01,2.163943573432279555e-01,3.520734584838879772e-03
8.791893328473123770e-01,2.232407206568844463e-02,8.123470912784241243e-03
9.639773692085766843e-01,1.115857609590553690e-01,8.305213811888555175e-04
9.174652774241547348e-01,4.635487688143933860e-01,-3.145679136458526953e-03
9.680726085481889953e-01,1.215668448119133355e-01,-1.224986612964849841e-04
9.554734300235434574e-01,1.567281189968461885e-01,4.785661940288784416e-03
9.442966661324384559e-01,1.519752205385750954e-01,4.459877377292250505e-03
8.811304513855449105e-01,3.390253529824177048e-01,-7.895222523396951131e-04
9.699153910329195716e-01,8.819381733746771423e-02,-3.554121272823489858e-03
8.658953198160381781e-01,2.679469919717705206e-01,-2.786212679083136662e-03
4.220816084296494797e-01,2.430528177774925747e-01,-7.245393026735966885e-03
9.157058494333176757e-01,7.450605031567023029e-02,1.306767092923193790e-03
9.004272526379990538e-01,3.276215665181325676e-02,-1.105165436749273866e-03
9.274741737032246025e-01,1.451329169319253223e-02,4.678534840868896899e-03
9.831122137938796968e-01,1.618432944822849329e-01,-4.660480668463185677e-03
8.888007068872780803e-01,2.869676347586018750e-01,-5.203967460197484601e-03
3.567151680628892763e-01,3.395835346760122109e-01,-3.888329985013382756e-03
9.308163339464375907e-01,2.089240983434831611e-01,-9.231508398936140447e-04
9.629078063150908751e-01,2.965463756742502399e-01,2.560930199484275777e-03
8.865482632760989246e-01,2.095606972676567203e-01,3.880976714770976305e-03
9.454429989109280896e-01,1.992602766041944723e-02,3.463004586354869602e-03
9.352511215566012837e-01,2.820158840554277679e-01,-2.638287076871560777e-04
9.407127316226620017e-01,2.550465732322163559e-01,6.632076305530497373e-04
9.684817012969501038e-01,3.042132065743411440e-01,8.085662544332246349e-04
9.331139590595359801e-01,1.698136844915349164e-01,3.435736923959004790e-03
8.136874189280438596e-01,9.646838601980621541e-02,-1.263310677473487159e-03
9.565043174012954896e-01,1.386339076681637472e-01,1.756137753646743599e-03
9.210447249869166964e-01,2.397526179476969221e-01,-2.688832750430931312e-03
7.453237270255674840e-01,1.804071343736331559e-02,1.358199475523426750e-02
9.503262031141140875e-01,1.196849117655931077e-01,-1.226750840364120715e-03
9.360128371188450869e-01,8.851090952064561562e-03,3.242159783239186716e-03
8.648611166946740259e-01,1.131663062978266604e-01,-4.954489542556440168e-03
9.496534815753836511e-01,2.906549312452250469e-02,1.708542821267002715e-03
9.461012175834138116e-01,1.947105946413459077e-01,5.367855569850695646e-03
3.009057686712879320e-01,1.539764878327911091e-01,2.888272566232304855e-03
9.465159983621486139e-01,1.220224565304529885e-01,5.974030268548747441e-03
9.089544561505762399e-01,1.682265887125056480e-01,1.196882086374969484e-03
9.497339642992121966e-01,1.948443879835004833e-01,6.038991207455209759e-03
9.636232485774416379e-01,1.093047451592549374e-01,6.433663989046413401e-04
9.634666112963332640e-01,1.450629651443345047e-01,-2.687322593752903416e-03
9.516591640193909907e-01,1.130326333367088348e-01,2.788187161620808013e-03
9.690377336202975478e-01,2.627643583601499411e-01,3.104483014907177818e-03
9.333934010199658182e-01,3.964838065927189792e-02,8.420301918012802755e-04
9.284491625022026628e-01,2.883600627040135422e-01,-3.390946418690147374e-03
9.503467162182966943e-01,1.521543419732679370e-01,-3.892899024467051661e-04
9.744393581198570464e-01,1.293293334310542664e-01,-2.612272843905773939e-03
9.789411336560081001e-01,1.872533485537246911e-01,-2.028635637057869118e-03
9.717070496165922666e-01,1.319285249769538426e-01,-1.273624280666053876e-04
9.412183430034133380e-01,3.834173212446609913e-01,-1.730914305831419281e-03
9.020944050108604673e-01,1.451940096143787828e-01,-8.116690344872393853e-03
9.042285115087896896e-01,8.529632714454921105e-02,-1.206977638686691778e-04
9.378013619322860261e-01,3.899471586552541447e-02,4.800071793429613182e-03
9.028864357515463679e-01,8.248085939469909644e-02,-2.368897406132726424e-04
9.663149353555584575e-01,2.323150388782237730e-01,8.140163798866364292e-03
9.353473442834165930e-01,2.144498341948608555e-01,1.925998725207583168e-03
9.366960139182987088e-01,1.865130190252118902e-01,2.388763754686520219e-03
8.641618528056370652e-01,2.006747890423854763e-01,3.193709605569396148e-03
9.692331786667167659e-01,1.342295960016202383e-01,9.223122623416950272e-04
9.477996499171841283e-01,9.345751118393993973e-02,1.237645368519380701e-03
9.545253452041044806e-01,3.386859246070927920e-01,8.725886430599214677e-03
9.566878040349626744e-01,1.456008322871649718e-01,5.472100048444655113e-03
8.909645107443509016e-01,4.812460220240136755e-01,-5.000903366510576348e-03
9.524097079396119936e-01,2.195767884162162786e-01,-4.320259451673608142e-03
9.019365463461971322e-01,2.150932462385331534e-01,6.924833071431987092e-03
7.253169587418365483e-01,4.608783687182313460e-02,6.461821759657222081e-03
9.377300198085043448e-01,3.650282259553395692e-01,4.309897570517976645e-03
8.450169881897543478e-01,6.256168190008064289e-02,9.337945524509928819e-04
9.406051513832679456e-01,1.688183681654166490e-01,1.375533729360233631e-03
9.145315417644153122e-01,2.513296178971115569e-01,8.569197019443582780e-03
9.180995215841775137e-01,5.058934665702920913e-03,1.119520264683249861e-03
8.439725826116131202e-01,1.622461019023508644e-01,2.607935474469854492e-03
8.714838743267915300e-01,6.832156086423131491e-02,1.799559824308637895e-03
9.627291843862504361e-01,3.510157262129737221e-02,1.194457781060916796e-03
9.057415191631923435e-01,1.160980535518634643e-01,-2.540775652560934433e-03
9.553832626973379760e-01,2.616773325841246223e-01,8.583050884820076637e-03
2.931017359183898385e-01,1.635914126662937063e-01,3.923638739243250073e-04
8.950761726815530395e-01,2.071269835026742778e-01,6.448637164896405677e-03
7.835534162847455075e-01,2.680470091714781677e-01,-8.251322005047290881e-03
9.551259686414890204e-01,2.943636329330963086e-01,-2.763950713141356125e-03
9.139350321433549196e-01,4.582766660804751813e-02,-1.029943199321804032e-03
9.577752381935915604e-01,1.303510003237303982e-01,3.015974026551401094e-03
9.497088843630632216e-01,7.310920795367502334e-02,2.407259172647596007e-03
8.252935382137733811e-01,4.019116032633247015e-01,3.017395339305627838e-03
9.640671408434146050e-01,7.471938545842183865e-01,1.390296264985366528e-02
9.588828276567753495e-01,2.150558346947322452e-01,1.162949949601196215e-03
9.524553300747371498e-01,2.338081110848614086e-01,4.564089511510029118e-03
9.297165015789843334e-01,2.527085375689981928e-01,7.256216294811556472e-03
4.888806757832621086e-01,1.219057838406054917e-01,-5.732213442215850635e-03
9.048433221181213515e-01,1.805843309680280409e-02,2.213359576031564274e-03
9.606605109430123024e-01,3.465060697523024147e-01,3.950534831422550935e-03
9.620606693236315454e-01,4.106367749161903002e-02,2.032105234289611345e-03
9.393562740836215452e-01,5.490067905847078045e-01,-6.266893593065425705e-04
9.505763257302645153e-01,6.063142672719475101e-02,-5.829101950191598741e-03
9.309874141698553096e-01,3.992941479701471730e-01,-3.748861184134078678e-03
9.421012187678596828e-01,1.111107423793957494e-01,4.835543027292523582e-03
9.485276138286788949e-01,2.087929964419445172e-01,-4.959665307941788642e-03
