k1,k2,o1
0.0,0.0,0.0
0.0,0.02,0.0
0.0,0.2,0.0
0.00396,0.0,908.0
0.039599999999999996,0.0,991.4
0.039599999999999996,0.02,975.6
0.039599999999999996,0.04,986.2
0.039599999999999996,0.06,980.6
0.039599999999999996,0.08,991.0
0.039599999999999996,0.1,960.6
0.039599999999999996,0.12,986.4
0.039599999999999996,0.14,982.8
0.039599999999999996,0.16,979.6
0.039599999999999996,0.18,977.8
0.00396,0.02,914.0
0.039599999999999996,0.2,985.0
0.039599999999999996,0.22,989.8
0.039599999999999996,0.24,986.0
0.039599999999999996,0.26,983.6
0.039599999999999996,0.28,972.4
0.039599999999999996,0.3,972.0
0.039599999999999996,0.32,998.4
0.039599999999999996,0.34,982.2
0.039599999999999996,0.36,987.4
0.039599999999999996,0.38,996.4
0.00396,0.04,920.2
0.039599999999999996,0.4,974.4
0.039599999999999996,0.42,988.6
0.039599999999999996,0.44,998.6
0.039599999999999996,0.46,990.4
0.039599999999999996,0.48,979.2
0.039599999999999996,0.5,992.6
0.039599999999999996,0.52,995.8
0.039599999999999996,0.54,970.2
0.039599999999999996,0.56,976.4
0.039599999999999996,0.58,979.4
0.00396,0.06,900.4
0.039599999999999996,0.6,992.8
0.039599999999999996,0.62,981.8
0.039599999999999996,0.64,981.4
0.039599999999999996,0.66,983.0
0.039599999999999996,0.68,990.4
0.039599999999999996,0.7000000000000001,978.4
0.039599999999999996,0.72,1004.2
0.039599999999999996,0.74,980.6
0.039599999999999996,0.76,984.2
0.039599999999999996,0.78,997.2
0.00396,0.08,914.4
0.039599999999999996,0.8,980.8
0.039599999999999996,0.8200000000000001,963.0
0.039599999999999996,0.84,970.6
0.039599999999999996,0.86,989.8
0.039599999999999996,0.88,981.2
0.039599999999999996,0.9,991.0
0.039599999999999996,0.92,977.2
0.039599999999999996,0.9400000000000001,998.8
0.039599999999999996,0.96,994.4
0.039599999999999996,0.98,978.8
0.00396,0.1,911.0
0.04158,0.0,977.8
0.04158,0.02,1005.2
0.04158,0.04,1001.4
0.04158,0.06,968.6
0.04158,0.08,989.0
0.04158,0.1,991.2
0.04158,0.12,991.0
0.04158,0.14,986.6
0.04158,0.16,989.6
0.04158,0.18,993.0
0.00396,0.12,897.6
0.04158,0.2,984.8
0.04158,0.22,979.8
0.04158,0.24,1013.2
0.04158,0.26,987.2
0.04158,0.28,977.4
0.04158,0.3,987.2
0.04158,0.32,989.4
0.04158,0.34,977.4
0.04158,0.36,976.4
0.04158,0.38,976.4
0.00396,0.14,905.6
0.04158,0.4,991.0
0.04158,0.42,984.0
0.04158,0.44,986.8
0.04158,0.46,990.6
0.04158,0.48,965.0
0.04158,0.5,980.8
0.04158,0.52,1004.4
0.04158,0.54,977.2
0.04158,0.56,988.6
0.04158,0.58,997.2
0.00396,0.16,911.4
0.04158,0.6,982.2
0.04158,0.62,973.4
0.04158,0.64,1002.4
0.04158,0.66,995.0
0.04158,0.68,983.6
0.04158,0.7000000000000001,987.0
0.04158,0.72,992.6
0.04158,0.74,973.8
0.04158,0.76,987.0
0.04158,0.78,993.6
0.00396,0.18,908.0
0.04158,0.8,991.4
0.04158,0.8200000000000001,992.2
0.04158,0.84,987.6
0.04158,0.86,983.8
0.04158,0.88,993.4
0.04158,0.9,991.6
0.04158,0.92,983.4
0.04158,0.9400000000000001,1000.6
0.04158,0.96,992.8
0.04158,0.98,995.2
0.0,0.22,0.0
0.00396,0.2,902.2
0.04356,0.0,991.0
0.04356,0.02,990.2
0.04356,0.04,998.4
0.04356,0.06,993.8
0.04356,0.08,983.2
0.04356,0.1,990.2
0.04356,0.12,984.4
0.04356,0.14,973.0
0.04356,0.16,986.2
0.04356,0.18,978.2
0.00396,0.22,903.8
0.04356,0.2,992.6
0.04356,0.22,969.4
0.04356,0.24,1001.8
0.04356,0.26,992.6
0.04356,0.28,987.0
0.04356,0.3,972.4
0.04356,0.32,964.4
0.04356,0.34,965.8
0.04356,0.36,980.6
0.04356,0.38,987.8
0.00396,0.24,904.0
0.04356,0.4,979.4
0.04356,0.42,984.8
0.04356,0.44,979.4
0.04356,0.46,997.4
0.04356,0.48,979.8
0.04356,0.5,983.6
0.04356,0.52,977.2
0.04356,0.54,987.4
0.04356,0.56,990.6
0.04356,0.58,1002.6
0.00396,0.26,912.4
0.04356,0.6,980.8
0.04356,0.62,984.8
0.04356,0.64,984.8
0.04356,0.66,985.2
0.04356,0.68,973.8
0.04356,0.7000000000000001,996.6
0.04356,0.72,985.0
0.04356,0.74,975.6
0.04356,0.76,985.2
0.04356,0.78,980.4
0.00396,0.28,914.6
0.04356,0.8,966.8
0.04356,0.8200000000000001,984.8
0.04356,0.84,973.2
0.04356,0.86,978.2
0.04356,0.88,989.6
0.04356,0.9,969.0
0.04356,0.92,971.2
0.04356,0.9400000000000001,990.2
0.04356,0.96,979.2
0.04356,0.98,994.2
0.00396,0.3,904.6
0.04554,0.0,977.6
0.04554,0.02,989.2
0.04554,0.04,982.8
0.04554,0.06,965.2
0.04554,0.08,983.2
0.04554,0.1,989.4
0.04554,0.12,983.8
0.04554,0.14,985.2
0.04554,0.16,992.0
0.04554,0.18,991.6
0.00396,0.32,907.0
0.04554,0.2,989.4
0.04554,0.22,998.0
0.04554,0.24,961.2
0.04554,0.26,987.4
0.04554,0.28,979.8
0.04554,0.3,994.6
0.04554,0.32,983.0
0.04554,0.34,974.8
0.04554,0.36,986.6
0.04554,0.38,995.2
0.00396,0.34,909.0
0.04554,0.4,968.8
0.04554,0.42,993.2
0.04554,0.44,978.0
0.04554,0.46,986.2
0.04554,0.48,978.2
0.04554,0.5,979.4
0.04554,0.52,968.4
0.04554,0.54,986.2
0.04554,0.56,979.4
0.04554,0.58,986.2
0.00396,0.36,912.4
0.04554,0.6,976.8
0.04554,0.62,979.6
0.04554,0.64,971.8
0.04554,0.66,994.8
0.04554,0.68,993.8
0.04554,0.7000000000000001,997.2
0.04554,0.72,996.8
0.04554,0.74,987.4
0.04554,0.76,997.4
0.04554,0.78,987.0
0.00396,0.38,905.2
0.04554,0.8,1009.6
0.04554,0.8200000000000001,997.8
0.04554,0.84,984.6
0.04554,0.86,982.4
0.04554,0.88,994.2
0.04554,0.9,989.6
0.04554,0.92,994.4
0.04554,0.9400000000000001,991.8
0.04554,0.96,1003.0
0.04554,0.98,978.6
0.0,0.24,0.0
0.00396,0.4,924.0
0.04752,0.0,987.6
0.04752,0.02,987.4
0.04752,0.04,981.6
0.04752,0.06,976.2
0.04752,0.08,988.8
0.04752,0.1,998.0
0.04752,0.12,980.2
0.04752,0.14,988.0
0.04752,0.16,988.4
0.04752,0.18,1001.0
0.00396,0.42,924.0
0.04752,0.2,980.4
0.04752,0.22,968.2
0.04752,0.24,991.4
0.04752,0.26,982.0
0.04752,0.28,975.6
0.04752,0.3,992.6
0.04752,0.32,987.6
0.04752,0.34,989.4
0.04752,0.36,969.2
0.04752,0.38,988.0
0.00396,0.44,924.8
0.04752,0.4,980.2
0.04752,0.42,986.6
0.04752,0.44,990.6
0.04752,0.46,996.4
0.04752,0.48,973.0
0.04752,0.5,978.8
0.04752,0.52,989.8
0.04752,0.54,981.0
0.04752,0.56,973.4
0.04752,0.58,990.4
0.00396,0.46,907.0
0.04752,0.6,988.4
0.04752,0.62,978.6
0.04752,0.64,1000.2
0.04752,0.66,975.6
0.04752,0.68,993.0
0.04752,0.7000000000000001,996.2
0.04752,0.72,990.0
0.04752,0.74,982.4
0.04752,0.76,999.2
0.04752,0.78,978.0
0.00396,0.48,899.4
0.04752,0.8,990.6
0.04752,0.8200000000000001,987.2
0.04752,0.84,987.0
0.04752,0.86,991.0
0.04752,0.88,1003.2
0.04752,0.9,989.6
0.04752,0.92,983.8
0.04752,0.9400000000000001,991.0
0.04752,0.96,980.8
0.04752,0.98,1002.2
0.00396,0.5,894.0
0.0495,0.0,975.4
0.0495,0.02,988.6
0.0495,0.04,998.4
0.0495,0.06,997.0
0.0495,0.08,992.6
0.0495,0.1,981.6
0.0495,0.12,991.8
0.0495,0.14,998.4
0.0495,0.16,987.8
0.0495,0.18,977.2
0.00396,0.52,904.4
0.0495,0.2,983.6
0.0495,0.22,993.0
0.0495,0.24,988.6
0.0495,0.26,994.4
0.0495,0.28,987.6
0.0495,0.3,982.4
0.0495,0.32,981.0
0.0495,0.34,991.0
0.0495,0.36,992.8
0.0495,0.38,1000.0
0.00396,0.54,924.6
0.0495,0.4,1017.4
0.0495,0.42,987.6
0.0495,0.44,984.0
0.0495,0.46,1000.2
0.0495,0.48,992.6
0.0495,0.5,973.8
0.0495,0.52,1004.2
0.0495,0.54,992.4
0.0495,0.56,992.6
0.0495,0.58,978.4
0.00396,0.56,901.4
0.0495,0.6,1001.8
0.0495,0.62,996.6
0.0495,0.64,975.8
0.0495,0.66,991.6
0.0495,0.68,979.0
0.0495,0.7000000000000001,992.6
0.0495,0.72,970.4
0.0495,0.74,982.4
0.0495,0.76,977.0
0.0495,0.78,997.2
0.00396,0.58,901.0
0.0495,0.8,980.6
0.0495,0.8200000000000001,983.2
0.0495,0.84,986.2
0.0495,0.86,980.8
0.0495,0.88,980.2
0.0495,0.9,994.8
0.0495,0.92,965.4
0.0495,0.9400000000000001,974.4
0.0495,0.96,994.6
0.0495,0.98,987.6
0.0,0.26,0.0
0.00396,0.6,900.4
0.05148,0.0,990.2
0.05148,0.02,984.0
0.05148,0.04,997.0
0.05148,0.06,981.2
0.05148,0.08,985.4
0.05148,0.1,990.8
0.05148,0.12,974.0
0.05148,0.14,986.2
0.05148,0.16,993.6
0.05148,0.18,1006.6
0.00396,0.62,903.8
0.05148,0.2,993.0
0.05148,0.22,979.6
0.05148,0.24,985.2
0.05148,0.26,993.2
0.05148,0.28,987.2
0.05148,0.3,982.4
0.05148,0.32,999.4
0.05148,0.34,996.4
0.05148,0.36,992.0
0.05148,0.38,991.0
0.00396,0.64,903.4
0.05148,0.4,983.2
0.05148,0.42,988.6
0.05148,0.44,994.4
0.05148,0.46,967.4
0.05148,0.48,988.4
0.05148,0.5,992.8
0.05148,0.52,999.8
0.05148,0.54,984.2
0.05148,0.56,990.2
0.05148,0.58,986.6
0.00396,0.66,900.2
0.05148,0.6,972.0
0.05148,0.62,982.6
0.05148,0.64,987.6
0.05148,0.66,970.8
0.05148,0.68,991.2
0.05148,0.7000000000000001,998.0
0.05148,0.72,994.4
0.05148,0.74,1000.8
0.05148,0.76,984.2
0.05148,0.78,989.2
0.00396,0.68,898.0
0.05148,0.8,987.0
0.05148,0.8200000000000001,974.8
0.05148,0.84,980.2
0.05148,0.86,974.2
0.05148,0.88,984.2
0.05148,0.9,997.6
0.05148,0.92,985.8
0.05148,0.9400000000000001,978.4
0.05148,0.96,996.6
0.05148,0.98,988.2
0.00396,0.7000000000000001,933.8
0.05346,0.0,989.4
0.05346,0.02,969.6
0.05346,0.04,1010.6
0.05346,0.06,970.2
0.05346,0.08,989.4
0.05346,0.1,984.0
0.05346,0.12,990.2
0.05346,0.14,980.4
0.05346,0.16,991.0
0.05346,0.18,1003.2
0.00396,0.72,891.0
0.05346,0.2,986.8
0.05346,0.22,989.0
0.05346,0.24,994.0
0.05346,0.26,987.4
0.05346,0.28,995.4
0.05346,0.3,998.6
0.05346,0.32,977.2
0.05346,0.34,997.6
0.05346,0.36,999.6
0.05346,0.38,975.0
0.00396,0.74,909.0
0.05346,0.4,979.2
0.05346,0.42,977.0
0.05346,0.44,980.2
0.05346,0.46,984.6
0.05346,0.48,990.6
0.05346,0.5,987.6
0.05346,0.52,987.6
0.05346,0.54,990.8
0.05346,0.56,1006.8
0.05346,0.58,980.2
0.00396,0.76,906.0
0.05346,0.6,987.8
0.05346,0.62,996.2
0.05346,0.64,1003.0
0.05346,0.66,983.8
0.05346,0.68,989.4
0.05346,0.7000000000000001,991.2
0.05346,0.72,965.2
0.05346,0.74,974.2
0.05346,0.76,989.6
0.05346,0.78,979.8
0.00396,0.78,904.8
0.05346,0.8,975.6
0.05346,0.8200000000000001,979.8
0.05346,0.84,973.4
0.05346,0.86,983.2
0.05346,0.88,991.4
0.05346,0.9,991.6
0.05346,0.92,992.4
0.05346,0.9400000000000001,987.4
0.05346,0.96,967.8
0.05346,0.98,991.2
0.0,0.28,0.0
0.00396,0.8,909.4
0.05544,0.0,993.0
0.05544,0.02,1000.2
0.05544,0.04,996.8
0.05544,0.06,991.4
0.05544,0.08,988.0
0.05544,0.1,996.2
0.05544,0.12,999.2
0.05544,0.14,1002.0
0.05544,0.16,988.8
0.05544,0.18,970.8
0.00396,0.8200000000000001,899.4
0.05544,0.2,986.2
0.05544,0.22,983.8
0.05544,0.24,992.8
0.05544,0.26,975.6
0.05544,0.28,999.2
0.05544,0.3,991.6
0.05544,0.32,1002.6
0.05544,0.34,987.4
0.05544,0.36,988.6
0.05544,0.38,995.0
0.00396,0.84,902.8
0.05544,0.4,989.6
0.05544,0.42,1003.8
0.05544,0.44,978.4
0.05544,0.46,996.0
0.05544,0.48,1007.4
0.05544,0.5,977.8
0.05544,0.52,990.6
0.05544,0.54,979.4
0.05544,0.56,998.4
0.05544,0.58,995.2
0.00396,0.86,900.4
0.05544,0.6,981.2
0.05544,0.62,988.0
0.05544,0.64,996.8
0.05544,0.66,988.6
0.05544,0.68,994.4
0.05544,0.7000000000000001,1000.0
0.05544,0.72,990.4
0.05544,0.74,1004.4
0.05544,0.76,979.6
0.05544,0.78,980.6
0.00396,0.88,906.8
0.05544,0.8,987.4
0.05544,0.8200000000000001,986.4
0.05544,0.84,981.0
0.05544,0.86,977.2
0.05544,0.88,991.6
0.05544,0.9,983.0
0.05544,0.92,997.4
0.05544,0.9400000000000001,978.4
0.05544,0.96,989.4
0.05544,0.98,983.6
0.00396,0.9,901.4
0.05742,0.0,978.2
0.05742,0.02,984.8
0.05742,0.04,984.8
0.05742,0.06,983.0
0.05742,0.08,973.6
0.05742,0.1,1001.0
0.05742,0.12,978.2
0.05742,0.14,1001.4
0.05742,0.16,981.0
0.05742,0.18,995.8
0.00396,0.92,891.0
0.05742,0.2,979.0
0.05742,0.22,997.4
0.05742,0.24,984.4
0.05742,0.26,993.2
0.05742,0.28,987.2
0.05742,0.3,986.6
0.05742,0.32,998.6
0.05742,0.34,996.8
0.05742,0.36,996.4
0.05742,0.38,987.0
0.00396,0.9400000000000001,883.6
0.05742,0.4,1003.0
0.05742,0.42,987.2
0.05742,0.44,991.6
0.05742,0.46,997.4
0.05742,0.48,1001.2
0.05742,0.5,1004.6
0.05742,0.52,1000.8
0.05742,0.54,983.4
0.05742,0.56,998.0
0.05742,0.58,989.6
0.00396,0.96,925.8
0.05742,0.6,990.4
0.05742,0.62,973.6
0.05742,0.64,996.6
0.05742,0.66,1006.0
0.05742,0.68,981.8
0.05742,0.7000000000000001,1005.2
0.05742,0.72,975.2
0.05742,0.74,1000.2
0.05742,0.76,996.0
0.05742,0.78,986.6
0.00396,0.98,894.8
0.05742,0.8,985.8
0.05742,0.8200000000000001,983.2
0.05742,0.84,973.2
0.05742,0.86,1000.2
0.05742,0.88,995.0
0.05742,0.9,992.2
0.05742,0.92,979.2
0.05742,0.9400000000000001,999.0
0.05742,0.96,969.6
0.05742,0.98,984.4
0.0,0.3,0.0
0.00594,0.0,927.0
0.0594,0.0,989.8
0.0594,0.02,978.8
0.0594,0.04,980.6
0.0594,0.06,1001.0
0.0594,0.08,992.6
0.0594,0.1,993.4
0.0594,0.12,1003.8
0.0594,0.14,998.2
0.0594,0.16,981.2
0.0594,0.18,998.4
0.00594,0.02,940.8
0.0594,0.2,976.8
0.0594,0.22,976.2
0.0594,0.24,981.4
0.0594,0.26,982.0
0.0594,0.28,982.6
0.0594,0.3,1012.4
0.0594,0.32,986.6
0.0594,0.34,979.0
0.0594,0.36,971.0
0.0594,0.38,989.0
0.00594,0.04,931.6
0.0594,0.4,987.8
0.0594,0.42,989.4
0.0594,0.44,984.8
0.0594,0.46,1003.0
0.0594,0.48,986.2
0.0594,0.5,992.6
0.0594,0.52,987.8
0.0594,0.54,994.0
0.0594,0.56,976.0
0.0594,0.58,1012.6
0.00594,0.06,939.0
0.0594,0.6,991.4
0.0594,0.62,1008.8
0.0594,0.64,992.8
0.0594,0.66,984.4
0.0594,0.68,990.6
0.0594,0.7000000000000001,990.8
0.0594,0.72,992.4
0.0594,0.74,982.2
0.0594,0.76,985.8
0.0594,0.78,1004.2
0.00594,0.08,937.0
0.0594,0.8,998.8
0.0594,0.8200000000000001,980.8
0.0594,0.84,984.8
0.0594,0.86,993.8
0.0594,0.88,988.6
0.0594,0.9,994.8
0.0594,0.92,987.6
0.0594,0.9400000000000001,991.2
0.0594,0.96,998.8
0.0594,0.98,993.0
0.00594,0.1,938.2
0.06138,0.0,995.4
0.06138,0.02,993.4
0.06138,0.04,980.0
0.06138,0.06,987.0
0.06138,0.08,1006.2
0.06138,0.1,996.4
0.06138,0.12,989.6
0.06138,0.14,982.2
0.06138,0.16,986.0
0.06138,0.18,996.2
0.00594,0.12,920.0
0.06138,0.2,1002.8
0.06138,0.22,986.2
0.06138,0.24,999.8
0.06138,0.26,980.8
0.06138,0.28,996.2
0.06138,0.3,980.6
0.06138,0.32,998.8
0.06138,0.34,995.6
0.06138,0.36,1007.0
0.06138,0.38,972.4
0.00594,0.14,929.0
0.06138,0.4,982.6
0.06138,0.42,982.2
0.06138,0.44,999.0
0.06138,0.46,999.8
0.06138,0.48,1008.6
0.06138,0.5,999.6
0.06138,0.52,985.2
0.06138,0.54,988.0
0.06138,0.56,978.2
0.06138,0.58,985.0
0.00594,0.16,940.0
0.06138,0.6,985.2
0.06138,0.62,996.4
0.06138,0.64,991.2
0.06138,0.66,974.6
0.06138,0.68,999.0
0.06138,0.7000000000000001,970.8
0.06138,0.72,990.0
0.06138,0.74,996.0
0.06138,0.76,982.0
0.06138,0.78,994.0
0.00594,0.18,947.0
0.06138,0.8,982.4
0.06138,0.8200000000000001,980.8
0.06138,0.84,993.8
0.06138,0.86,988.6
0.06138,0.88,988.8
0.06138,0.9,990.6
0.06138,0.92,1002.0
0.06138,0.9400000000000001,994.8
0.06138,0.96,988.0
0.06138,0.98,971.6
0.0,0.32,0.0
0.00594,0.2,935.6
0.06336,0.0,1009.0
0.06336,0.02,991.0
0.06336,0.04,998.2
0.06336,0.06,987.6
0.06336,0.08,970.8
0.06336,0.1,974.2
0.06336,0.12,1003.2
0.06336,0.14,990.2
0.06336,0.16,994.6
0.06336,0.18,1006.2
0.00594,0.22,943.6
0.06336,0.2,981.0
0.06336,0.22,991.4
0.06336,0.24,977.0
0.06336,0.26,983.0
0.06336,0.28,1003.2
0.06336,0.3,987.2
0.06336,0.32,977.0
0.06336,0.34,990.8
0.06336,0.36,1011.4
0.06336,0.38,986.8
0.00594,0.24,928.8
0.06336,0.4,995.0
0.06336,0.42,998.6
0.06336,0.44,992.8
0.06336,0.46,988.8
0.06336,0.48,977.8
0.06336,0.5,981.0
0.06336,0.52,999.6
0.06336,0.54,987.8
0.06336,0.56,990.6
0.06336,0.58,992.6
0.00594,0.26,932.2
0.06336,0.6,980.2
0.06336,0.62,992.0
0.06336,0.64,1002.0
0.06336,0.66,993.4
0.06336,0.68,984.2
0.06336,0.7000000000000001,971.6
0.06336,0.72,989.4
0.06336,0.74,995.4
0.06336,0.76,1000.4
0.06336,0.78,995.0
0.00594,0.28,940.6
0.06336,0.8,1007.4
0.06336,0.8200000000000001,999.4
0.06336,0.84,982.6
0.06336,0.86,996.6
0.06336,0.88,978.6
0.06336,0.9,974.6
0.06336,0.92,976.6
0.06336,0.9400000000000001,1008.4
0.06336,0.96,988.2
0.06336,0.98,985.0
0.00594,0.3,934.2
0.06534,0.0,1005.6
0.06534,0.02,993.8
0.06534,0.04,989.8
0.06534,0.06,980.6
0.06534,0.08,1000.0
0.06534,0.1,992.0
0.06534,0.12,990.2
0.06534,0.14,985.2
0.06534,0.16,984.8
0.06534,0.18,1001.2
0.00594,0.32,923.0
0.06534,0.2,997.6
0.06534,0.22,972.8
0.06534,0.24,987.8
0.06534,0.26,989.6
0.06534,0.28,990.8
0.06534,0.3,994.8
0.06534,0.32,997.2
0.06534,0.34,982.2
0.06534,0.36,988.4
0.06534,0.38,991.0
0.00594,0.34,926.8
0.06534,0.4,984.0
0.06534,0.42,988.8
0.06534,0.44,1006.8
0.06534,0.46,988.6
0.06534,0.48,994.0
0.06534,0.5,984.0
0.06534,0.52,994.2
0.06534,0.54,985.6
0.06534,0.56,984.6
0.06534,0.58,999.8
0.00594,0.36,945.2
0.06534,0.6,989.2
0.06534,0.62,979.2
0.06534,0.64,991.6
0.06534,0.66,983.2
0.06534,0.68,996.2
0.06534,0.7000000000000001,971.6
0.06534,0.72,987.4
0.06534,0.74,989.6
0.06534,0.76,1007.0
0.06534,0.78,981.2
0.00594,0.38,932.8
0.06534,0.8,984.4
0.06534,0.8200000000000001,983.4
0.06534,0.84,994.0
0.06534,0.86,977.2
0.06534,0.88,988.6
0.06534,0.9,989.4
0.06534,0.92,986.8
0.06534,0.9400000000000001,990.6
0.06534,0.96,995.2
0.06534,0.98,980.2
0.0,0.34,0.0
0.00594,0.4,947.4
0.06732,0.0,972.2
0.06732,0.02,1009.0
0.06732,0.04,1000.6
0.06732,0.06,982.2
0.06732,0.08,990.2
0.06732,0.1,994.6
0.06732,0.12,981.0
0.06732,0.14,972.8
0.06732,0.16,999.4
0.06732,0.18,990.6
0.00594,0.42,918.2
0.06732,0.2,995.6
0.06732,0.22,993.4
0.06732,0.24,974.8
0.06732,0.26,981.2
0.06732,0.28,983.2
0.06732,0.3,993.6
0.06732,0.32,977.6
0.06732,0.34,978.0
0.06732,0.36,987.4
0.06732,0.38,983.8
0.00594,0.44,948.6
0.06732,0.4,984.0
0.06732,0.42,988.8
0.06732,0.44,981.6
0.06732,0.46,978.0
0.06732,0.48,970.8
0.06732,0.5,967.8
0.06732,0.52,980.0
0.06732,0.54,986.2
0.06732,0.56,969.0
0.06732,0.58,1002.8
0.00594,0.46,926.4
0.06732,0.6,992.0
0.06732,0.62,995.6
0.06732,0.64,988.8
0.06732,0.66,992.2
0.06732,0.68,989.6
0.06732,0.7000000000000001,997.6
0.06732,0.72,1004.0
0.06732,0.74,1004.4
0.06732,0.76,983.6
0.06732,0.78,988.6
0.00594,0.48,928.2
0.06732,0.8,993.8
0.06732,0.8200000000000001,984.4
0.06732,0.84,994.2
0.06732,0.86,986.2
0.06732,0.88,976.8
0.06732,0.9,977.4
0.06732,0.92,979.2
0.06732,0.9400000000000001,1002.2
0.06732,0.96,991.8
0.06732,0.98,986.8
0.00594,0.5,926.8
0.0693,0.0,990.6
0.0693,0.02,1000.6
0.0693,0.04,1004.0
0.0693,0.06,987.8
0.0693,0.08,1005.6
0.0693,0.1,994.4
0.0693,0.12,991.2
0.0693,0.14,1001.0
0.0693,0.16,1016.8
0.0693,0.18,986.6
0.00594,0.52,925.2
0.0693,0.2,990.4
0.0693,0.22,984.0
0.0693,0.24,986.2
0.0693,0.26,1000.6
0.0693,0.28,967.4
0.0693,0.3,1004.6
0.0693,0.32,998.2
0.0693,0.34,976.4
0.0693,0.36,980.8
0.0693,0.38,988.8
0.00594,0.54,935.2
0.0693,0.4,994.6
0.0693,0.42,984.8
0.0693,0.44,996.8
0.0693,0.46,981.0
0.0693,0.48,986.4
0.0693,0.5,999.4
0.0693,0.52,992.2
0.0693,0.54,993.2
0.0693,0.56,975.8
0.0693,0.58,1011.8
0.00594,0.56,933.0
0.0693,0.6,979.4
0.0693,0.62,978.2
0.0693,0.64,992.4
0.0693,0.66,987.4
0.0693,0.68,1007.0
0.0693,0.7000000000000001,1004.4
0.0693,0.72,1002.8
0.0693,0.74,1010.4
0.0693,0.76,989.0
0.0693,0.78,1004.8
0.00594,0.58,926.4
0.0693,0.8,983.4
0.0693,0.8200000000000001,975.8
0.0693,0.84,1003.2
0.0693,0.86,1001.6
0.0693,0.88,997.6
0.0693,0.9,986.0
0.0693,0.92,986.4
0.0693,0.9400000000000001,959.6
0.0693,0.96,994.4
0.0693,0.98,1000.6
0.0,0.36,0.0
0.00594,0.6,917.0
0.07128,0.0,989.0
0.07128,0.02,981.2
0.07128,0.04,989.2
0.07128,0.06,991.4
0.07128,0.08,999.0
0.07128,0.1,1007.8
0.07128,0.12,985.2
0.07128,0.14,977.2
0.07128,0.16,1002.6
0.07128,0.18,979.4
0.00594,0.62,935.2
0.07128,0.2,1009.4
0.07128,0.22,988.0
0.07128,0.24,987.2
0.07128,0.26,990.6
0.07128,0.28,980.0
0.07128,0.3,992.2
0.07128,0.32,1002.4
0.07128,0.34,1000.2
0.07128,0.36,1004.4
0.07128,0.38,981.8
0.00594,0.64,929.2
0.07128,0.4,980.0
0.07128,0.42,980.6
0.07128,0.44,986.0
0.07128,0.46,987.0
0.07128,0.48,988.2
0.07128,0.5,992.0
0.07128,0.52,980.0
0.07128,0.54,996.2
0.07128,0.56,989.2
0.07128,0.58,980.2
0.00594,0.66,932.6
0.07128,0.6,991.0
0.07128,0.62,980.0
0.07128,0.64,994.0
0.07128,0.66,987.6
0.07128,0.68,988.8
0.07128,0.7000000000000001,991.6
0.07128,0.72,1008.0
0.07128,0.74,989.6
0.07128,0.76,981.8
0.07128,0.78,993.6
0.00594,0.68,928.2
0.07128,0.8,980.4
0.07128,0.8200000000000001,979.0
0.07128,0.84,1000.6
0.07128,0.86,1011.8
0.07128,0.88,978.2
0.07128,0.9,989.4
0.07128,0.92,977.2
0.07128,0.9400000000000001,986.4
0.07128,0.96,978.0
0.07128,0.98,980.4
0.00594,0.7000000000000001,937.8
0.07326,0.0,999.0
0.07326,0.02,992.0
0.07326,0.04,1005.6
0.07326,0.06,1002.0
0.07326,0.08,990.0
0.07326,0.1,984.0
0.07326,0.12,969.2
0.07326,0.14,994.0
0.07326,0.16,1006.6
0.07326,0.18,1000.4
0.00594,0.72,946.8
0.07326,0.2,988.2
0.07326,0.22,988.0
0.07326,0.24,995.2
0.07326,0.26,979.0
0.07326,0.28,992.8
0.07326,0.3,986.6
0.07326,0.32,999.4
0.07326,0.34,982.4
0.07326,0.36,993.8
0.07326,0.38,996.0
0.00594,0.74,927.8
0.07326,0.4,993.6
0.07326,0.42,993.4
0.07326,0.44,1003.0
0.07326,0.46,994.6
0.07326,0.48,984.4
0.07326,0.5,993.0
0.07326,0.52,972.8
0.07326,0.54,1004.0
0.07326,0.56,988.2
0.07326,0.58,982.4
0.00594,0.76,942.0
0.07326,0.6,995.2
0.07326,0.62,992.8
0.07326,0.64,989.2
0.07326,0.66,968.4
0.07326,0.68,980.4
0.07326,0.7000000000000001,999.0
0.07326,0.72,978.2
0.07326,0.74,999.4
0.07326,0.76,1017.8
0.07326,0.78,1005.2
0.00594,0.78,922.4
0.07326,0.8,994.6
0.07326,0.8200000000000001,997.0
0.07326,0.84,976.8
0.07326,0.86,1006.0
0.07326,0.88,985.2
0.07326,0.9,978.6
0.07326,0.92,993.6
0.07326,0.9400000000000001,993.0
0.07326,0.96,977.6
0.07326,0.98,977.8
0.0,0.38,0.0
0.00594,0.8,930.6
0.07524,0.0,998.2
0.07524,0.02,982.2
0.07524,0.04,989.4
0.07524,0.06,990.6
0.07524,0.08,982.6
0.07524,0.1,1006.4
0.07524,0.12,996.2
0.07524,0.14,998.0
0.07524,0.16,977.6
0.07524,0.18,986.6
0.00594,0.8200000000000001,948.2
0.07524,0.2,1004.0
0.07524,0.22,990.8
0.07524,0.24,991.2
0.07524,0.26,974.0
0.07524,0.28,985.6
0.07524,0.3,983.6
0.07524,0.32,979.4
0.07524,0.34,988.8
0.07524,0.36,999.8
0.07524,0.38,990.2
0.00594,0.84,938.6
0.07524,0.4,991.8
0.07524,0.42,986.8
0.07524,0.44,998.4
0.07524,0.46,991.0
0.07524,0.48,982.8
0.07524,0.5,992.8
0.07524,0.52,993.6
0.07524,0.54,981.6
0.07524,0.56,990.0
0.07524,0.58,990.2
0.00594,0.86,922.8
0.07524,0.6,1001.2
0.07524,0.62,999.8
0.07524,0.64,1003.6
0.07524,0.66,985.2
0.07524,0.68,994.0
0.07524,0.7000000000000001,973.2
0.07524,0.72,990.4
0.07524,0.74,998.0
0.07524,0.76,976.4
0.07524,0.78,990.2
0.00594,0.88,943.4
0.07524,0.8,1006.6
0.07524,0.8200000000000001,980.2
0.07524,0.84,985.8
0.07524,0.86,968.2
0.07524,0.88,1002.6
0.07524,0.9,995.8
0.07524,0.92,998.2
0.07524,0.9400000000000001,974.8
0.07524,0.96,982.6
0.07524,0.98,993.2
0.00594,0.9,927.4
0.07722,0.0,1001.2
0.07722,0.02,991.0
0.07722,0.04,970.2
0.07722,0.06,986.4
0.07722,0.08,982.4
0.07722,0.1,1001.8
0.07722,0.12,983.4
0.07722,0.14,997.2
0.07722,0.16,997.0
0.07722,0.18,986.6
0.00594,0.92,940.2
0.07722,0.2,979.4
0.07722,0.22,1001.2
0.07722,0.24,1001.6
0.07722,0.26,986.0
0.07722,0.28,985.4
0.07722,0.3,987.0
0.07722,0.32,995.8
0.07722,0.34,983.2
0.07722,0.36,995.6
0.07722,0.38,985.4
0.00594,0.9400000000000001,924.2
0.07722,0.4,991.4
0.07722,0.42,999.2
0.07722,0.44,975.0
0.07722,0.46,988.6
0.07722,0.48,1005.6
0.07722,0.5,984.8
0.07722,0.52,996.6
0.07722,0.54,977.6
0.07722,0.56,984.8
0.07722,0.58,987.6
0.00594,0.96,943.2
0.07722,0.6,981.4
0.07722,0.62,993.2
0.07722,0.64,999.0
0.07722,0.66,1002.0
0.07722,0.68,982.2
0.07722,0.7000000000000001,1005.0
0.07722,0.72,993.6
0.07722,0.74,981.0
0.07722,0.76,991.0
0.07722,0.78,987.4
0.00594,0.98,931.6
0.07722,0.8,998.0
0.07722,0.8200000000000001,990.2
0.07722,0.84,989.6
0.07722,0.86,984.2
0.07722,0.88,978.4
0.07722,0.9,986.0
0.07722,0.92,990.2
0.07722,0.9400000000000001,975.6
0.07722,0.96,983.4
0.07722,0.98,984.0
0.0,0.04,0.0
0.0,0.4,0.0
0.00792,0.0,959.6
0.07919999999999999,0.0,997.2
0.07919999999999999,0.02,975.2
0.07919999999999999,0.04,994.6
0.07919999999999999,0.06,988.4
0.07919999999999999,0.08,991.8
0.07919999999999999,0.1,993.0
0.07919999999999999,0.12,996.2
0.07919999999999999,0.14,1000.0
0.07919999999999999,0.16,995.8
0.07919999999999999,0.18,1000.8
0.00792,0.02,945.8
0.07919999999999999,0.2,994.8
0.07919999999999999,0.22,989.4
0.07919999999999999,0.24,990.4
0.07919999999999999,0.26,976.2
0.07919999999999999,0.28,985.6
0.07919999999999999,0.3,987.2
0.07919999999999999,0.32,996.6
0.07919999999999999,0.34,994.2
0.07919999999999999,0.36,978.4
0.07919999999999999,0.38,994.2
0.00792,0.04,946.0
0.07919999999999999,0.4,992.0
0.07919999999999999,0.42,998.2
0.07919999999999999,0.44,993.4
0.07919999999999999,0.46,996.2
0.07919999999999999,0.48,999.2
0.07919999999999999,0.5,985.4
0.07919999999999999,0.52,995.4
0.07919999999999999,0.54,986.0
0.07919999999999999,0.56,987.8
0.07919999999999999,0.58,988.0
0.00792,0.06,935.0
0.07919999999999999,0.6,988.4
0.07919999999999999,0.62,986.8
0.07919999999999999,0.64,991.8
0.07919999999999999,0.66,1007.6
0.07919999999999999,0.68,1006.4
0.07919999999999999,0.7000000000000001,992.8
0.07919999999999999,0.72,989.4
0.07919999999999999,0.74,1005.8
0.07919999999999999,0.76,978.0
0.07919999999999999,0.78,994.6
0.00792,0.08,942.8
0.07919999999999999,0.8,975.6
0.07919999999999999,0.8200000000000001,998.6
0.07919999999999999,0.84,1016.0
0.07919999999999999,0.86,990.8
0.07919999999999999,0.88,1001.8
0.07919999999999999,0.9,989.8
0.07919999999999999,0.92,963.8
0.07919999999999999,0.9400000000000001,979.6
0.07919999999999999,0.96,986.6
0.07919999999999999,0.98,980.2
0.00792,0.1,954.0
0.08118,0.0,1001.6
0.08118,0.02,991.4
0.08118,0.04,1007.8
0.08118,0.06,997.6
0.08118,0.08,1004.4
0.08118,0.1,977.2
0.08118,0.12,995.6
0.08118,0.14,998.6
0.08118,0.16,1000.2
0.08118,0.18,985.4
0.00792,0.12,935.8
0.08118,0.2,1002.0
0.08118,0.22,986.6
0.08118,0.24,995.0
0.08118,0.26,988.0
0.08118,0.28,1002.6
0.08118,0.3,984.6
0.08118,0.32,984.8
0.08118,0.34,995.6
0.08118,0.36,1009.6
0.08118,0.38,998.6
0.00792,0.14,942.6
0.08118,0.4,993.8
0.08118,0.42,986.6
0.08118,0.44,1000.2
0.08118,0.46,987.2
0.08118,0.48,994.4
0.08118,0.5,987.2
0.08118,0.52,994.4
0.08118,0.54,1003.6
0.08118,0.56,996.0
0.08118,0.58,996.6
0.00792,0.16,957.6
0.08118,0.6,996.4
0.08118,0.62,988.0
0.08118,0.64,994.2
0.08118,0.66,1010.6
0.08118,0.68,987.8
0.08118,0.7000000000000001,995.0
0.08118,0.72,989.4
0.08118,0.74,980.4
0.08118,0.76,999.4
0.08118,0.78,996.4
0.00792,0.18,946.4
0.08118,0.8,1005.4
0.08118,0.8200000000000001,990.6
0.08118,0.84,993.4
0.08118,0.86,984.2
0.08118,0.88,992.4
0.08118,0.9,989.4
0.08118,0.92,987.0
0.08118,0.9400000000000001,987.2
0.08118,0.96,991.6
0.08118,0.98,1001.6
0.0,0.42,0.0
0.00792,0.2,950.4
0.08316,0.0,970.6
0.08316,0.02,993.6
0.08316,0.04,989.8
0.08316,0.06,997.0
0.08316,0.08,1010.2
0.08316,0.1,1002.4
0.08316,0.12,987.2
0.08316,0.14,995.6
0.08316,0.16,1000.8
0.08316,0.18,1000.0
0.00792,0.22,945.2
0.08316,0.2,988.8
0.08316,0.22,992.0
0.08316,0.24,974.2
0.08316,0.26,1004.6
0.08316,0.28,991.0
0.08316,0.3,989.6
0.08316,0.32,995.8
0.08316,0.34,985.6
0.08316,0.36,989.0
0.08316,0.38,1008.4
0.00792,0.24,957.0
0.08316,0.4,983.0
0.08316,0.42,1008.4
0.08316,0.44,996.0
0.08316,0.46,991.2
0.08316,0.48,981.4
0.08316,0.5,1001.2
0.08316,0.52,978.4
0.08316,0.54,1007.2
0.08316,0.56,986.2
0.08316,0.58,992.6
0.00792,0.26,954.0
0.08316,0.6,986.4
0.08316,0.62,977.2
0.08316,0.64,993.4
0.08316,0.66,971.8
0.08316,0.68,989.0
0.08316,0.7000000000000001,989.6
0.08316,0.72,1005.6
0.08316,0.74,991.6
0.08316,0.76,973.4
0.08316,0.78,997.6
0.00792,0.28,953.8
0.08316,0.8,996.8
0.08316,0.8200000000000001,971.6
0.08316,0.84,986.2
0.08316,0.86,1007.6
0.08316,0.88,987.2
0.08316,0.9,1005.0
0.08316,0.92,967.8
0.08316,0.9400000000000001,986.4
0.08316,0.96,1005.6
0.08316,0.98,981.4
0.00792,0.3,947.4
0.08514,0.0,981.2
0.08514,0.02,999.8
0.08514,0.04,995.0
0.08514,0.06,980.4
0.08514,0.08,1012.8
0.08514,0.1,988.2
0.08514,0.12,993.6
0.08514,0.14,993.4
0.08514,0.16,990.6
0.08514,0.18,992.2
0.00792,0.32,963.4
0.08514,0.2,1011.2
0.08514,0.22,978.4
0.08514,0.24,998.8
0.08514,0.26,997.4
0.08514,0.28,1001.6
0.08514,0.3,983.0
0.08514,0.32,1002.4
0.08514,0.34,997.2
0.08514,0.36,992.0
0.08514,0.38,980.8
0.00792,0.34,958.6
0.08514,0.4,999.4
0.08514,0.42,992.8
0.08514,0.44,988.4
0.08514,0.46,983.4
0.08514,0.48,999.8
0.08514,0.5,985.4
0.08514,0.52,989.4
0.08514,0.54,994.6
0.08514,0.56,1001.2
0.08514,0.58,997.0
0.00792,0.36,955.4
0.08514,0.6,997.2
0.08514,0.62,988.4
0.08514,0.64,1003.0
0.08514,0.66,974.2
0.08514,0.68,998.2
0.08514,0.7000000000000001,1002.2
0.08514,0.72,992.2
0.08514,0.74,993.0
0.08514,0.76,980.2
0.08514,0.78,987.8
0.00792,0.38,948.8
0.08514,0.8,991.8
0.08514,0.8200000000000001,990.8
0.08514,0.84,1002.4
0.08514,0.86,985.0
0.08514,0.88,978.4
0.08514,0.9,1005.2
0.08514,0.92,997.2
0.08514,0.9400000000000001,977.2
0.08514,0.96,984.0
0.08514,0.98,990.8
0.0,0.44,0.0
0.00792,0.4,945.6
0.08712,0.0,991.0
0.08712,0.02,1001.4
0.08712,0.04,980.6
0.08712,0.06,993.2
0.08712,0.08,998.8
0.08712,0.1,984.8
0.08712,0.12,993.0
0.08712,0.14,984.8
0.08712,0.16,1003.4
0.08712,0.18,999.2
0.00792,0.42,944.4
0.08712,0.2,969.4
0.08712,0.22,985.6
0.08712,0.24,1003.2
0.08712,0.26,979.8
0.08712,0.28,969.0
0.08712,0.3,991.0
0.08712,0.32,995.6
0.08712,0.34,993.2
0.08712,0.36,990.6
0.08712,0.38,1001.4
0.00792,0.44,945.2
0.08712,0.4,981.0
0.08712,0.42,999.6
0.08712,0.44,977.6
0.08712,0.46,992.6
0.08712,0.48,985.2
0.08712,0.5,979.6
0.08712,0.52,981.4
0.08712,0.54,982.0
0.08712,0.56,985.6
0.08712,0.58,997.4
0.00792,0.46,957.0
0.08712,0.6,993.2
0.08712,0.62,992.2
0.08712,0.64,979.4
0.08712,0.66,994.8
0.08712,0.68,986.4
0.08712,0.7000000000000001,976.4
0.08712,0.72,1004.2
0.08712,0.74,987.0
0.08712,0.76,995.0
0.08712,0.78,1000.8
0.00792,0.48,945.0
0.08712,0.8,980.6
0.08712,0.8200000000000001,1001.8
0.08712,0.84,1001.6
0.08712,0.86,984.4
0.08712,0.88,1003.6
0.08712,0.9,973.8
0.08712,0.92,995.6
0.08712,0.9400000000000001,1001.4
0.08712,0.96,989.4
0.08712,0.98,991.0
0.00792,0.5,948.6
0.0891,0.0,996.4
0.0891,0.02,989.8
0.0891,0.04,981.8
0.0891,0.06,1024.0
0.0891,0.08,1003.0
0.0891,0.1,974.0
0.0891,0.12,993.2
0.0891,0.14,993.6
0.0891,0.16,989.8
0.0891,0.18,998.4
0.00792,0.52,944.2
0.0891,0.2,986.0
0.0891,0.22,989.2
0.0891,0.24,998.6
0.0891,0.26,987.2
0.0891,0.28,1002.2
0.0891,0.3,986.0
0.0891,0.32,999.4
0.0891,0.34,996.8
0.0891,0.36,996.8
0.0891,0.38,993.8
0.00792,0.54,958.8
0.0891,0.4,979.2
0.0891,0.42,979.8
0.0891,0.44,1008.0
0.0891,0.46,982.6
0.0891,0.48,975.2
0.0891,0.5,994.8
0.0891,0.52,998.6
0.0891,0.54,1008.8
0.0891,0.56,989.2
0.0891,0.58,1003.6
0.00792,0.56,966.2
0.0891,0.6,981.8
0.0891,0.62,992.0
0.0891,0.64,991.6
0.0891,0.66,973.2
0.0891,0.68,982.2
0.0891,0.7000000000000001,996.4
0.0891,0.72,980.2
0.0891,0.74,992.6
0.0891,0.76,996.8
0.0891,0.78,996.0
0.00792,0.58,939.4
0.0891,0.8,995.8
0.0891,0.8200000000000001,992.0
0.0891,0.84,984.8
0.0891,0.86,996.2
0.0891,0.88,992.8
0.0891,0.9,991.6
0.0891,0.92,986.6
0.0891,0.9400000000000001,992.2
0.0891,0.96,993.6
0.0891,0.98,977.4
0.0,0.46,0.0
0.00792,0.6,948.0
0.09108,0.0,995.6
0.09108,0.02,994.0
0.09108,0.04,1002.6
0.09108,0.06,1002.4
0.09108,0.08,997.2
0.09108,0.1,1002.0
0.09108,0.12,989.0
0.09108,0.14,980.0
0.09108,0.16,990.2
0.09108,0.18,989.0
0.00792,0.62,948.2
0.09108,0.2,993.4
0.09108,0.22,990.0
0.09108,0.24,987.4
0.09108,0.26,988.2
0.09108,0.28,996.6
0.09108,0.3,1010.2
0.09108,0.32,994.6
0.09108,0.34,990.4
0.09108,0.36,984.0
0.09108,0.38,994.6
0.00792,0.64,958.8
0.09108,0.4,991.2
0.09108,0.42,986.8
0.09108,0.44,982.8
0.09108,0.46,983.4
0.09108,0.48,988.4
0.09108,0.5,971.0
0.09108,0.52,992.2
0.09108,0.54,1000.6
0.09108,0.56,990.4
0.09108,0.58,991.8
0.00792,0.66,955.8
0.09108,0.6,993.4
0.09108,0.62,993.6
0.09108,0.64,997.8
0.09108,0.66,974.0
0.09108,0.68,994.2
0.09108,0.7000000000000001,999.8
0.09108,0.72,977.0
0.09108,0.74,962.0
0.09108,0.76,979.8
0.09108,0.78,983.8
0.00792,0.68,942.0
0.09108,0.8,1007.8
0.09108,0.8200000000000001,1002.6
0.09108,0.84,996.6
0.09108,0.86,986.2
0.09108,0.88,987.6
0.09108,0.9,979.6
0.09108,0.92,987.2
0.09108,0.9400000000000001,993.2
0.09108,0.96,987.4
0.09108,0.98,993.2
0.00792,0.7000000000000001,950.4
0.09306,0.0,997.4
0.09306,0.02,986.8
0.09306,0.04,1000.2
0.09306,0.06,985.6
0.09306,0.08,975.0
0.09306,0.1,989.0
0.09306,0.12,1001.8
0.09306,0.14,992.8
0.09306,0.16,993.0
0.09306,0.18,1002.6
0.00792,0.72,937.2
0.09306,0.2,998.6
0.09306,0.22,981.8
0.09306,0.24,993.6
0.09306,0.26,1001.8
0.09306,0.28,993.8
0.09306,0.3,987.8
0.09306,0.32,1001.8
0.09306,0.34,986.6
0.09306,0.36,999.8
0.09306,0.38,1005.6
0.00792,0.74,949.8
0.09306,0.4,1001.4
0.09306,0.42,979.4
0.09306,0.44,1001.0
0.09306,0.46,993.8
0.09306,0.48,982.6
0.09306,0.5,995.6
0.09306,0.52,992.6
0.09306,0.54,995.2
0.09306,0.56,988.8
0.09306,0.58,993.0
0.00792,0.76,938.2
0.09306,0.6,1009.0
0.09306,0.62,990.2
0.09306,0.64,996.6
0.09306,0.66,981.2
0.09306,0.68,992.4
0.09306,0.7000000000000001,996.8
0.09306,0.72,1004.2
0.09306,0.74,999.6
0.09306,0.76,974.6
0.09306,0.78,1000.4
0.00792,0.78,937.6
0.09306,0.8,986.6
0.09306,0.8200000000000001,999.0
0.09306,0.84,971.8
0.09306,0.86,991.6
0.09306,0.88,991.2
0.09306,0.9,995.6
0.09306,0.92,982.4
0.09306,0.9400000000000001,987.8
0.09306,0.96,1004.6
0.09306,0.98,980.2
0.0,0.48,0.0
0.00792,0.8,948.8
0.09504,0.0,991.2
0.09504,0.02,1002.8
0.09504,0.04,1004.2
0.09504,0.06,987.0
0.09504,0.08,1001.0
0.09504,0.1,991.0
0.09504,0.12,981.2
0.09504,0.14,990.4
0.09504,0.16,987.2
0.09504,0.18,991.8
0.00792,0.8200000000000001,937.4
0.09504,0.2,986.6
0.09504,0.22,987.4
0.09504,0.24,985.4
0.09504,0.26,982.4
0.09504,0.28,1000.4
0.09504,0.3,998.0
0.09504,0.32,991.4
0.09504,0.34,1008.4
0.09504,0.36,996.4
0.09504,0.38,986.4
0.00792,0.84,952.2
0.09504,0.4,982.4
0.09504,0.42,990.0
0.09504,0.44,985.2
0.09504,0.46,996.2
0.09504,0.48,995.2
0.09504,0.5,999.2
0.09504,0.52,988.0
0.09504,0.54,1002.6
0.09504,0.56,997.4
0.09504,0.58,1010.0
0.00792,0.86,970.0
0.09504,0.6,993.0
0.09504,0.62,988.4
0.09504,0.64,1005.2
0.09504,0.66,993.4
0.09504,0.68,995.4
0.09504,0.7000000000000001,998.8
0.09504,0.72,1000.6
0.09504,0.74,995.8
0.09504,0.76,985.6
0.09504,0.78,984.4
0.00792,0.88,937.8
0.09504,0.8,975.4
0.09504,0.8200000000000001,991.8
0.09504,0.84,996.8
0.09504,0.86,988.8
0.09504,0.88,980.6
0.09504,0.9,1003.2
0.09504,0.92,976.6
0.09504,0.9400000000000001,973.4
0.09504,0.96,981.6
0.09504,0.98,990.4
0.00792,0.9,947.2
0.09702,0.0,964.4
0.09702,0.02,992.0
0.09702,0.04,985.2
0.09702,0.06,975.8
0.09702,0.08,990.8
0.09702,0.1,986.8
0.09702,0.12,983.8
0.09702,0.14,991.8
0.09702,0.16,1002.2
0.09702,0.18,982.6
0.00792,0.92,943.4
0.09702,0.2,990.0
0.09702,0.22,990.2
0.09702,0.24,1001.8
0.09702,0.26,1006.4
0.09702,0.28,997.2
0.09702,0.3,997.8
0.09702,0.32,990.4
0.09702,0.34,1001.8
0.09702,0.36,985.0
0.09702,0.38,983.8
0.00792,0.9400000000000001,952.8
0.09702,0.4,992.2
0.09702,0.42,1012.4
0.09702,0.44,998.6
0.09702,0.46,994.0
0.09702,0.48,980.8
0.09702,0.5,989.2
0.09702,0.52,980.6
0.09702,0.54,987.8
0.09702,0.56,986.4
0.09702,0.58,995.8
0.00792,0.96,948.2
0.09702,0.6,996.0
0.09702,0.62,987.8
0.09702,0.64,1006.4
0.09702,0.66,975.4
0.09702,0.68,996.8
0.09702,0.7000000000000001,1013.0
0.09702,0.72,985.2
0.09702,0.74,996.0
0.09702,0.76,990.6
0.09702,0.78,993.2
0.00792,0.98,948.8
0.09702,0.8,985.0
0.09702,0.8200000000000001,988.6
0.09702,0.84,1004.4
0.09702,0.86,997.0
0.09702,0.88,985.4
0.09702,0.9,985.4
0.09702,0.92,980.4
0.09702,0.9400000000000001,984.0
0.09702,0.96,991.0
0.09702,0.98,994.4
0.0,0.5,0.0
0.009899999999999999,0.0,969.0
0.009899999999999999,0.02,949.2
0.009899999999999999,0.04,961.4
0.009899999999999999,0.06,965.2
0.009899999999999999,0.08,958.6
0.009899999999999999,0.1,959.8
0.009899999999999999,0.12,957.6
0.009899999999999999,0.14,945.8
0.009899999999999999,0.16,966.6
0.009899999999999999,0.18,967.4
0.0,0.52,0.0
0.009899999999999999,0.2,962.8
0.009899999999999999,0.22,959.4
0.009899999999999999,0.24,968.2
0.009899999999999999,0.26,964.8
0.009899999999999999,0.28,947.0
0.009899999999999999,0.3,946.0
0.009899999999999999,0.32,962.6
0.009899999999999999,0.34,958.0
0.009899999999999999,0.36,966.0
0.009899999999999999,0.38,965.0
0.0,0.54,0.0
0.009899999999999999,0.4,966.2
0.009899999999999999,0.42,961.0
0.009899999999999999,0.44,966.2
0.009899999999999999,0.46,951.0
0.009899999999999999,0.48,955.4
0.009899999999999999,0.5,961.8
0.009899999999999999,0.52,942.4
0.009899999999999999,0.54,965.4
0.009899999999999999,0.56,963.8
0.009899999999999999,0.58,959.0
0.0,0.56,0.0
0.009899999999999999,0.6,959.6
0.009899999999999999,0.62,972.4
0.009899999999999999,0.64,957.8
0.009899999999999999,0.66,961.2
0.009899999999999999,0.68,964.8
0.009899999999999999,0.7000000000000001,943.8
0.009899999999999999,0.72,969.0
0.009899999999999999,0.74,967.6
0.009899999999999999,0.76,955.0
0.009899999999999999,0.78,955.6
0.0,0.58,0.0
0.009899999999999999,0.8,942.0
0.009899999999999999,0.8200000000000001,959.8
0.009899999999999999,0.84,956.4
0.009899999999999999,0.86,962.0
0.009899999999999999,0.88,959.6
0.009899999999999999,0.9,956.6
0.009899999999999999,0.92,955.2
0.009899999999999999,0.9400000000000001,948.4
0.009899999999999999,0.96,945.2
0.009899999999999999,0.98,948.2
0.0,0.06,0.0
0.0,0.6,0.0
0.01188,0.0,972.0
0.01188,0.02,986.4
0.01188,0.04,975.4
0.01188,0.06,957.8
0.01188,0.08,957.6
0.01188,0.1,961.6
0.01188,0.12,962.2
0.01188,0.14,971.6
0.01188,0.16,974.6
0.01188,0.18,970.6
0.0,0.62,0.0
0.01188,0.2,951.2
0.01188,0.22,959.8
0.01188,0.24,960.6
0.01188,0.26,960.4
0.01188,0.28,977.8
0.01188,0.3,958.0
0.01188,0.32,949.2
0.01188,0.34,961.6
0.01188,0.36,957.2
0.01188,0.38,965.4
0.0,0.64,0.0
0.01188,0.4,972.4
0.01188,0.42,969.0
0.01188,0.44,956.8
0.01188,0.46,974.8
0.01188,0.48,963.0
0.01188,0.5,954.2
0.01188,0.52,963.0
0.01188,0.54,965.2
0.01188,0.56,987.2
0.01188,0.58,950.8
0.0,0.66,0.0
0.01188,0.6,956.8
0.01188,0.62,959.4
0.01188,0.64,964.8
0.01188,0.66,962.4
0.01188,0.68,945.0
0.01188,0.7000000000000001,971.2
0.01188,0.72,956.2
0.01188,0.74,958.8
0.01188,0.76,966.4
0.01188,0.78,963.2
0.0,0.68,0.0
0.01188,0.8,958.2
0.01188,0.8200000000000001,951.4
0.01188,0.84,972.6
0.01188,0.86,972.0
0.01188,0.88,969.0
0.01188,0.9,967.2
0.01188,0.92,966.6
0.01188,0.9400000000000001,960.6
0.01188,0.96,965.0
0.01188,0.98,962.0
0.0,0.7000000000000001,0.0
0.01386,0.0,966.8
0.01386,0.02,963.0
0.01386,0.04,970.4
0.01386,0.06,975.8
0.01386,0.08,970.6
0.01386,0.1,966.4
0.01386,0.12,971.2
0.01386,0.14,981.8
0.01386,0.16,964.8
0.01386,0.18,979.2
0.0,0.72,0.0
0.01386,0.2,969.8
0.01386,0.22,974.6
0.01386,0.24,965.2
0.01386,0.26,974.6
0.01386,0.28,956.4
0.01386,0.3,979.6
0.01386,0.32,965.2
0.01386,0.34,963.4
0.01386,0.36,964.0
0.01386,0.38,964.0
0.0,0.74,0.0
0.01386,0.4,958.8
0.01386,0.42,969.0
0.01386,0.44,975.2
0.01386,0.46,967.2
0.01386,0.48,959.8
0.01386,0.5,980.8
0.01386,0.52,973.4
0.01386,0.54,965.2
0.01386,0.56,954.8
0.01386,0.58,967.4
0.0,0.76,0.0
0.01386,0.6,961.2
0.01386,0.62,967.2
0.01386,0.64,960.0
0.01386,0.66,958.8
0.01386,0.68,968.8
0.01386,0.7000000000000001,957.8
0.01386,0.72,965.6
0.01386,0.74,980.4
0.01386,0.76,977.8
0.01386,0.78,969.8
0.0,0.78,0.0
0.01386,0.8,973.4
0.01386,0.8200000000000001,976.2
0.01386,0.84,974.0
0.01386,0.86,973.4
0.01386,0.88,967.8
0.01386,0.9,977.6
0.01386,0.92,960.4
0.01386,0.9400000000000001,950.2
0.01386,0.96,981.6
0.01386,0.98,975.6
0.0,0.08,0.0
0.0,0.8,0.0
0.01584,0.0,983.0
0.01584,0.02,980.0
0.01584,0.04,966.0
0.01584,0.06,978.8
0.01584,0.08,974.8
0.01584,0.1,978.4
0.01584,0.12,974.8
0.01584,0.14,963.0
0.01584,0.16,975.2
0.01584,0.18,954.6
0.0,0.8200000000000001,0.0
0.01584,0.2,975.2
0.01584,0.22,968.0
0.01584,0.24,967.2
0.01584,0.26,979.0
0.01584,0.28,980.4
0.01584,0.3,977.0
0.01584,0.32,969.8
0.01584,0.34,976.4
0.01584,0.36,979.0
0.01584,0.38,982.8
0.0,0.84,0.0
0.01584,0.4,970.0
0.01584,0.42,974.0
0.01584,0.44,983.8
0.01584,0.46,980.8
0.01584,0.48,962.6
0.01584,0.5,977.4
0.01584,0.52,985.0
0.01584,0.54,987.0
0.01584,0.56,968.4
0.01584,0.58,967.0
0.0,0.86,0.0
0.01584,0.6,970.8
0.01584,0.62,971.4
0.01584,0.64,972.6
0.01584,0.66,970.8
0.01584,0.68,955.4
0.01584,0.7000000000000001,974.4
0.01584,0.72,980.6
0.01584,0.74,967.2
0.01584,0.76,977.0
0.01584,0.78,953.4
0.0,0.88,0.0
0.01584,0.8,968.2
0.01584,0.8200000000000001,951.8
0.01584,0.84,976.4
0.01584,0.86,975.6
0.01584,0.88,966.8
0.01584,0.9,965.0
0.01584,0.92,987.8
0.01584,0.9400000000000001,976.4
0.01584,0.96,974.0
0.01584,0.98,989.4
0.0,0.9,0.0
0.01782,0.0,977.6
0.01782,0.02,970.4
0.01782,0.04,996.6
0.01782,0.06,973.2
0.01782,0.08,980.6
0.01782,0.1,985.0
0.01782,0.12,968.4
0.01782,0.14,982.6
0.01782,0.16,969.8
0.01782,0.18,988.6
0.0,0.92,0.0
0.01782,0.2,978.8
0.01782,0.22,969.2
0.01782,0.24,992.0
0.01782,0.26,968.0
0.01782,0.28,978.4
0.01782,0.3,981.2
0.01782,0.32,979.6
0.01782,0.34,967.0
0.01782,0.36,964.0
0.01782,0.38,991.2
0.0,0.9400000000000001,0.0
0.01782,0.4,975.8
0.01782,0.42,982.2
0.01782,0.44,971.2
0.01782,0.46,972.8
0.01782,0.48,974.8
0.01782,0.5,970.0
0.01782,0.52,970.0
0.01782,0.54,983.4
0.01782,0.56,973.6
0.01782,0.58,978.2
0.0,0.96,0.0
0.01782,0.6,976.2
0.01782,0.62,961.0
0.01782,0.64,980.0
0.01782,0.66,963.6
0.01782,0.68,982.0
0.01782,0.7000000000000001,964.4
0.01782,0.72,977.0
0.01782,0.74,975.0
0.01782,0.76,985.6
0.01782,0.78,980.6
0.0,0.98,0.0
0.01782,0.8,971.8
0.01782,0.8200000000000001,962.6
0.01782,0.84,979.2
0.01782,0.86,966.0
0.01782,0.88,970.4
0.01782,0.9,973.6
0.01782,0.92,991.0
0.01782,0.9400000000000001,977.4
0.01782,0.96,976.6
0.01782,0.98,976.8
0.0,0.1,0.0
0.00198,0.0,833.4
0.019799999999999998,0.0,990.4
0.019799999999999998,0.02,984.2
0.019799999999999998,0.04,984.4
0.019799999999999998,0.06,973.4
0.019799999999999998,0.08,969.8
0.019799999999999998,0.1,973.0
0.019799999999999998,0.12,985.0
0.019799999999999998,0.14,965.4
0.019799999999999998,0.16,984.0
0.019799999999999998,0.18,974.8
0.00198,0.02,828.8
0.019799999999999998,0.2,1010.8
0.019799999999999998,0.22,975.0
0.019799999999999998,0.24,977.8
0.019799999999999998,0.26,982.2
0.019799999999999998,0.28,975.6
0.019799999999999998,0.3,971.4
0.019799999999999998,0.32,978.6
0.019799999999999998,0.34,966.8
0.019799999999999998,0.36,981.8
0.019799999999999998,0.38,963.0
0.00198,0.04,849.0
0.019799999999999998,0.4,1000.0
0.019799999999999998,0.42,973.2
0.019799999999999998,0.44,967.8
0.019799999999999998,0.46,964.6
0.019799999999999998,0.48,978.0
0.019799999999999998,0.5,979.2
0.019799999999999998,0.52,986.4
0.019799999999999998,0.54,969.6
0.019799999999999998,0.56,981.2
0.019799999999999998,0.58,994.4
0.00198,0.06,847.2
0.019799999999999998,0.6,963.6
0.019799999999999998,0.62,990.4
0.019799999999999998,0.64,972.8
0.019799999999999998,0.66,979.2
0.019799999999999998,0.68,982.0
0.019799999999999998,0.7000000000000001,976.0
0.019799999999999998,0.72,982.6
0.019799999999999998,0.74,972.8
0.019799999999999998,0.76,968.2
0.019799999999999998,0.78,990.8
0.00198,0.08,830.4
0.019799999999999998,0.8,971.2
0.019799999999999998,0.8200000000000001,968.4
0.019799999999999998,0.84,993.2
0.019799999999999998,0.86,979.4
0.019799999999999998,0.88,983.0
0.019799999999999998,0.9,961.4
0.019799999999999998,0.92,955.4
0.019799999999999998,0.9400000000000001,955.2
0.019799999999999998,0.96,979.2
0.019799999999999998,0.98,987.6
0.00198,0.1,840.0
0.02178,0.0,964.4
0.02178,0.02,983.0
0.02178,0.04,975.8
0.02178,0.06,973.6
0.02178,0.08,972.2
0.02178,0.1,953.8
0.02178,0.12,960.6
0.02178,0.14,958.2
0.02178,0.16,983.6
0.02178,0.18,986.6
0.00198,0.12,841.2
0.02178,0.2,973.0
0.02178,0.22,984.4
0.02178,0.24,986.8
0.02178,0.26,971.0
0.02178,0.28,976.0
0.02178,0.3,963.2
0.02178,0.32,995.4
0.02178,0.34,982.2
0.02178,0.36,982.0
0.02178,0.38,963.8
0.00198,0.14,835.2
0.02178,0.4,983.2
0.02178,0.42,970.0
0.02178,0.44,976.4
0.02178,0.46,982.2
0.02178,0.48,980.8
0.02178,0.5,990.0
0.02178,0.52,987.4
0.02178,0.54,984.6
0.02178,0.56,986.0
0.02178,0.58,981.4
0.00198,0.16,837.0
0.02178,0.6,976.6
0.02178,0.62,986.8
0.02178,0.64,975.0
0.02178,0.66,980.2
0.02178,0.68,990.4
0.02178,0.7000000000000001,966.4
0.02178,0.72,980.0
0.02178,0.74,987.6
0.02178,0.76,974.0
0.02178,0.78,971.4
0.00198,0.18,856.6
0.02178,0.8,981.2
0.02178,0.8200000000000001,994.0
0.02178,0.84,977.0
0.02178,0.86,976.0
0.02178,0.88,958.0
0.02178,0.9,970.2
0.02178,0.92,990.0
0.02178,0.9400000000000001,982.6
0.02178,0.96,976.2
0.02178,0.98,970.6
0.0,0.12,0.0
0.00198,0.2,835.0
0.02376,0.0,990.0
0.02376,0.02,999.4
0.02376,0.04,985.6
0.02376,0.06,973.8
0.02376,0.08,975.4
0.02376,0.1,993.4
0.02376,0.12,981.8
0.02376,0.14,976.0
0.02376,0.16,977.4
0.02376,0.18,981.6
0.00198,0.22,830.8
0.02376,0.2,988.4
0.02376,0.22,980.0
0.02376,0.24,973.8
0.02376,0.26,967.6
0.02376,0.28,996.0
0.02376,0.3,988.2
0.02376,0.32,985.8
0.02376,0.34,969.8
0.02376,0.36,977.6
0.02376,0.38,968.8
0.00198,0.24,834.2
0.02376,0.4,977.8
0.02376,0.42,977.2
0.02376,0.44,984.6
0.02376,0.46,992.6
0.02376,0.48,976.0
0.02376,0.5,975.8
0.02376,0.52,985.2
0.02376,0.54,992.2
0.02376,0.56,979.8
0.02376,0.58,995.0
0.00198,0.26,838.4
0.02376,0.6,992.8
0.02376,0.62,961.8
0.02376,0.64,994.0
0.02376,0.66,982.4
0.02376,0.68,997.6
0.02376,0.7000000000000001,959.4
0.02376,0.72,971.0
0.02376,0.74,982.8
0.02376,0.76,960.2
0.02376,0.78,967.2
0.00198,0.28,853.0
0.02376,0.8,959.2
0.02376,0.8200000000000001,981.2
0.02376,0.84,970.6
0.02376,0.86,979.6
0.02376,0.88,986.8
0.02376,0.9,976.6
0.02376,0.92,974.6
0.02376,0.9400000000000001,972.6
0.02376,0.96,972.0
0.02376,0.98,972.0
0.00198,0.3,834.8
0.02574,0.0,961.2
0.02574,0.02,983.4
0.02574,0.04,986.4
0.02574,0.06,983.6
0.02574,0.08,986.8
0.02574,0.1,981.4
0.02574,0.12,973.4
0.02574,0.14,995.6
0.02574,0.16,979.8
0.02574,0.18,972.0
0.00198,0.32,834.4
0.02574,0.2,993.6
0.02574,0.22,987.0
0.02574,0.24,969.2
0.02574,0.26,997.2
0.02574,0.28,987.2
0.02574,0.3,991.8
0.02574,0.32,978.8
0.02574,0.34,975.4
0.02574,0.36,986.6
0.02574,0.38,976.2
0.00198,0.34,830.8
0.02574,0.4,980.2
0.02574,0.42,990.4
0.02574,0.44,990.4
0.02574,0.46,976.4
0.02574,0.48,983.4
0.02574,0.5,989.4
0.02574,0.52,992.8
0.02574,0.54,985.0
0.02574,0.56,984.4
0.02574,0.58,992.2
0.00198,0.36,821.8
0.02574,0.6,979.4
0.02574,0.62,976.2
0.02574,0.64,960.2
0.02574,0.66,968.6
0.02574,0.68,973.8
0.02574,0.7000000000000001,974.2
0.02574,0.72,983.4
0.02574,0.74,986.4
0.02574,0.76,976.6
0.02574,0.78,982.8
0.00198,0.38,833.0
0.02574,0.8,959.8
0.02574,0.8200000000000001,989.0
0.02574,0.84,972.6
0.02574,0.86,1004.2
0.02574,0.88,982.0
0.02574,0.9,981.0
0.02574,0.92,969.6
0.02574,0.9400000000000001,988.2
0.02574,0.96,983.6
0.02574,0.98,965.4
0.0,0.14,0.0
0.00198,0.4,827.0
0.02772,0.0,986.8
0.02772,0.02,991.2
0.02772,0.04,992.8
0.02772,0.06,981.6
0.02772,0.08,980.2
0.02772,0.1,980.8
0.02772,0.12,988.0
0.02772,0.14,976.8
0.02772,0.16,976.2
0.02772,0.18,993.6
0.00198,0.42,851.6
0.02772,0.2,975.8
0.02772,0.22,969.4
0.02772,0.24,991.2
0.02772,0.26,968.0
0.02772,0.28,988.0
0.02772,0.3,988.6
0.02772,0.32,985.0
0.02772,0.34,999.8
0.02772,0.36,974.6
0.02772,0.38,986.6
0.00198,0.44,825.4
0.02772,0.4,976.6
0.02772,0.42,980.0
0.02772,0.44,980.4
0.02772,0.46,962.8
0.02772,0.48,982.2
0.02772,0.5,979.8
0.02772,0.52,976.6
0.02772,0.54,969.8
0.02772,0.56,988.6
0.02772,0.58,973.8
0.00198,0.46,834.2
0.02772,0.6,979.2
0.02772,0.62,973.0
0.02772,0.64,980.8
0.02772,0.66,989.6
0.02772,0.68,974.8
0.02772,0.7000000000000001,968.2
0.02772,0.72,990.0
0.02772,0.74,976.0
0.02772,0.76,986.4
0.02772,0.78,979.2
0.00198,0.48,832.6
0.02772,0.8,983.4
0.02772,0.8200000000000001,987.4
0.02772,0.84,985.0
0.02772,0.86,987.4
0.02772,0.88,967.6
0.02772,0.9,967.2
0.02772,0.92,978.2
0.02772,0.9400000000000001,975.8
0.02772,0.96,986.2
0.02772,0.98,976.0
0.00198,0.5,841.6
0.0297,0.0,973.0
0.0297,0.02,979.8
0.0297,0.04,983.8
0.0297,0.06,985.4
0.0297,0.08,994.4
0.0297,0.1,991.8
0.0297,0.12,967.8
0.0297,0.14,982.6
0.0297,0.16,992.4
0.0297,0.18,986.4
0.00198,0.52,818.6
0.0297,0.2,989.2
0.0297,0.22,997.4
0.0297,0.24,973.4
0.0297,0.26,998.0
0.0297,0.28,965.6
0.0297,0.3,985.8
0.0297,0.32,974.2
0.0297,0.34,996.6
0.0297,0.36,966.2
0.0297,0.38,978.2
0.00198,0.54,824.8
0.0297,0.4,982.8
0.0297,0.42,983.2
0.0297,0.44,987.8
0.0297,0.46,997.0
0.0297,0.48,979.2
0.0297,0.5,1004.4
0.0297,0.52,971.2
0.0297,0.54,972.4
0.0297,0.56,981.6
0.0297,0.58,989.6
0.00198,0.56,841.6
0.0297,0.6,980.0
0.0297,0.62,980.6
0.0297,0.64,981.4
0.0297,0.66,981.8
0.0297,0.68,977.6
0.0297,0.7000000000000001,983.2
0.0297,0.72,995.8
0.0297,0.74,988.8
0.0297,0.76,976.8
0.0297,0.78,985.4
0.00198,0.58,831.4
0.0297,0.8,972.8
0.0297,0.8200000000000001,983.4
0.0297,0.84,985.4
0.0297,0.86,979.6
0.0297,0.88,979.4
0.0297,0.9,978.6
0.0297,0.92,993.2
0.0297,0.9400000000000001,980.0
0.0297,0.96,983.4
0.0297,0.98,985.6
0.0,0.16,0.0
0.00198,0.6,838.4
0.03168,0.0,990.6
0.03168,0.02,999.6
0.03168,0.04,975.2
0.03168,0.06,989.2
0.03168,0.08,985.6
0.03168,0.1,1008.8
0.03168,0.12,966.6
0.03168,0.14,988.6
0.03168,0.16,976.2
0.03168,0.18,983.0
0.00198,0.62,849.2
0.03168,0.2,1001.6
0.03168,0.22,985.4
0.03168,0.24,996.8
0.03168,0.26,987.2
0.03168,0.28,995.8
0.03168,0.3,981.6
0.03168,0.32,987.8
0.03168,0.34,993.4
0.03168,0.36,986.0
0.03168,0.38,980.6
0.00198,0.64,832.2
0.03168,0.4,969.8
0.03168,0.42,979.4
0.03168,0.44,978.0
0.03168,0.46,984.2
0.03168,0.48,990.2
0.03168,0.5,968.4
0.03168,0.52,979.6
0.03168,0.54,986.6
0.03168,0.56,979.4
0.03168,0.58,1010.0
0.00198,0.66,827.6
0.03168,0.6,991.4
0.03168,0.62,986.4
0.03168,0.64,984.0
0.03168,0.66,980.8
0.03168,0.68,991.6
0.03168,0.7000000000000001,984.0
0.03168,0.72,978.8
0.03168,0.74,989.8
0.03168,0.76,984.2
0.03168,0.78,980.0
0.00198,0.68,813.4
0.03168,0.8,1007.8
0.03168,0.8200000000000001,969.8
0.03168,0.84,999.8
0.03168,0.86,1002.0
0.03168,0.88,985.8
0.03168,0.9,991.0
0.03168,0.92,992.4
0.03168,0.9400000000000001,978.4
0.03168,0.96,992.0
0.03168,0.98,974.0
0.00198,0.7000000000000001,832.4
0.03366,0.0,990.6
0.03366,0.02,995.2
0.03366,0.04,986.2
0.03366,0.06,976.2
0.03366,0.08,993.0
0.03366,0.1,983.2
0.03366,0.12,984.4
0.03366,0.14,974.2
0.03366,0.16,997.0
0.03366,0.18,996.2
0.00198,0.72,814.2
0.03366,0.2,982.2
0.03366,0.22,1018.0
0.03366,0.24,993.2
0.03366,0.26,994.6
0.03366,0.28,996.4
0.03366,0.3,984.2
0.03366,0.32,980.2
0.03366,0.34,976.0
0.03366,0.36,989.8
0.03366,0.38,1001.6
0.00198,0.74,830.0
0.03366,0.4,987.0
0.03366,0.42,972.6
0.03366,0.44,982.0
0.03366,0.46,985.8
0.03366,0.48,986.8
0.03366,0.5,985.4
0.03366,0.52,972.8
0.03366,0.54,1002.6
0.03366,0.56,986.8
0.03366,0.58,995.6
0.00198,0.76,832.8
0.03366,0.6,997.4
0.03366,0.62,998.8
0.03366,0.64,972.2
0.03366,0.66,990.2
0.03366,0.68,991.2
0.03366,0.7000000000000001,975.6
0.03366,0.72,974.4
0.03366,0.74,974.0
0.03366,0.76,981.6
0.03366,0.78,993.0
0.00198,0.78,808.2
0.03366,0.8,995.0
0.03366,0.8200000000000001,980.6
0.03366,0.84,980.6
0.03366,0.86,971.6
0.03366,0.88,989.6
0.03366,0.9,994.2
0.03366,0.92,960.6
0.03366,0.9400000000000001,990.6
0.03366,0.96,986.6
0.03366,0.98,971.0
0.0,0.18,0.0
0.00198,0.8,814.0
0.03564,0.0,973.8
0.03564,0.02,965.2
0.03564,0.04,992.0
0.03564,0.06,979.0
0.03564,0.08,991.8
0.03564,0.1,994.2
0.03564,0.12,982.4
0.03564,0.14,985.2
0.03564,0.16,982.4
0.03564,0.18,987.2
0.00198,0.8200000000000001,821.2
0.03564,0.2,984.2
0.03564,0.22,992.2
0.03564,0.24,975.6
0.03564,0.26,990.6
0.03564,0.28,971.8
0.03564,0.3,986.8
0.03564,0.32,967.8
0.03564,0.34,996.6
0.03564,0.36,990.2
0.03564,0.38,989.2
0.00198,0.84,822.2
0.03564,0.4,987.8
0.03564,0.42,972.0
0.03564,0.44,984.4
0.03564,0.46,989.8
0.03564,0.48,997.0
0.03564,0.5,975.6
0.03564,0.52,973.8
0.03564,0.54,972.4
0.03564,0.56,984.8
0.03564,0.58,985.6
0.00198,0.86,818.4
0.03564,0.6,987.2
0.03564,0.62,979.0
0.03564,0.64,966.2
0.03564,0.66,981.2
0.03564,0.68,988.4
0.03564,0.7000000000000001,977.6
0.03564,0.72,987.6
0.03564,0.74,982.2
0.03564,0.76,990.0
0.03564,0.78,988.6
0.00198,0.88,811.6
0.03564,0.8,993.8
0.03564,0.8200000000000001,992.2
0.03564,0.84,990.0
0.03564,0.86,979.8
0.03564,0.88,980.8
0.03564,0.9,1002.6
0.03564,0.92,986.8
0.03564,0.9400000000000001,976.6
0.03564,0.96,986.8
0.03564,0.98,981.0
0.00198,0.9,837.0
0.03762,0.0,1009.0
0.03762,0.02,1011.2
0.03762,0.04,978.8
0.03762,0.06,976.0
0.03762,0.08,985.2
0.03762,0.1,988.6
0.03762,0.12,966.2
0.03762,0.14,979.4
0.03762,0.16,986.2
0.03762,0.18,973.0
0.00198,0.92,840.4
0.03762,0.2,981.2
0.03762,0.22,973.6
0.03762,0.24,991.8
0.03762,0.26,997.6
0.03762,0.28,975.8
0.03762,0.3,995.8
0.03762,0.32,986.8
0.03762,0.34,988.0
0.03762,0.36,994.4
0.03762,0.38,966.4
0.00198,0.9400000000000001,819.0
0.03762,0.4,973.4
0.03762,0.42,988.2
0.03762,0.44,987.8
0.03762,0.46,968.2
0.03762,0.48,983.6
0.03762,0.5,987.4
0.03762,0.52,977.0
0.03762,0.54,988.4
0.03762,0.56,989.6
0.03762,0.58,982.8
0.00198,0.96,802.2
0.03762,0.6,1002.2
0.03762,0.62,995.2
0.03762,0.64,1002.0
0.03762,0.66,996.2
0.03762,0.68,999.6
0.03762,0.7000000000000001,982.6
0.03762,0.72,983.4
0.03762,0.74,981.4
0.03762,0.76,977.4
0.03762,0.78,985.0
0.00198,0.98,804.0
0.03762,0.8,975.2
0.03762,0.8200000000000001,988.2
0.03762,0.84,989.4
0.03762,0.86,992.0
0.03762,0.88,984.2
0.03762,0.9,990.8
0.03762,0.92,981.6
0.03762,0.9400000000000001,987.4
0.03762,0.96,989.8
0.03762,0.98,1014.0
