7.967666666999999734e+02,1.820233332999999902e+03,4.421000000000000227e+02,4.431278046000003815e+04,1.901616207000007853e+04,4.318941379000003508e+03
9.001333333000000493e+03,6.036666667000000075e+01,3.933333333000000209e+01,-2.364008160999999382e+05,-1.145670115000000224e+05,4.776583907999999792e+04
6.793199999999999818e+03,5.610000000000000000e+02,2.560666666999999848e+02,-1.952819793000000063e+06,-8.970771171999999788e+05,2.654123448000000208e+05
7.752733332999999220e+03,3.969666667000000189e+02,1.284333332999999868e+02,-1.983955629999999888e+06,-5.787421217999999644e+05,1.913017045999999973e+05
4.179633332999999766e+03,1.494166666999999961e+03,3.698999999999999773e+02,-2.286609729999999981e+06,-5.167991413999999641e+05,1.916393966000000073e+05
6.507666666999999734e+02,1.950533333000000084e+03,3.340000000000000000e+02,6.524871493999985978e+04,1.169475861999997869e+04,4.983793102999996336e+03
9.561333333000000493e+03,0.000000000000000000e+00,1.109999999999999787e+01,0.000000000000000000e+00,-2.232931033999891952e+03,0.000000000000000000e+00
9.704266666999999870e+03,1.000000000000000056e-01,9.533333332999999854e+00,-1.305793102998286486e+02,-1.906078161000041291e+03,2.841379309997137170e+00
7.243699999999999818e+03,2.481666667000000075e+02,8.879999999999999716e+01,-1.638254121000000043e+06,-3.487624414000000106e+05,7.431586207000000286e+04
1.020516667000000052e+04,0.000000000000000000e+00,5.833333332999999676e+00,0.000000000000000000e+00,-7.331609195005148649e+01,0.000000000000000000e+00
1.039656667000000016e+04,0.000000000000000000e+00,5.866666666999999613e+00,0.000000000000000000e+00,-9.543908045999705791e+01,0.000000000000000000e+00
1.925166666999999961e+03,2.019099999999999682e+03,3.868999999999999773e+02,-4.381304309999998659e+05,-2.138170690000010654e+04,2.564270000000000437e+04
2.000866667000000007e+03,1.157866667000000007e+03,8.047666666999999734e+02,2.388829194999998435e+04,2.781105747000081465e+03,4.507519540000008419e+03
4.512766666999999870e+03,1.472900000000000091e+03,3.675666666999999848e+02,-2.228455438000000082e+06,-4.845448286999999546e+05,2.096285068999999785e+05
1.043189999999999964e+04,0.000000000000000000e+00,4.666666667000000324e+00,0.000000000000000000e+00,-3.758620689995586872e+01,0.000000000000000000e+00
2.538300000000000182e+03,1.835000000000000000e+03,4.693333332999999357e+02,-1.164243033999999985e+06,-2.313605171999998856e+05,8.155365517000001273e+04
7.358699999999999818e+03,5.626666666999999507e+02,1.740000000000000000e+02,-2.094969172000000020e+06,-5.963537585999999428e+05,2.204846206999999704e+05
7.584533333000000312e+03,3.423333332999999925e+02,1.670000000000000000e+02,-1.358304148999999976e+06,-6.032010000000000000e+05,2.087102759000000078e+05
1.201066667000000052e+03,2.158533332999999857e+03,3.523333332999999925e+02,2.653751494000013918e+04,2.078763217999995686e+04,7.436781609001627658e+00
2.637666666999999734e+02,1.310966666999999916e+03,3.411666667000000075e+02,1.139326782000018284e+04,5.849488506000023335e+03,3.878074713000001793e+03
5.757800000000000182e+03,9.476333333000000039e+02,3.731666667000000075e+02,-2.194526455000000075e+06,-8.396102414000000572e+05,2.923784079999999958e+05
2.760733333000000130e+03,1.575299999999999727e+03,5.302666666999999734e+02,-1.421368297000000020e+06,-4.562479609000000637e+05,1.301339171999999962e+05
1.009250000000000000e+04,0.000000000000000000e+00,6.933333333000000209e+00,0.000000000000000000e+00,-1.422068966000806540e+02,0.000000000000000000e+00
2.079433332999999948e+03,1.898166666999999961e+03,4.903000000000000114e+02,-4.246771781999999657e+05,-9.056982413999992423e+04,2.708846552000000520e+04
1.488900000000000318e+03,1.961233332999999902e+03,4.911333332999999470e+02,2.135374827999994159e+04,1.134422069000010379e+04,9.896574713000009069e+02
9.773366667000000234e+03,0.000000000000000000e+00,8.400000000000000355e+00,0.000000000000000000e+00,-9.134275861999485642e+02,0.000000000000000000e+00
9.361100000000000364e+03,0.000000000000000000e+00,9.633333332999999499e+00,0.000000000000000000e+00,-1.667341379000106826e+03,0.000000000000000000e+00
9.951433333000000857e+03,0.000000000000000000e+00,7.066666666999999791e+00,0.000000000000000000e+00,-4.169609195000957698e+02,0.000000000000000000e+00
9.128600000000000364e+03,3.633333332999999943e+00,1.726666666999999933e+01,-9.729565516999922693e+03,-2.204506206999998540e+04,8.446873562999971909e+02
3.027066667000000052e+03,1.930366667000000007e+03,3.911666667000000075e+02,-1.180497887000000104e+06,-2.195335977000000421e+05,8.186076436999998987e+04
1.012446666999999979e+04,0.000000000000000000e+00,6.433333333000000209e+00,0.000000000000000000e+00,-3.990712643999140710e+02,0.000000000000000000e+00
8.712433333000000857e+03,5.333333329999999650e-01,1.419999999999999929e+01,-6.258942529000341892e+02,-4.689606896999990568e+03,1.651034482999966713e+01
8.176300000000000182e+03,3.129666667000000189e+02,9.670000000000000284e+01,-1.457410058999999659e+06,-4.018700792999999830e+05,1.405509897000000055e+05
1.017766666999999984e+03,1.033000000000000000e+03,7.071000000000000227e+02,5.747458620999986306e+04,2.033154138000006787e+04,7.492172413999993296e+03
1.473333333000000039e+03,1.314099999999999909e+03,7.542666666999999734e+02,5.230217241000011563e+04,2.702135632000002079e+04,6.243903448000004573e+03
6.847600000000000364e+03,8.988333333000000493e+02,2.394666666999999904e+02,-2.165934516999999993e+06,-5.384354276000000536e+05,2.664115631999999750e+05
6.025000000000000000e+02,1.961799999999999955e+03,3.163999999999999773e+02,5.444789655000017956e+04,1.243058621000009589e+04,8.648806897000009485e+03
1.039436666999999943e+04,0.000000000000000000e+00,5.966666667000000146e+00,0.000000000000000000e+00,-1.131597700999118388e+02,0.000000000000000000e+00
9.166733333000000130e+03,9.333333329999999872e-01,1.486666667000000075e+01,-1.290639080000109971e+03,-4.388554022999946028e+03,5.805977010999777121e+01
5.626666666999999507e+02,1.981466666999999916e+03,2.844666667000000189e+02,8.478195402000099421e+03,8.435816092000110075e+03,-7.497080459999997402e+02
3.406399999999999636e+03,1.643599999999999909e+03,4.068999999999999773e+02,-2.206008282999999821e+06,-4.837201655000000028e+05,1.563131310000000231e+05
1.026893332999999984e+04,0.000000000000000000e+00,5.766666666999999968e+00,0.000000000000000000e+00,-3.498436781999189407e+02,0.000000000000000000e+00
3.245200000000000273e+03,1.860933332999999948e+03,4.876333333000000039e+02,-6.404849517000000924e+05,-1.611528207000000402e+05,4.989942298999998457e+04
3.604699999999999818e+03,1.445700000000000045e+03,5.036333333000000039e+02,-1.821533368999999948e+06,-6.107462517000000225e+05,1.812531966000000248e+05
2.697133333000000221e+03,1.209733332999999902e+03,6.251666666999999507e+02,-1.354652722000000067e+06,-6.318801609000000171e+05,1.540798391000000120e+05
9.576000000000000227e+02,1.252599999999999909e+03,6.300333332999999811e+02,4.908621378999995068e+04,2.756191033999994397e+04,-1.893712413999999626e+04
9.006933333000000857e+03,4.233333333000000032e+00,1.926666666999999933e+01,-6.732397700999863446e+03,-1.480211954000010155e+04,7.172459769999986747e+02
2.968400000000000091e+03,1.448233332999999902e+03,7.617333333000000266e+02,-1.909305792999998666e+05,-1.466211310000000522e+05,3.820758161000000109e+04
4.027133333000000221e+03,1.558666666999999961e+03,5.195666667000000416e+02,-1.425969470999999670e+06,-4.609757678000000305e+05,1.552973333000000275e+05
5.048600000000000364e+03,9.717999999999999545e+02,4.121999999999999886e+02,-2.219815151999999769e+06,-9.093862966000000015e+05,2.950841103000000003e+05
4.007199999999999818e+03,1.402333333000000039e+03,4.729333332999999584e+02,-1.974967897000000114e+06,-6.700905723999999464e+05,1.987521264000000083e+05
8.958933333000000857e+03,6.650000000000000000e+01,2.980000000000000071e+01,-2.247367241000002250e+05,-6.445356551999994554e+04,3.701720689999999740e+04
5.041933332999999948e+03,1.252000000000000000e+03,3.159666667000000189e+02,-3.070080552000000142e+06,-7.311878989000000292e+05,2.559101723999999813e+05
1.013956667000000016e+04,0.000000000000000000e+00,6.133333333000000387e+00,0.000000000000000000e+00,-2.419057471000123769e+02,0.000000000000000000e+00
9.166899999999999636e+03,7.116666666999999791e+01,2.896666666999999862e+01,-3.338867069000001065e+05,-9.284803793000010774e+04,4.113697125999999844e+04
1.026460000000000036e+04,0.000000000000000000e+00,7.233333333000000032e+00,0.000000000000000000e+00,-3.039034482999704778e+02,0.000000000000000000e+00
1.569333333000000039e+03,2.078400000000000091e+03,4.232333333000000266e+02,5.126637931000022218e+04,3.773481609000009485e+04,1.795241378999999142e+02
1.042379999999999927e+04,0.000000000000000000e+00,5.000000000000000000e+00,0.000000000000000000e+00,-3.962068966007791460e+01,0.000000000000000000e+00
1.193866667000000007e+03,1.021266666999999870e+03,6.837000000000000455e+02,1.582310575000010431e+04,2.939140690000005998e+04,1.287518620999999257e+04
9.992633332999999766e+03,0.000000000000000000e+00,7.000000000000000000e+00,0.000000000000000000e+00,-4.808965517000760883e+02,0.000000000000000000e+00
5.955866667000000234e+03,9.239333332999999584e+02,3.421999999999999886e+02,-2.275525905999999959e+06,-8.003579033999999519e+05,2.952084275999999954e+05
8.182033333000000312e+03,2.865000000000000000e+02,1.039333333000000010e+02,-1.391818776000000071e+06,-4.338162735999998404e+05,1.461002759000000078e+05
9.079899999999999636e+03,0.000000000000000000e+00,9.599999999999999645e+00,0.000000000000000000e+00,-1.652317241000011563e+03,0.000000000000000000e+00
8.824799999999999272e+03,1.075000000000000000e+02,6.223333332999999357e+01,-5.333015516999997199e+05,-2.600838828000000212e+05,7.994998275999998441e+04
9.904500000000000000e+03,0.000000000000000000e+00,7.033333332999999854e+00,0.000000000000000000e+00,-6.230862068999558687e+02,0.000000000000000000e+00
3.245933332999999948e+03,7.772666666999999734e+02,7.160333332999999811e+02,-8.045781195000000298e+05,-7.250732046000000555e+05,1.477765769999999902e+05
9.183433333000000857e+03,3.166666667000000146e+01,2.710000000000000142e+01,-8.299009194999979809e+04,-3.642073448000010103e+04,1.125020689999999740e+04
9.568033332999999402e+03,0.000000000000000000e+00,9.199999999999999289e+00,0.000000000000000000e+00,-2.142041379000060260e+03,0.000000000000000000e+00
1.029620000000000073e+04,0.000000000000000000e+00,5.500000000000000000e+00,0.000000000000000000e+00,-4.189655172009952366e+01,0.000000000000000000e+00
1.078400000000000091e+03,2.103000000000000000e+03,3.235333332999999811e+02,4.170934482999984175e+04,1.658467586000007577e+04,-4.457310344999998051e+03
9.960299999999999272e+03,0.000000000000000000e+00,7.066666666999999791e+00,0.000000000000000000e+00,-3.289517240999266505e+02,0.000000000000000000e+00
1.523533333000000084e+03,1.700333333000000039e+03,6.243666666999999961e+02,3.756829884999990463e+04,2.028283217999991030e+04,8.973908045999996830e+02
5.314333332999999584e+03,4.505000000000000000e+02,4.894333333000000152e+02,-1.218547654999999795e+06,-1.289103321999999927e+06,2.027589482999999891e+05
7.102233333000000130e+03,6.054666667000000189e+02,2.374999999999999716e+02,-2.042746182000000030e+06,-7.085681552000000374e+05,2.719026551999999792e+05
5.089433332999999948e+03,9.934666667000000189e+02,3.950666666999999848e+02,-2.513465243999999948e+06,-9.616433057000000263e+05,2.969174160999999731e+05
5.705033333000000312e+03,4.500333332999999811e+02,4.282999999999999545e+02,-1.240507863000000129e+06,-1.216029976000000024e+06,1.881338171999999904e+05
9.935833333000000493e+03,0.000000000000000000e+00,8.533333332999999854e+00,0.000000000000000000e+00,-5.225977010999340564e+02,0.000000000000000000e+00
1.020929999999999927e+04,0.000000000000000000e+00,7.133333333000000387e+00,0.000000000000000000e+00,-4.510758621001150459e+02,0.000000000000000000e+00
1.029366667000000052e+04,0.000000000000000000e+00,5.599999999999999645e+00,0.000000000000000000e+00,-3.031034482992254198e+01,0.000000000000000000e+00
1.632200000000000045e+03,1.084133332999999993e+03,7.443333333000000493e+02,6.182331723999977112e+04,3.454503447999991477e+04,1.618560919999999169e+04
1.643033333000000084e+03,2.133866666999999779e+03,3.865333332999999811e+02,7.255955631999997422e+04,1.859925747000006959e+04,2.749011494000005769e+02
1.033673332999999911e+04,0.000000000000000000e+00,5.666666667000000324e+00,0.000000000000000000e+00,8.666666666977107525e+00,0.000000000000000000e+00
4.206333333000000039e+02,1.669433332999999948e+03,3.337333333000000266e+02,3.686640574999991804e+04,7.159002299000043422e+03,-1.523294253000000026e+03
2.169633333000000221e+03,9.988999999999999773e+02,7.987999999999999545e+02,-5.172234828000003472e+04,-8.769786896999995224e+04,4.562942758999999933e+04
4.174033333000000312e+03,1.188366667000000234e+03,4.921000000000000227e+02,-2.242813668000000063e+06,-9.249511759000000311e+05,2.454022379000000074e+05
7.229300000000000182e+03,6.463333333000000493e+02,1.761333333000000039e+02,-2.188975723999999929e+06,-5.471770069000000367e+05,2.240220920000000042e+05
9.784500000000000000e+03,0.000000000000000000e+00,8.599999999999999645e+00,0.000000000000000000e+00,-8.681379309999756515e+02,0.000000000000000000e+00
1.028660000000000036e+04,0.000000000000000000e+00,6.033333332999999854e+00,0.000000000000000000e+00,-2.583655171999707818e+02,0.000000000000000000e+00
6.383033333000000312e+03,7.534333332999998447e+02,3.256000000000000227e+02,-2.140083498000000138e+06,-8.910465034000000451e+05,3.102209379000000190e+05
5.273133332999999766e+03,1.081700000000000045e+03,4.183666666999999961e+02,-2.255646097000000067e+06,-8.353613264000000199e+05,2.903609759000000195e+05
1.184533333000000084e+03,1.235299999999999955e+03,7.062000000000000455e+02,1.218515586000001058e+05,1.020223448000010103e+04,-3.017165517000001273e+03
1.020279999999999927e+04,0.000000000000000000e+00,5.466666667000000146e+00,0.000000000000000000e+00,-5.834482759004458785e+00,0.000000000000000000e+00
9.439333333000000493e+03,0.000000000000000000e+00,8.766666667000000857e+00,0.000000000000000000e+00,-2.164195402000099421e+03,0.000000000000000000e+00
8.810700000000000728e+03,2.213333332999999925e+01,4.650000000000000000e+01,-1.434357861999999732e+05,-2.389927759000000078e+05,2.410693102999999974e+04
1.385233332999999902e+03,1.817166666999999961e+03,5.512333333000000266e+02,5.094561493999976665e+04,6.050471264000516385e+02,3.166494252999982564e+02
6.682733333000000130e+03,3.786000000000000227e+02,3.495000000000000000e+02,-1.130090316999999806e+06,-1.009207138000000035e+06,2.239973447999999626e+05
9.823000000000000000e+03,0.000000000000000000e+00,8.133333332999999499e+00,0.000000000000000000e+00,-6.743103447998873889e+02,0.000000000000000000e+00
4.810666667000000416e+02,1.953799999999999955e+03,3.029666667000000189e+02,4.365997930999984965e+04,2.456519540000008419e+03,1.636234482999992906e+03
9.791533332999999402e+03,0.000000000000000000e+00,7.099999999999999645e+00,0.000000000000000000e+00,-7.529862069000955671e+02,0.000000000000000000e+00
8.900399999999999636e+03,2.999999999999999889e-01,1.536666667000000075e+01,-8.895724137998186052e+02,-1.351884138000011444e+04,3.464482758999656653e+01
8.668799999999999272e+03,3.103333333000000138e+01,2.976666666999999933e+01,-8.312195862000016496e+04,-5.114556551999994554e+04,7.862732183999993140e+03
9.564500000000000000e+03,0.000000000000000000e+00,8.038461537999999962e+00,0.000000000000000000e+00,-1.285580000000074506e+03,0.000000000000000000e+00
4.889666667000000189e+02,1.052066667000000052e+03,4.932666666999999165e+02,5.562662299000006169e+04,1.501452643999992870e+04,1.588160229999999137e+04
2.378199999999999818e+03,1.842299999999999955e+03,4.103999999999999773e+02,-1.248102199999999953e+06,-2.545717033999999985e+05,7.575425516999998945e+04
2.422566667000000052e+03,1.326266667000000098e+03,7.730333332999999811e+02,-2.684755356000000611e+05,-1.797010540000000037e+05,2.337692184000000270e+04
9.167766666999999870e+03,6.773333332999999357e+01,2.766666667000000146e+01,-2.786144092000001110e+05,-6.434273563000001013e+04,3.058204598000000260e+04
8.732366667000000234e+03,1.409999999999999964e+01,2.786666667000000075e+01,-3.648738275999994949e+04,-3.887625976999988779e+04,5.633393103000002156e+03
3.768899999999999636e+03,1.388733332999999902e+03,3.641000000000000227e+02,-2.676617200000000186e+06,-6.318987482999999775e+05,2.121972690000000002e+05
3.043599999999999909e+03,1.418266667000000098e+03,7.405666667000000416e+02,-2.208670621000002138e+05,-1.974299724000000861e+05,3.467691264000000228e+04
3.882633333000000221e+03,1.329466666999999916e+03,5.262666666999999734e+02,-2.000728651000000071e+06,-7.464519333000000333e+05,1.993882851000000082e+05
9.958066666999999143e+03,0.000000000000000000e+00,6.599999999999999645e+00,0.000000000000000000e+00,-4.998000000000465661e+02,0.000000000000000000e+00
1.008443332999999984e+04,0.000000000000000000e+00,6.200000000000000178e+00,0.000000000000000000e+00,-2.398482758998870850e+02,0.000000000000000000e+00
1.736400000000000091e+03,1.316099999999999909e+03,7.722666666999999734e+02,5.943395862000016496e+04,1.478068275999999605e+04,4.169903447999997297e+03
9.748399999999999636e+03,0.000000000000000000e+00,7.666666667000000324e+00,0.000000000000000000e+00,-7.107586207001004368e+02,0.000000000000000000e+00
9.211566666999999143e+03,2.969999999999999929e+01,4.133333333000000209e+01,-1.472782033999999985e+05,-1.541645746999999974e+05,2.736496552000000520e+04
8.101100000000000364e+03,3.011333333000000039e+02,1.209333332999999868e+02,-1.180736945000000298e+06,-4.281245792999999830e+05,1.656154574999999895e+05
3.548999999999999773e+02,1.834566667000000052e+03,2.541666667000000075e+02,3.531116207000007853e+04,1.272039654999994673e+04,6.015695401999997557e+03
9.768633332999999766e+03,0.000000000000000000e+00,8.066666666999999791e+00,0.000000000000000000e+00,-9.586298851000610739e+02,0.000000000000000000e+00
8.207333333000001403e+02,1.838400000000000091e+03,4.032333333000000266e+02,2.391466207000007853e+04,2.608109884999995120e+04,-4.752337931000001845e+03
1.043986666999999943e+04,0.000000000000000000e+00,5.933333333000000209e+00,0.000000000000000000e+00,-6.249195401999168098e+01,0.000000000000000000e+00
3.245399999999999636e+03,1.658666666999999961e+03,3.966333333000000039e+02,-2.196736103000000119e+06,-4.806923655000000726e+05,1.598064598000000115e+05
6.487833332999998674e+03,9.610666667000000416e+02,2.517666667000000018e+02,-2.648049643999999855e+06,-6.451231091999999480e+05,2.557727056999999913e+05
6.492699999999999818e+03,6.488999999999999773e+02,2.615000000000000000e+02,-2.263945583000000101e+06,-8.599519137999999803e+05,2.845541207000000286e+05
5.898666666999999961e+02,2.046500000000000000e+03,2.440666667000000132e+02,3.741644828000012785e+04,1.275457471000030637e+03,3.945172413999971468e+02
1.232799999999999955e+03,2.137199999999999818e+03,3.518666666999999961e+02,2.990811034000013024e+04,1.249814482999988832e+04,1.023337931000001845e+03
5.700233333000000130e+03,6.720666667000000416e+02,4.744666667000000757e+02,-1.488154982000000076e+06,-1.058522526000000071e+06,2.490729677999999840e+05
1.068403333000000021e+04,0.000000000000000000e+00,5.033333332999999854e+00,0.000000000000000000e+00,-7.725287355948239565e+00,0.000000000000000000e+00
9.901033332999999402e+03,0.000000000000000000e+00,6.833333332999999676e+00,0.000000000000000000e+00,-2.991666667000390589e+02,0.000000000000000000e+00
5.887399999999999636e+03,9.771333333000000039e+02,2.477000000000000171e+02,-2.904852779000000097e+06,-6.641821861999999965e+05,2.526601448000000091e+05
5.844333332999999584e+02,1.093266667000000098e+03,4.836000000000000227e+02,4.706843218000000343e+04,2.442935171999991871e+04,1.460824827999999980e+04
1.065300000000000182e+03,1.534766667000000098e+03,6.026333333000000039e+02,6.668148620999976993e+04,1.735083792999992147e+04,4.720394252999998571e+03
1.033366667000000052e+04,0.000000000000000000e+00,5.466666667000000146e+00,0.000000000000000000e+00,-7.452873562998138368e+01,0.000000000000000000e+00
6.808666666999999961e+02,1.182566667000000280e+03,5.786333333000000039e+02,4.132983678000001237e+04,1.326853563000005670e+04,1.638335287000000244e+04
9.833166666999999507e+03,0.000000000000000000e+00,9.633333332999999499e+00,0.000000000000000000e+00,-6.846264367999974638e+02,0.000000000000000000e+00
8.527966667000000598e+03,1.601999999999999886e+02,1.045333332999999953e+02,-5.515090965999998152e+05,-3.019522229999999981e+05,1.072096483000000007e+05
7.297766666999999870e+03,3.335000000000000000e+02,2.434999999999999716e+02,-1.086367672000000253e+06,-7.294940516999999527e+05,2.010985000000000291e+05
1.046200000000000273e+03,2.174966667000000143e+03,3.145666666999999848e+02,2.803700689999992028e+04,1.876033103000000119e+04,2.028260920000000624e+03
3.312366666999999779e+03,4.895333332999999811e+02,6.756666666999999507e+02,-4.454590644000000320e+05,-6.377382184000000125e+05,1.190627011000000057e+05
9.613799999999999272e+03,0.000000000000000000e+00,8.800000000000000711e+00,0.000000000000000000e+00,-2.535586206999141723e+02,0.000000000000000000e+00
9.720899999999999636e+03,5.333333329999999650e-01,1.250000000000000000e+01,-1.333462069000117481e+03,-1.196774138000002131e+04,7.255172414000116987e+01
9.206500000000000000e+03,1.666666669999999906e-01,1.159999999999999964e+01,-3.840517241000197828e+02,-6.895172413999913260e+03,1.127586206999694696e+01
2.163133333000000221e+03,2.166800000000000182e+03,4.084333333000000152e+02,3.083113102999981493e+04,3.082411263999994844e+04,-1.825220690000001923e+03
2.425766666999999870e+03,6.469666667000000189e+02,7.204666667000000189e+02,-2.268926631999998353e+05,-3.447117493999999715e+05,4.394260230000000593e+04
3.996999999999999886e+02,7.495666667000000416e+02,4.531333333000000039e+02,3.261369309999980032e+04,9.566179310000035912e+03,-1.264307815999999366e+04
9.134000000000000000e+03,0.000000000000000000e+00,9.400000000000000355e+00,0.000000000000000000e+00,-2.257206897000083700e+03,0.000000000000000000e+00
1.029176667000000089e+04,0.000000000000000000e+00,6.633333333000000387e+00,0.000000000000000000e+00,-1.020195402000099421e+02,0.000000000000000000e+00
8.893933333000000857e+03,1.121333333000000039e+02,6.426666667000000643e+01,-5.122895770000000484e+05,-2.539451884999999311e+05,8.802582528999997885e+04
8.003900000000000546e+03,4.120666666999999848e+02,1.307999999999999829e+02,-1.573185097000000067e+06,-4.737882620999999344e+05,1.911357379000000074e+05
6.683300000000000182e+03,6.798333333000000493e+02,1.970999999999999943e+02,-2.775887086000000127e+06,-7.431717896999999648e+05,2.505298792999999714e+05
1.436733332999999902e+03,1.905133332999999993e+03,5.105000000000000000e+02,6.673300229999981821e+04,9.114724138000048697e+03,6.286551724000019021e+02
2.751500000000000000e+03,1.870966666999999916e+03,5.520333332999999811e+02,-4.236122585999998264e+05,-1.163540516999999527e+05,3.299958735999999772e+04
9.532100000000000364e+03,6.666666699999999890e-02,8.533333332999999854e+00,-4.621379309985786676e+01,-8.598482758998870850e+02,2.390804599999682978e-01
1.025606667000000016e+04,0.000000000000000000e+00,6.299999999999999822e+00,0.000000000000000000e+00,-4.818137930999509990e+02,0.000000000000000000e+00
1.044470000000000073e+04,0.000000000000000000e+00,5.666666667000000324e+00,0.000000000000000000e+00,-1.390344827999360859e+02,0.000000000000000000e+00
2.154033332999999857e+03,1.616666666999999961e+03,6.160666667000000416e+02,-2.739137126000002027e+05,-5.204414023000001907e+04,2.451495401999999740e+04
1.252000000000000000e+03,8.810666667000000416e+02,7.370000000000000000e+02,1.172026551999999210e+05,4.788472414000006393e+04,2.268579310000000260e+04
5.359199999999999818e+03,5.430333332999999811e+02,5.116999999999999886e+02,-1.288071040999999968e+06,-1.128218455000000075e+06,2.266935965999999898e+05
9.645600000000000364e+03,1.000000000000000056e-01,8.166666666999999435e+00,-1.015103448000736535e+02,-1.287068966000108048e+03,4.310344830009853467e-01
1.534166666999999734e+03,1.416766667000000098e+03,6.903999999999999773e+02,4.768445402000006288e+04,2.850606896999990568e+04,7.846958620999997947e+03
3.721333333000000039e+02,1.676133332999999993e+03,3.046999999999999886e+02,3.660911953999986872e+04,7.563179310000035912e+03,1.224972414000003482e+03
7.035199999999999818e+03,6.818999999999999773e+02,2.050999999999999943e+02,-2.196305254999999888e+06,-6.162062621000000509e+05,2.607245965999999898e+05
7.762166667000000416e+03,3.760333332999999811e+02,1.087000000000000028e+02,-1.386855556999999797e+06,-3.389521896999999881e+05,1.453123207000000111e+05
5.813666666999998824e+02,9.540666667000000416e+02,5.730333332999999811e+02,4.076980230000009760e+04,1.188447011000011116e+04,9.637377010999996855e+03
5.947033333000000312e+03,1.017666666999999961e+03,2.628666666999999961e+02,-2.787069194999999832e+06,-6.553888575000000419e+05,2.518873678000000073e+05
4.659033333000000312e+03,1.190099999999999909e+03,4.560000000000000568e+02,-2.356281106999999844e+06,-9.023851034000000218e+05,2.690747586000000010e+05
9.962500000000000000e+03,0.000000000000000000e+00,5.833333332999999676e+00,0.000000000000000000e+00,-5.639137931000441313e+02,0.000000000000000000e+00
8.678766666999999870e+03,1.330333333000000096e+02,5.550000000000000000e+01,-5.953314402000000700e+05,-1.991102931000001263e+05,8.148108620999997947e+04
9.288733333000000130e+03,0.000000000000000000e+00,9.800000000000000711e+00,0.000000000000000000e+00,-1.638779309999896213e+03,0.000000000000000000e+00
8.978333333000000493e+03,1.280666667000000132e+02,5.723333332999999357e+01,-6.852974368000002578e+05,-2.351882528999999631e+05,8.074705287000001408e+04
2.847600000000000364e+03,1.353466666999999916e+03,7.008666666999999961e+02,-4.661735309999999590e+05,-2.850444000000000233e+05,3.705830575000000681e+04
4.577566667000000052e+03,1.278033333000000084e+03,4.083999999999999773e+02,-2.235842433000000194e+06,-6.851657517000000225e+05,2.241639861999999848e+05
4.018999999999999773e+02,1.604400000000000091e+03,3.766999999999999886e+02,3.706124827999994159e+04,2.602141378999920562e+03,-1.356344828000001144e+02
9.661500000000000000e+03,3.333333299999999971e-02,7.599999999999999645e+00,-2.377586206980049610e+01,-1.678896551999961957e+03,1.172413789972779341e-01
2.205833333000000039e+03,1.516999999999999773e+03,6.508666666999999961e+02,-1.690756896999999881e+05,-6.300785057000000961e+04,4.063803448000000935e+04
1.235733332999999902e+03,2.156199999999999818e+03,3.528666666999999961e+02,2.947157241000002250e+04,3.449066667000064626e+03,7.983724138000034145e+02
1.056656667000000016e+04,0.000000000000000000e+00,4.766666666999999968e+00,0.000000000000000000e+00,-4.486321838991716504e+01,0.000000000000000000e+00
4.619166667000000416e+03,4.628999999999999773e+02,5.564333332999999584e+02,-8.453696033999999054e+05,-1.029345246999999974e+06,1.673369414000000106e+05
6.947333333000000266e+02,5.491333333000000039e+02,5.489333332999999584e+02,9.944174713000189513e+03,3.924643677999265492e+02,3.231767815999999584e+03
1.015613333000000057e+04,0.000000000000000000e+00,6.866666666999999613e+00,0.000000000000000000e+00,-2.922574712999630719e+02,0.000000000000000000e+00
9.110399999999999636e+03,1.033333333000000076e+00,1.669999999999999929e+01,-1.898289654999971390e+03,-1.209425517000001855e+04,1.259068965999977081e+02
5.738999999999999773e+02,8.807999999999999545e+02,5.254333332999999584e+02,2.647073792999982834e+04,2.158056206999998540e+04,1.112926207000001159e+04
9.653999999999999773e+02,1.653933332999999948e+03,5.154666667000000189e+02,3.763716551999980584e+04,1.824953102999995463e+04,-2.841898850999998103e+03
9.034600000000000364e+03,9.379999999999999716e+01,3.989999999999999858e+01,-3.171936689999997616e+05,-1.002095241000000387e+05,4.813397931000000244e+04
9.638633332999999766e+03,3.333333299999999971e-02,8.333333333000000565e+00,-3.457356321997940540e+01,-1.571149424999952316e+03,6.436781610027537681e-01
9.534533332999999402e+03,0.000000000000000000e+00,8.133333332999999499e+00,0.000000000000000000e+00,-7.892459770001005381e+02,0.000000000000000000e+00
7.494866667000000234e+03,5.591000000000000227e+02,1.970000000000000000e+02,-1.661298433999999892e+06,-5.003448965999999782e+05,2.243533792999999714e+05
6.391333333000000039e+02,2.089433332999999948e+03,3.149666667000000189e+02,2.143718160999985412e+04,5.642280460000038147e+03,2.609152873999999429e+03
6.226333332999999584e+03,8.270000000000000000e+02,2.297666667000000302e+02,-2.860841689999999944e+06,-7.130908850999999559e+05,2.539959309999999823e+05
1.073866667000000007e+03,5.433333333000000493e+02,5.947000000000000455e+02,-3.452140230000019073e+04,3.103288966000010259e+04,-1.524344828000000052e+04
1.980766667000000098e+03,2.122133333000000221e+03,4.099333333000000152e+02,-1.615196919999998063e+05,-1.002905056999996305e+04,-2.838183907999991789e+02
4.751733333000000130e+03,9.695666667000000416e+02,4.753999999999999773e+02,-2.494930325999999885e+06,-1.171379165999999968e+06,3.068501103000000003e+05
5.016233333000000130e+03,4.720000000000000000e+02,4.701333333000000039e+02,-1.188547378999999724e+06,-1.138901101000000024e+06,1.854061033999999927e+05
2.935000000000000000e+02,1.690866667000000007e+03,2.756333333000000039e+02,5.219175861999997869e+04,1.215436207000003196e+04,1.150739770000000135e+04
7.655266666999999870e+03,3.440000000000000000e+02,1.687666667000000018e+02,-1.595871759000000078e+06,-7.360077976999999955e+05,2.195942759000000078e+05
3.264233333000000584e+03,1.793233332999999902e+03,4.068666666999999961e+02,-1.631063263000000035e+06,-3.600418988999999128e+05,1.103134805000000051e+05
1.973366667000000007e+03,1.957366667000000007e+03,4.072666666999999734e+02,-8.050187598000001162e+05,-1.349650667000000831e+05,5.185779540000000998e+04
4.049766667000000325e+03,1.571166666999999734e+03,5.224666667000000189e+02,-1.386444338999999920e+06,-4.616802667000000365e+05,1.524034713000000047e+05
1.109866667000000007e+03,1.201799999999999955e+03,6.421333333000000039e+02,3.217824827999994159e+04,1.986870805000001565e+04,-4.391110345000000962e+03
9.953600000000000364e+03,0.000000000000000000e+00,5.866666666999999613e+00,0.000000000000000000e+00,-1.496068965999875218e+02,0.000000000000000000e+00
4.632266666999999870e+03,1.390233332999999902e+03,3.463000000000000114e+02,-2.851380029999999795e+06,-6.782412552000000142e+05,2.371854102999999886e+05
9.495966667000000598e+03,2.999999999999999889e-01,1.003333332999999961e+01,-3.866793102999217808e+02,-2.270688505999976769e+03,1.116206896999938181e+01
9.809933333000000857e+03,0.000000000000000000e+00,7.933333333000000209e+00,0.000000000000000000e+00,-4.015908045999240130e+02,0.000000000000000000e+00
5.161333333000000039e+02,1.793833333000000039e+03,3.573333332999999925e+02,4.100098851000005379e+04,9.233643677999963984e+03,3.871816092000000936e+03
6.948666666999999961e+02,2.117466667000000143e+03,2.478333332999999925e+02,1.980844368000002578e+04,5.428045977000147104e+02,1.071597700999998779e+03
9.743333333000000493e+02,1.106433332999999948e+03,6.685000000000000000e+02,5.249409194999979809e+04,1.907175861999997869e+04,7.736775862000002235e+03
4.387033333000000312e+03,7.751333333000000039e+02,6.215666667000000416e+02,-1.086398384000000078e+06,-9.434468125999999465e+05,2.005463701000000001e+05
2.046500000000000000e+03,7.837666666999999734e+02,7.040666667000000416e+02,-3.279890861999997869e+05,-2.551854138000000967e+05,3.381822299000000203e+04
2.595699999999999818e+03,1.976000000000000000e+03,4.319666667000000757e+02,-8.944513448000000790e+05,-1.500095620999999810e+05,5.390720689999999740e+04
5.570333332999999811e+02,1.935799999999999955e+03,2.801666667000000075e+02,6.954086897000018507e+04,1.262330459999991581e+04,6.900931034000001091e+03
8.834633332999999766e+03,1.932666667000000018e+02,7.486666667000000075e+01,-8.759846919999998063e+05,-2.950167746999999508e+05,1.186727263999999850e+05
7.906600000000000364e+03,1.792666667000000018e+02,4.806666666999999649e+01,-1.440920889999999898e+06,-3.045531792999999598e+05,4.532225746999998955e+04
3.030599999999999909e+03,1.767799999999999955e+03,4.937999999999999545e+02,-1.031994702999999747e+06,-2.631153241000000853e+05,9.155930345000000671e+04
6.728199999999998909e+03,6.744666667000000189e+02,1.864000000000000057e+02,-2.835306234000000171e+06,-7.537337378999999491e+05,2.426479793000000063e+05
1.022236666999999943e+04,0.000000000000000000e+00,5.833333332999999676e+00,0.000000000000000000e+00,-1.350747126000933349e+02,0.000000000000000000e+00
9.751333333000000039e+02,1.434533333000000312e+03,5.571333333000000039e+02,7.969644368000002578e+04,4.937684367999993265e+04,-6.459659769999998389e+03
1.024273332999999911e+04,0.000000000000000000e+00,7.166666667000000324e+00,0.000000000000000000e+00,-2.000229885000735521e+02,0.000000000000000000e+00
8.317666666999999734e+02,8.862999999999999545e+02,6.066000000000000227e+02,6.222424483000021428e+04,4.708711033999989741e+04,1.913605516999999963e+04
9.785700000000000728e+03,0.000000000000000000e+00,7.833333333000000565e+00,0.000000000000000000e+00,-7.633620690000243485e+02,0.000000000000000000e+00
1.736099999999999909e+03,1.270366667000000007e+03,7.593333333000000493e+02,7.069755171999800950e+03,8.477931033999891952e+03,5.701666666999997688e+03
1.033579999999999927e+04,0.000000000000000000e+00,6.066666666999999791e+00,0.000000000000000000e+00,-3.677931034006178379e+01,0.000000000000000000e+00
8.954333332999999584e+02,2.086400000000000091e+03,2.958999999999999773e+02,4.626299310000007972e+04,1.529059654999990016e+04,3.024248275999998441e+03
2.831866666999999325e+03,1.807200000000000045e+03,4.025333332999999811e+02,-1.642618523999999976e+06,-3.419643057000000263e+05,1.019159585999999836e+05
8.856533332999999402e+03,3.839999999999999858e+01,4.843333333000000351e+01,-1.639599448000001721e+05,-1.523221700999999885e+05,3.945106206999999267e+04
8.714066666999999143e+03,1.683000000000000114e+02,8.770000000000000284e+01,-6.959144690000000410e+05,-3.150991861999999965e+05,1.120049206999999878e+05
9.960533332999999402e+03,0.000000000000000000e+00,6.666666667000000324e+00,0.000000000000000000e+00,-2.558850575000979006e+02,0.000000000000000000e+00
4.491000000000000796e+02,6.628333333000000493e+02,4.364666667000000189e+02,5.998681033999985084e+04,6.862675862000091001e+03,-1.611740229999999792e+04
1.031350000000000000e+04,0.000000000000000000e+00,6.033333332999999854e+00,0.000000000000000000e+00,-9.332758621009998024e+01,0.000000000000000000e+00
9.837666666999999507e+03,0.000000000000000000e+00,8.300000000000000711e+00,0.000000000000000000e+00,-3.382758621009998024e+01,0.000000000000000000e+00
7.691566667000000052e+03,4.348666666999999961e+02,1.272999999999999829e+02,-1.880971817999999970e+06,-4.890833482999999542e+05,1.731607999999999884e+05
7.557333333000000266e+02,1.231200000000000045e+03,5.710666667000000416e+02,7.132415861999988556e+04,4.688532874000002630e+04,1.552450344999999652e+04
1.154633332999999993e+03,1.317533333000000084e+03,6.284666667000000189e+02,6.508565057000005618e+04,1.636814253000007011e+04,8.363018390999990515e+03
9.882433333000000857e+03,0.000000000000000000e+00,6.900000000000000355e+00,0.000000000000000000e+00,-3.724724137999583036e+02,0.000000000000000000e+00
6.023866667000000234e+03,2.387333332999999982e+02,3.488666666999999961e+02,-8.158168643999998458e+05,-1.125904983999999939e+06,1.549945493999999599e+05
1.013863333000000057e+04,0.000000000000000000e+00,7.666666667000000324e+00,0.000000000000000000e+00,-1.824712644000537694e+02,0.000000000000000000e+00
9.971299999999999272e+03,0.000000000000000000e+00,7.633333333000000387e+00,0.000000000000000000e+00,-3.620586206999141723e+02,0.000000000000000000e+00
9.112366667000000234e+03,7.443333332999999641e+01,2.419999999999999929e+01,-2.554372332999999635e+05,-5.474897240999992937e+04,3.463459999999999854e+04
9.968966667000000598e+03,0.000000000000000000e+00,7.299999999999999822e+00,0.000000000000000000e+00,-5.966793102999217808e+02,0.000000000000000000e+00
6.592533333000000312e+03,5.753999999999999773e+02,2.516999999999999886e+02,-2.120811427999999840e+06,-9.055853516999999993e+05,2.471654689999999828e+05
7.005399999999999636e+03,4.506000000000000227e+02,1.970333333000000096e+02,-2.023109593000000110e+06,-8.436009448000001721e+05,2.369053930999999866e+05
3.620666666999999848e+02,1.130433332999999948e+03,3.831666667000000075e+02,2.704221149000013247e+04,1.827440229999995790e+04,2.197373563000008289e+03
9.426700000000000728e+03,0.000000000000000000e+00,7.166666667000000324e+00,0.000000000000000000e+00,-4.741896552001126111e+02,0.000000000000000000e+00
9.525666666999999507e+03,0.000000000000000000e+00,7.833333333000000565e+00,0.000000000000000000e+00,-4.563678160998970270e+02,0.000000000000000000e+00
4.450133332999999766e+03,1.664366667000000007e+03,3.697333333000000266e+02,-1.730922946999999927e+06,-3.534069631999999983e+05,1.501339287000000186e+05
4.118500000000000000e+03,8.412999999999999545e+02,6.742333333000000266e+02,-8.782275690000001341e+05,-7.725929137999999803e+05,1.500100654999999970e+05
2.535666667000000416e+02,9.895333332999999811e+02,3.741000000000000227e+02,3.847541148999985307e+04,1.933021723999991082e+04,1.082456551999998919e+04
1.006810000000000036e+04,0.000000000000000000e+00,6.366666666999999613e+00,0.000000000000000000e+00,-4.641758620999753475e+02,0.000000000000000000e+00
1.036876667000000089e+04,0.000000000000000000e+00,5.133333333000000387e+00,0.000000000000000000e+00,-2.653126437000464648e+02,0.000000000000000000e+00
9.256833333000000493e+03,6.429999999999999716e+01,3.263333332999999925e+01,-3.861215000000000000e+05,-1.454733045999999158e+05,4.618735517000000254e+04
9.742233333000000130e+03,0.000000000000000000e+00,6.866666666999999613e+00,0.000000000000000000e+00,-2.269195401994511485e+01,0.000000000000000000e+00
9.848100000000000364e+03,0.000000000000000000e+00,7.133333333000000387e+00,0.000000000000000000e+00,-5.618758620999287814e+02,0.000000000000000000e+00
1.613133332999999993e+03,1.688333333000000039e+03,6.412999999999999545e+02,6.386091953999828547e+03,3.949975172000005841e+04,-3.311689655000001949e+03
8.802666666999999734e+02,2.068666666999999961e+03,3.351333333000000039e+02,6.060091954000014812e+04,1.467141149000008591e+04,-4.564712644000028376e+02
9.006166666999999507e+03,5.526666666999999933e+01,4.050000000000000000e+01,-3.210326321999998763e+05,-1.768220862000000197e+05,4.976858621000000130e+04
2.017433332999999948e+03,1.170166666999999961e+03,7.545000000000000000e+02,-1.687554884999999776e+05,-1.573848103000000119e+05,1.968691378999999870e+04
2.285500000000000000e+03,1.359533333000000084e+03,6.300000000000000000e+02,-7.683496896999999881e+05,-3.652919309999999823e+05,9.084600000000000000e+04
2.784300000000000182e+03,1.147233332999999902e+03,7.743333333000000493e+02,-1.837202447999999858e+05,-8.321675861999997869e+04,-4.005528736000000208e+03
8.065433332999999948e+03,2.699333333000000152e+02,1.262000000000000028e+02,-1.116069348999999929e+06,-5.007954344999999739e+05,1.579076000000000058e+05
9.376233333000000130e+03,6.450000000000000000e+01,3.206666666999999649e+01,-4.392710861999997869e+05,-1.609870851000000257e+05,4.521068965999999637e+04
9.055633332999999766e+03,4.976666666999999933e+01,4.766666666999999791e+01,-1.958613643999998458e+05,-1.389180230000000447e+05,3.802160919999999896e+04
2.151133333000000221e+03,2.077666666999999961e+03,4.053000000000000114e+02,-4.721947126000002027e+05,-6.295262758999993093e+04,2.657286206999999558e+04
2.300833333000000039e+03,1.224733332999999902e+03,7.707999999999999545e+02,-1.213895976999998093e+05,-9.957482759000011720e+04,3.800253102999999101e+04
4.456333333000000039e+02,1.962799999999999955e+03,2.325333333000000096e+02,4.021347586000012234e+04,4.933098850999958813e+03,2.614551723999975366e+02
9.676333333000000493e+03,0.000000000000000000e+00,8.000000000000000000e+00,0.000000000000000000e+00,-4.117931033999193460e+02,0.000000000000000000e+00
1.457866667000000234e+03,2.045466666999999916e+03,4.183000000000000114e+02,2.380347815999994054e+04,5.234059309999994002e+04,-2.551041379000002053e+03
4.728999999999999773e+02,2.017066667000000052e+03,2.066666667000000075e+02,2.305000689999992028e+04,4.076068966000108048e+03,4.023022988999997324e+03
