k1,k2,k3,k4,o1,o2,o3
0.03,0.02,0.03,0.03,1269.4,2179.1,342.1
0.03,0.02,0.03,0.1,1488.9,1961.233333,491.1333333
0.03,0.02,0.03,0.3,1636.333333,1397.266667,725.9333333
0.03,0.02,0.035,0.03,2245.3,2130.2,443.2333333
0.03,0.02,0.035,0.1,2751.5,1870.966667,552.0333333
0.03,0.02,0.035,0.3,4061.833333,1247.666667,648.7666667
0.03,0.02,0.04,0.03,5209.466667,1419.433333,358.2
0.03,0.02,0.04,0.1,5241.9,1257.666667,431.9
0.03,0.02,0.04,0.3,6237.166667,717.8,436.3333333
0.03,0.02,0.045,0.03,8443.666667,267.2,87.66666667
0.03,0.02,0.045,0.1,8185.433333,341.9333333,162.4333333
0.03,0.02,0.045,0.3,8343.433333,131.2333333,105.9666667
0.03,0.02,0.05,0.03,8997.433333,195.4333333,74.2
0.03,0.02,0.05,0.1,9597.766667,0,12
0.03,0.02,0.05,0.3,9561.333333,0,11.1
0.03,0.02,0.055,0.03,9897,0,9.8
0.03,0.02,0.055,0.1,9786.933333,0,9.166666667
0.03,0.02,0.055,0.3,9903.833333,0,9.633333333
0.03,0.02,0.06,0.03,10098.3,0,7.433333333
0.03,0.02,0.06,0.1,10149.3,0,7.8
0.03,0.02,0.06,0.3,10138.63333,0,7.666666667
0.03,0.025,0.03,0.03,1553.533333,2154.033333,402
0.03,0.025,0.03,0.1,1905.566667,1884.266667,565
0.03,0.025,0.03,0.3,2300.833333,1224.733333,770.8
0.03,0.025,0.035,0.03,3765.233333,1756.466667,404.3333333
0.03,0.025,0.035,0.1,3606.233333,1597.566667,562.9666667
0.03,0.025,0.035,0.3,5026.5,863.3,611.2
0.03,0.025,0.04,0.03,8036.8,406,126.4333333
0.03,0.025,0.04,0.1,7192.666667,473.3666667,202.3
0.03,0.025,0.04,0.3,8706.833333,40.13333333,49.6
0.03,0.025,0.045,0.03,9075.5,130.5,54.56666667
0.03,0.025,0.045,0.1,9166.733333,0.933333333,14.86666667
0.03,0.025,0.045,0.3,9415.4,0,11.2
0.03,0.025,0.05,0.03,9674.366667,66.03333333,26.03333333
0.03,0.025,0.05,0.1,9704.266667,0.1,9.533333333
0.03,0.025,0.05,0.3,9833.166667,0,9.633333333
0.03,0.025,0.055,0.03,10102.23333,0,7.666666667
0.03,0.025,0.055,0.1,10067.2,0,7.3
0.03,0.025,0.055,0.3,10141.36667,0,6.833333333
0.03,0.025,0.06,0.03,10192.03333,0,6.766666667
0.03,0.025,0.06,0.1,10291.76667,0,6.633333333
0.03,0.025,0.06,0.3,10319.6,0,6.533333333
0.03,0.03,0.03,0.03,2323.133333,2055.933333,425.4333333
0.03,0.03,0.03,0.1,2227.333333,1765.366667,582.4666667
0.03,0.03,0.03,0.3,3099.633333,1058.1,793.9
0.03,0.03,0.035,0.03,5495.866667,1227.133333,324.1333333
0.03,0.03,0.035,0.1,6440.433333,849.9333333,327.3333333
0.03,0.03,0.035,0.3,7308.5,323.4333333,249.6333333
0.03,0.03,0.04,0.03,8473.266667,328.2666667,101.4666667
0.03,0.03,0.04,0.1,8658.6,201.2666667,100.4666667
0.03,0.03,0.04,0.3,8957.6,0.366666667,17.2
0.03,0.03,0.045,0.03,9508.266667,0.033333333,9.7
0.03,0.03,0.045,0.1,9581.733333,0.066666667,10.73333333
0.03,0.03,0.045,0.3,9735.533333,0,8.366666667
0.03,0.03,0.05,0.03,9919.166667,0,7.333333333
0.03,0.03,0.05,0.1,9984.5,0,7.133333333
0.03,0.03,0.05,0.3,9910.6,0,8.433333333
0.03,0.03,0.055,0.03,10073.76667,0,7.5
0.03,0.03,0.055,0.1,10182.76667,0,6.666666667
0.03,0.03,0.055,0.3,10201.23333,0,6.633333333
0.03,0.03,0.06,0.03,10365.06667,0,6.133333333
0.03,0.03,0.06,0.1,10394.36667,0,5.966666667
0.03,0.03,0.06,0.3,10376.16667,0,6.3
0.03,0.035,0.03,0.03,3264.233333,1793.233333,406.8666667
0.03,0.035,0.03,0.1,4271.933333,1262.166667,451.6333333
0.03,0.035,0.03,0.3,4948.2,693.6333333,553.2666667
0.03,0.035,0.035,0.03,7358.7,562.6666667,174
0.03,0.035,0.035,0.1,7930.866667,246.5,111.2333333
0.03,0.035,0.035,0.3,8635.633333,37.93333333,50.36666667
0.03,0.035,0.04,0.03,9209.733333,101.0333333,43.8
0.03,0.035,0.04,0.1,9183.433333,31.66666667,27.1
0.03,0.035,0.04,0.3,9541.633333,0,9.533333333
0.03,0.035,0.045,0.03,9837.666667,0,8.3
0.03,0.035,0.045,0.1,9790.866667,0.033333333,8.2
0.03,0.035,0.045,0.3,9720.9,0.533333333,12.5
0.03,0.035,0.05,0.03,10081.3,0,7.066666667
0.03,0.035,0.05,0.1,10159.1,0,6.566666667
0.03,0.035,0.05,0.3,10242.73333,0,7.166666667
0.03,0.035,0.055,0.03,10314.43333,0,6.366666667
0.03,0.035,0.055,0.1,10312.2,0,6.433333333
0.03,0.035,0.055,0.3,10298.73333,0,5.633333333
0.03,0.035,0.06,0.03,10437.16667,0,6.866666667
0.03,0.035,0.06,0.1,10455.53333,0,5.2
0.03,0.035,0.06,0.3,10469.3,0,5.7
0.03,0.04,0.03,0.03,4136.766667,1491.766667,377.7333333
0.03,0.04,0.03,0.1,5290.3,975.8,418.3333333
0.03,0.04,0.03,0.3,6385.533333,384.7333333,393.3333333
0.03,0.04,0.035,0.03,7439.166667,656.3,194.3
0.03,0.04,0.035,0.1,8714.066667,168.3,87.7
0.03,0.04,0.035,0.3,9037.566667,4.666666667,23.16666667
0.03,0.04,0.04,0.03,9443.8,0.566666667,12.86666667
0.03,0.04,0.04,0.1,9350.933333,55.76666667,38.43333333
0.03,0.04,0.04,0.3,9728.9,0,8.666666667
0.03,0.04,0.045,0.03,9978.833333,0,7.666666667
0.03,0.04,0.045,0.1,9957.633333,0,7.566666667
0.03,0.04,0.045,0.3,9954.6,0,6.8
0.03,0.04,0.05,0.03,10156.13333,0,6.866666667
0.03,0.04,0.05,0.1,10186.43333,0,6.4
0.03,0.04,0.05,0.3,10234.6,0,6.366666667
0.03,0.04,0.055,0.03,10445.03333,0,5.066666667
0.03,0.04,0.055,0.1,10401.53333,0,5.8
0.03,0.04,0.055,0.3,10430.4,0,6.1
0.03,0.04,0.06,0.03,10520,0,6.066666667
0.03,0.04,0.06,0.1,10507.36667,0,4.8
0.03,0.04,0.06,0.3,10505.83333,0,5.5
0.03,0.045,0.03,0.03,6600.8,924.4666667,248.6333333
0.03,0.045,0.03,0.1,6972.1,503.3,244.6666667
0.03,0.045,0.03,0.3,7628.466667,199.3666667,206.7333333
0.03,0.045,0.035,0.03,9034.6,93.8,39.9
0.03,0.045,0.035,0.1,8916.766667,110.7666667,59.5
0.03,0.045,0.035,0.3,9134.933333,0.2,15.96666667
0.03,0.045,0.04,0.03,9823.966667,0,8.166666667
0.03,0.045,0.04,0.1,9788.966667,0.066666667,8.6
0.03,0.045,0.04,0.3,9823,0,8.133333333
0.03,0.045,0.045,0.03,10027.3,0,6.9
0.03,0.045,0.045,0.1,10015.2,0,8.033333333
0.03,0.045,0.045,0.3,10092.5,0,6.933333333
0.03,0.045,0.05,0.03,10306.86667,0,5.766666667
0.03,0.045,0.05,0.1,10183.26667,0,6.566666667
0.03,0.045,0.05,0.3,10331.53333,0,5.9
0.03,0.045,0.055,0.03,10439.86667,0,5.933333333
0.03,0.045,0.055,0.1,10460.1,0,5.433333333
0.03,0.045,0.055,0.3,10467.63333,0,5.9
0.03,0.045,0.06,0.03,10563.56667,0,5.3
0.03,0.045,0.06,0.1,10546.06667,0,5.6
0.03,0.045,0.06,0.3,10582.06667,0,5.533333333
0.03,0.05,0.03,0.03,7762.166667,376.0333333,108.7
0.03,0.05,0.03,0.1,7669.9,398.8333333,189.7
0.03,0.05,0.03,0.3,8856.533333,38.4,48.43333333
0.03,0.05,0.035,0.03,9514.933333,0.066666667,10.06666667
0.03,0.05,0.035,0.1,9404.966667,0,9.333333333
0.03,0.05,0.035,0.3,9326.566667,0,10.23333333
0.03,0.05,0.04,0.03,9944.333333,0,6.466666667
0.03,0.05,0.04,0.1,9897.466667,0,7.866666667
0.03,0.05,0.04,0.3,9954.333333,0,6.966666667
0.03,0.05,0.045,0.03,10138.6,0,7.166666667
0.03,0.05,0.045,0.1,10186.53333,0,6.633333333
0.03,0.05,0.045,0.3,10336.73333,0,5.666666667
0.03,0.05,0.05,0.03,10336.36667,0,6.3
0.03,0.05,0.05,0.1,10385.2,0,6.066666667
0.03,0.05,0.05,0.3,10440.93333,0,5.633333333
0.03,0.05,0.055,0.03,10444.7,0,5.666666667
0.03,0.05,0.055,0.1,10543.36667,0,5.166666667
0.03,0.05,0.055,0.3,10536,0,4.866666667
0.03,0.05,0.06,0.03,10553.96667,0,5.066666667
0.03,0.05,0.06,0.1,10627.7,0,4.866666667
0.03,0.05,0.06,0.3,10626.5,0,4.233333333
0.03,0.055,0.03,0.03,8182.033333,286.5,103.9333333
0.03,0.055,0.03,0.1,8166.4,266.3333333,140.6333333
0.03,0.055,0.03,0.3,8959.966667,22.1,45.56666667
0.03,0.055,0.035,0.03,9577.633333,0,9.4
0.03,0.055,0.035,0.1,9723.9,0,6.933333333
0.03,0.055,0.035,0.3,9746.9,0,7.733333333
0.03,0.055,0.04,0.03,10052.36667,0,7.366666667
0.03,0.055,0.04,0.1,9991.433333,0,7.666666667
0.03,0.055,0.04,0.3,10037.33333,0,6.1
0.03,0.055,0.045,0.03,10249.33333,0,6.3
0.03,0.055,0.045,0.1,10252.13333,0,6.3
0.03,0.055,0.045,0.3,10224.2,0,6.333333333
0.03,0.055,0.05,0.03,10469.76667,0,5.766666667
0.03,0.055,0.05,0.1,10353.16667,0,6.133333333
0.03,0.055,0.05,0.3,10435.06667,0,5.466666667
0.03,0.055,0.055,0.03,10470,0,5
0.03,0.055,0.055,0.1,10592.53333,0,5.033333333
0.03,0.055,0.055,0.3,10609.06667,0,5.733333333
0.03,0.055,0.06,0.03,10618.33333,0,4.666666667
0.03,0.055,0.06,0.1,10629.93333,0,4.4
0.03,0.055,0.06,0.3,10635.06667,0,4.4
0.03,0.06,0.03,0.03,9353.9,1.233333333,10.63333333
0.03,0.06,0.03,0.1,9219.233333,0.033333333,10.46666667
0.03,0.06,0.03,0.3,9288.733333,0,9.8
0.03,0.06,0.035,0.03,9642.6,0,8.233333333
0.03,0.06,0.035,0.1,9843.566667,0,6.9
0.03,0.06,0.035,0.3,9848.1,0,7.133333333
0.03,0.06,0.04,0.03,10085.13333,0,6.666666667
0.03,0.06,0.04,0.1,10115.86667,0,5.833333333
0.03,0.06,0.04,0.3,10186.76667,0,6.066666667
0.03,0.06,0.045,0.03,10281.1,0,5.966666667
0.03,0.06,0.045,0.1,10298.46667,0,5.9
0.03,0.06,0.045,0.3,10296.2,0,5.5
0.03,0.06,0.05,0.03,10502.03333,0,4.8
0.03,0.06,0.05,0.1,10351.16667,0,5.3
0.03,0.06,0.05,0.3,10407.6,0,5.366666667
0.03,0.06,0.055,0.03,10624.7,0,4.733333333
0.03,0.06,0.055,0.1,10558.2,0,4.966666667
0.03,0.06,0.055,0.3,10594.13333,0,5.4
0.03,0.06,0.06,0.03,10693.4,0,4.233333333
0.03,0.06,0.06,0.1,10684.03333,0,5.033333333
0.03,0.06,0.06,0.3,10688.53333,0,5.766666667
0.035,0.02,0.03,0.03,737.7333333,2103.933333,257.0333333
0.035,0.02,0.03,0.1,782.8,1852.066667,389.8666667
0.035,0.02,0.03,0.3,1002.933333,1329.466667,630.9
0.035,0.02,0.035,0.03,1270.3,2164.566667,335.6
0.035,0.02,0.035,0.1,1507.9,1971,475.1
0.035,0.02,0.035,0.3,1908.366667,1423.8,726.2666667
0.035,0.02,0.04,0.03,3026.366667,1980.3,424.5
0.035,0.02,0.04,0.1,3161.966667,1778.4,495.8
0.035,0.02,0.04,0.3,3056.866667,1314.666667,755.1
0.035,0.02,0.045,0.03,4952.366667,1602.666667,381.4
0.035,0.02,0.045,0.1,4979.6,1433.3,452.9666667
0.035,0.02,0.045,0.3,5818.066667,756.1666667,474.5
0.035,0.02,0.05,0.03,8180.7,373.3333333,112.1333333
0.035,0.02,0.05,0.1,7991.966667,380.5,146.2
0.035,0.02,0.05,0.3,8527.966667,160.2,104.5333333
0.035,0.02,0.055,0.03,9295.233333,5.3,18.26666667
0.035,0.02,0.055,0.1,9260.133333,66.43333333,42.46666667
0.035,0.02,0.055,0.3,9326.933333,38.66666667,37.56666667
0.035,0.02,0.06,0.03,9768.533333,0,7.466666667
0.035,0.02,0.06,0.1,9600.1,60.53333333,36.73333333
0.035,0.02,0.06,0.3,9786.7,0,9.233333333
0.035,0.025,0.03,0.03,803.7,2069.866667,291.2
0.035,0.025,0.03,0.1,1019,1816.9,448.5
0.035,0.025,0.03,0.3,1364.1,1217.1,722.7
0.035,0.025,0.035,0.03,1915.5,2109.433333,390.7
0.035,0.025,0.035,0.1,1704.266667,1873.966667,542.5
0.035,0.025,0.035,0.3,2058,1262.6,796.4
0.035,0.025,0.04,0.03,4153.866667,1549.3,352
0.035,0.025,0.04,0.1,4027.133333,1558.666667,519.5666667
0.035,0.025,0.04,0.3,4698.566667,916.1,614.0666667
0.035,0.025,0.045,0.03,6487.833333,961.0666667,251.7666667
0.035,0.025,0.045,0.1,6293.966667,987.8,350.2333333
0.035,0.025,0.045,0.3,7658.166667,313.2333333,217.1666667
0.035,0.025,0.05,0.03,8805,226.4333333,84.3
0.035,0.025,0.05,0.1,9004.766667,131.8666667,63.4
0.035,0.025,0.05,0.3,9374.833333,0,11.1
0.035,0.025,0.055,0.03,9626.366667,0.1,10.4
0.035,0.025,0.055,0.1,9749.266667,0,8.266666667
0.035,0.025,0.055,0.3,9515.4,0.066666667,12.26666667
0.035,0.025,0.06,0.03,9968.966667,0,7.3
0.035,0.025,0.06,0.1,9973.166667,0,7.833333333
0.035,0.025,0.06,0.3,9980.966667,0,8.266666667
0.035,0.03,0.03,0.03,1128.266667,2117.866667,331.2666667
0.035,0.03,0.03,0.1,1193.9,1784.5,527.1333333
0.035,0.03,0.03,0.3,1716.2,1078.833333,780.5666667
0.035,0.03,0.035,0.03,1956.933333,2131.5,435.8333333
0.035,0.03,0.035,0.1,2612.633333,1776.333333,563.4333333
0.035,0.03,0.035,0.3,3922.166667,957.7666667,693.4333333
0.035,0.03,0.04,0.03,4908.833333,1456.666667,361.1666667
0.035,0.03,0.04,0.1,5804.233333,922.5333333,375.5333333
0.035,0.03,0.04,0.3,7015.233333,399.8,319.3666667
0.035,0.03,0.045,0.03,8077.066667,325.8333333,99.5
0.035,0.03,0.045,0.1,8516.333333,152.2333333,76.96666667
0.035,0.03,0.045,0.3,9006.933333,4.233333333,19.26666667
0.035,0.03,0.05,0.03,9583.9,0,9.466666667
0.035,0.03,0.05,0.1,9679.033333,0,8.8
0.035,0.03,0.05,0.3,9510.933333,0,9.8
0.035,0.03,0.055,0.03,9741.466667,0,8.933333333
0.035,0.03,0.055,0.1,9767.366667,0,7.966666667
0.035,0.03,0.055,0.3,9792.366667,0,8.3
0.035,0.03,0.06,0.03,10041.8,0,7.933333333
0.035,0.03,0.06,0.1,10132.96667,0,6.366666667
0.035,0.03,0.06,0.3,10054.63333,0,7.3
0.035,0.035,0.03,0.03,1643.033333,2133.866667,386.5333333
0.035,0.035,0.03,0.1,1457.5,1714.7,586.3
0.035,0.035,0.03,0.3,2644.333333,940.3,765.0666667
0.035,0.035,0.035,0.03,3360.4,1698.6,421.0333333
0.035,0.035,0.035,0.1,3541.6,1556.766667,562.5666667
0.035,0.035,0.035,0.3,5776.866667,494.4333333,435.7
0.035,0.035,0.04,0.03,7691.566667,434.8666667,127.3
0.035,0.035,0.04,0.1,7385.966667,474.0666667,205.7333333
0.035,0.035,0.04,0.3,8454.566667,57.06666667,69.86666667
0.035,0.035,0.045,0.03,8978.333333,128.0666667,57.23333333
0.035,0.035,0.045,0.1,9314.366667,0.066666667,12.16666667
0.035,0.035,0.045,0.3,9435.833333,0,10.46666667
0.035,0.035,0.05,0.03,9809.933333,0,7.933333333
0.035,0.035,0.05,0.1,9733.2,0,8.666666667
0.035,0.035,0.05,0.3,9784.5,0,8.6
0.035,0.035,0.055,0.03,9923.7,0,7.933333333
0.035,0.035,0.055,0.1,10026.96667,0,6.833333333
0.035,0.035,0.055,0.3,10068.1,0,6.366666667
0.035,0.035,0.06,0.03,10158.96667,0,6.3
0.035,0.035,0.06,0.1,10264.6,0,7.233333333
0.035,0.035,0.06,0.3,10207.93333,0,6.1
0.035,0.04,0.03,0.03,1973.366667,1957.366667,407.2666667
0.035,0.04,0.03,0.1,2061.4,1584.5,590.2333333
0.035,0.04,0.03,0.3,3245.933333,777.2666667,716.0333333
0.035,0.04,0.035,0.03,5940.533333,978.7333333,243.7333333
0.035,0.04,0.035,0.1,5757.8,947.6333333,373.1666667
0.035,0.04,0.035,0.3,6799.7,348.8,320.8333333
0.035,0.04,0.04,0.03,8216.533333,229.8,75.46666667
0.035,0.04,0.04,0.1,8349.966667,225.2666667,120.5333333
0.035,0.04,0.04,0.3,9051.133333,0.133333333,12.13333333
0.035,0.04,0.045,0.03,9661.5,0.033333333,7.6
0.035,0.04,0.045,0.1,9532.1,0.066666667,8.533333333
0.035,0.04,0.045,0.3,9459.1,0,9.2
0.035,0.04,0.05,0.03,9851.666667,0,8.066666667
0.035,0.04,0.05,0.1,9911.7,0,7.7
0.035,0.04,0.05,0.3,9785.7,0,7.833333333
0.035,0.04,0.055,0.03,10049.4,0,6.8
0.035,0.04,0.055,0.1,10137.43333,0,7.9
0.035,0.04,0.055,0.3,10159.73333,0,7.566666667
0.035,0.04,0.06,0.03,10255.86667,0,6.066666667
0.035,0.04,0.06,0.1,10256.06667,0,6.3
0.035,0.04,0.06,0.3,10286.6,0,6.033333333
0.035,0.045,0.03,0.03,2466.133333,1901.866667,416.1333333
0.035,0.045,0.03,0.1,3317.2,1395.2,548.4666667
0.035,0.045,0.03,0.3,4845.1,565.9,568.6666667
0.035,0.045,0.035,0.03,6670.166667,673.9333333,199.7333333
0.035,0.045,0.035,0.1,7671.533333,372.3,166.4666667
0.035,0.045,0.035,0.3,8347.766667,70.33333333,91.53333333
0.035,0.045,0.04,0.03,8955.6,129.7333333,50.9
0.035,0.045,0.04,0.1,8726.333333,104.4,67.66666667
0.035,0.045,0.04,0.3,9211.566667,29.7,41.33333333
0.035,0.045,0.045,0.03,9748.4,0,7.666666667
0.035,0.045,0.045,0.1,9800.3,0.1,8.766666667
0.035,0.045,0.045,0.3,9865.933333,0,7.1
0.035,0.045,0.05,0.03,9981.833333,0,7.166666667
0.035,0.045,0.05,0.1,10056.23333,0,6.466666667
0.035,0.045,0.05,0.3,10084.43333,0,6.2
0.035,0.045,0.055,0.03,10205.16667,0,5.833333333
0.035,0.045,0.055,0.1,10134.63333,0,6.833333333
0.035,0.045,0.055,0.3,10198.7,0,6.266666667
0.035,0.045,0.06,0.03,10319.73333,0,5.6
0.035,0.045,0.06,0.1,10312.8,0,6.6
0.035,0.045,0.06,0.3,10396.56667,0,5.866666667
0.035,0.05,0.03,0.03,4856.566667,1306.2,325.2
0.035,0.05,0.03,0.1,4938.233333,932.9333333,420.1333333
0.035,0.05,0.03,0.3,6597.166667,255.4333333,295.1333333
0.035,0.05,0.035,0.03,8003.9,412.0666667,130.8
0.035,0.05,0.035,0.1,8398.666667,109.2333333,63.1
0.035,0.05,0.035,0.3,8900.4,0.3,15.36666667
0.035,0.05,0.04,0.03,9344.933333,74.03333333,27.63333333
0.035,0.05,0.04,0.1,9366.633333,58.46666667,32.26666667
0.035,0.05,0.04,0.3,9416.033333,0,9.733333333
0.035,0.05,0.045,0.03,9773.366667,0,8.4
0.035,0.05,0.045,0.1,9846.6,0,7.166666667
0.035,0.05,0.045,0.3,9963.1,0,7.166666667
0.035,0.05,0.05,0.03,10067.33333,0,6.833333333
0.035,0.05,0.05,0.1,10139.56667,0,6.133333333
0.035,0.05,0.05,0.3,10222.36667,0,5.833333333
0.035,0.05,0.055,0.03,10235.1,0,6.666666667
0.035,0.05,0.055,0.1,10373.43333,0,6.166666667
0.035,0.05,0.055,0.3,10368.76667,0,5.133333333
0.035,0.05,0.06,0.03,10437.66667,0,5.566666667
0.035,0.05,0.06,0.1,10333.66667,0,5.466666667
0.035,0.05,0.06,0.3,10453.83333,0,4.2
0.035,0.055,0.03,0.03,4938.033333,1232.466667,331.9
0.035,0.055,0.03,0.1,5022.166667,1016.966667,482.0333333
0.035,0.055,0.03,0.3,7892.3,68.83333333,101.8666667
0.035,0.055,0.035,0.03,8517.166667,274.7666667,89.6
0.035,0.055,0.035,0.1,9226.666667,0,10.36666667
0.035,0.055,0.035,0.3,9089.133333,0.733333333,16.53333333
0.035,0.055,0.04,0.03,9517.533333,45.7,17.06666667
0.035,0.055,0.04,0.1,9743.833333,0,7.733333333
0.035,0.055,0.04,0.3,9613.966667,0,8.066666667
0.035,0.055,0.045,0.03,10030.43333,0,6.666666667
0.035,0.055,0.045,0.1,9882.433333,0,6.9
0.035,0.055,0.045,0.3,10006.7,0,6.166666667
0.035,0.055,0.05,0.03,10241.83333,0,5.9
0.035,0.055,0.05,0.1,10222.2,0,5.833333333
0.035,0.055,0.05,0.3,10209.3,0,7.133333333
0.035,0.055,0.055,0.03,10335.8,0,6.066666667
0.035,0.055,0.055,0.1,10324,0,5.6
0.035,0.055,0.055,0.3,10348.83333,0,6.133333333
0.035,0.055,0.06,0.03,10479.16667,0,5.7
0.035,0.055,0.06,0.1,10443.16667,0,4.666666667
0.035,0.055,0.06,0.3,10514.76667,0,5.333333333
0.035,0.06,0.03,0.03,5817.766667,1099.233333,299.4666667
0.035,0.06,0.03,0.1,6370.366667,635.6333333,333.9333333
0.035,0.06,0.03,0.3,8441.1,25.4,50.93333333
0.035,0.06,0.035,0.03,8834.633333,193.2666667,74.86666667
0.035,0.06,0.035,0.1,9225.166667,1.333333333,13.33333333
0.035,0.06,0.035,0.3,9361.1,0,9.633333333
0.035,0.06,0.04,0.03,9784.166667,0,7.6
0.035,0.06,0.04,0.1,9745.733333,0.133333333,8.4
0.035,0.06,0.04,0.3,9764,0,7.266666667
0.035,0.06,0.045,0.03,10102.06667,0,5.966666667
0.035,0.06,0.045,0.1,9985.8,0,6.7
0.035,0.06,0.045,0.3,10172.36667,0,5.066666667
0.035,0.06,0.05,0.03,10300.96667,0,5.2
0.035,0.06,0.05,0.1,10268.93333,0,5.766666667
0.035,0.06,0.05,0.3,10301.4,0,5.533333333
0.035,0.06,0.055,0.03,10431.9,0,4.666666667
0.035,0.06,0.055,0.1,10407.6,0,5.3
0.035,0.06,0.055,0.3,10470.66667,0,5.133333333
0.035,0.06,0.06,0.03,10513.03333,0,4.633333333
0.035,0.06,0.06,0.1,10566.56667,0,4.766666667
0.035,0.06,0.06,0.3,10531.9,0,4.933333333
0.04,0.02,0.03,0.03,465.4333333,2043.2,223.0666667
0.04,0.02,0.03,0.1,516.1333333,1793.833333,357.3333333
0.04,0.02,0.03,0.3,680.8666667,1182.566667,578.6333333
0.04,0.02,0.035,0.03,968.9333333,2175.8,287.4666667
0.04,0.02,0.035,0.1,865.5,1894.866667,409.1666667
0.04,0.02,0.035,0.3,1199.3,1358.766667,664.3666667
0.04,0.02,0.04,0.03,1434.7,2207.9,356.8333333
0.04,0.02,0.04,0.1,1754.9,1935.833333,492.2
0.04,0.02,0.04,0.3,1740.133333,1428,729.2333333
0.04,0.02,0.045,0.03,2559.766667,2089.166667,413.3
0.04,0.02,0.045,0.1,3030.6,1767.8,493.8
0.04,0.02,0.045,0.3,2968.4,1448.233333,761.7333333
0.04,0.02,0.05,0.03,4946.633333,1488.066667,343.8
0.04,0.02,0.05,0.1,5243.733333,1315.5,412.3
0.04,0.02,0.05,0.3,5706,831.4,505.3666667
0.04,0.02,0.055,0.03,6793.966667,846.1,247.9
0.04,0.02,0.055,0.1,7371.433333,561.8,215.3666667
0.04,0.02,0.055,0.3,7935.033333,245.3333333,168.4333333
0.04,0.02,0.06,0.03,8338.2,259.4,86.96666667
0.04,0.02,0.06,0.1,8850.8,111.2333333,63.7
0.04,0.02,0.06,0.3,9244.766667,35.2,31.13333333
0.04,0.025,0.03,0.03,602.0666667,2057.8,251.4666667
0.04,0.025,0.03,0.1,596.4333333,1707.333333,395.8
0.04,0.025,0.03,0.3,804.5333333,1101.266667,643.1
0.04,0.025,0.035,0.03,1005.9,2157.466667,307.9666667
0.04,0.025,0.035,0.1,1213.6,1863.833333,484.4333333
0.04,0.025,0.035,0.3,1473.333333,1314.1,754.2666667
0.04,0.025,0.04,0.03,1980.766667,2122.133333,409.9333333
0.04,0.025,0.04,0.1,1980.433333,1919.3,551.3666667
0.04,0.025,0.04,0.3,2654.7,1254.033333,785.0666667
0.04,0.025,0.045,0.03,3499.266667,1816.566667,428.0333333
0.04,0.025,0.045,0.1,4577.566667,1278.033333,408.4
0.04,0.025,0.045,0.3,5099.7,879.8,589.4666667
0.04,0.025,0.05,0.03,6410.833333,941.6666667,285.0666667
0.04,0.025,0.05,0.1,7102.233333,605.4666667,237.5
0.04,0.025,0.05,0.3,7646.633333,293.4,194.4666667
0.04,0.025,0.055,0.03,8962.433333,126.0333333,53.96666667
0.04,0.025,0.055,0.1,8888.233333,120.0666667,55.06666667
0.04,0.025,0.055,0.3,9055.633333,49.76666667,47.66666667
0.04,0.025,0.06,0.03,9347.733333,67.4,31.5
0.04,0.025,0.06,0.1,9555,0,9.733333333
0.04,0.025,0.06,0.3,9419.866667,4,16.53333333
0.04,0.03,0.03,0.03,617,2008.633333,291.9
0.04,0.03,0.03,0.1,733.8,1653.066667,460.0666667
0.04,0.03,0.03,0.3,1017.766667,1033,707.1
0.04,0.03,0.035,0.03,1226.033333,2128.433333,360.4
0.04,0.03,0.035,0.1,1885.633333,1788.133333,510.5
0.04,0.03,0.035,0.3,2000.866667,1157.866667,804.7666667
0.04,0.03,0.04,0.03,3091.833333,1912.333333,414.8
0.04,0.03,0.04,0.1,3411.766667,1545.566667,527.4333333
0.04,0.03,0.04,0.3,3638.633333,1025.566667,746.0666667
0.04,0.03,0.045,0.03,6415.2,837.3,217.9666667
0.04,0.03,0.045,0.1,5273.133333,1081.7,418.3666667
0.04,0.03,0.045,0.3,7297.766667,333.5,243.5
0.04,0.03,0.05,0.03,7962.866667,331.0333333,111.7
0.04,0.03,0.05,0.1,8665.1,131.4333333,74.46666667
0.04,0.03,0.05,0.3,9027.566667,24.3,27.56666667
0.04,0.03,0.055,0.03,9167.766667,67.73333333,27.66666667
0.04,0.03,0.055,0.1,9575,0,7.966666667
0.04,0.03,0.055,0.3,9534.533333,0,8.133333333
0.04,0.03,0.06,0.03,9748.266667,0,8
0.04,0.03,0.06,0.1,9729.033333,0,7.766666667
0.04,0.03,0.06,0.3,9800.233333,0,7.966666667
0.04,0.035,0.03,0.03,838.5666667,2048.833333,327.0666667
0.04,0.035,0.03,0.1,1103.266667,1733.333333,524.2
0.04,0.035,0.03,0.3,1565.5,918,743.7333333
0.04,0.035,0.035,0.03,2151.133333,2077.666667,405.3
0.04,0.035,0.035,0.1,1592.666667,1787.766667,610.4666667
0.04,0.035,0.035,0.3,3009.966667,1028.266667,843.0666667
0.04,0.035,0.04,0.03,4578.9,1437.566667,349.4
0.04,0.035,0.04,0.1,4659.033333,1190.1,456
0.04,0.035,0.04,0.3,5359.2,543.0333333,511.7
0.04,0.035,0.045,0.03,7229.3,646.3333333,176.1333333
0.04,0.035,0.045,0.1,6968.633333,625.9333333,277.4666667
0.04,0.035,0.045,0.3,8844.966667,0.133333333,16.13333333
0.04,0.035,0.05,0.03,9075.366667,7.566666667,19.96666667
0.04,0.035,0.05,0.1,9439.333333,0,8.766666667
0.04,0.035,0.05,0.3,9239.033333,0,10.76666667
0.04,0.035,0.055,0.03,9613.8,0,8.8
0.04,0.035,0.055,0.1,9685.433333,0.033333333,8.2
0.04,0.035,0.055,0.3,9807.066667,0,8.366666667
0.04,0.035,0.06,0.03,9971.3,0,7.633333333
0.04,0.035,0.06,0.1,9968.133333,0,7.4
0.04,0.035,0.06,0.3,9888.566667,0,7.4
0.04,0.04,0.03,0.03,1025.033333,1975.866667,351.4333333
0.04,0.04,0.03,0.1,1116.733333,1618.733333,579.9
0.04,0.04,0.03,0.3,1661.133333,813.4333333,769.2333333
0.04,0.04,0.035,0.03,2287.566667,1937.033333,416.1333333
0.04,0.04,0.035,0.1,2999.266667,1507.8,565.7333333
0.04,0.04,0.035,0.3,4063.466667,744.4333333,696.8666667
0.04,0.04,0.04,0.03,5947.033333,1017.666667,262.8666667
0.04,0.04,0.04,0.1,6383.033333,753.4333333,325.6
0.04,0.04,0.04,0.3,6682.733333,378.6,349.5
0.04,0.04,0.045,0.03,8297.933333,318.6333333,98.2
0.04,0.04,0.045,0.1,8893.833333,116.4666667,64.86666667
0.04,0.04,0.045,0.3,8992.733333,39.7,47.46666667
0.04,0.04,0.05,0.03,9213.133333,62.36666667,32.86666667
0.04,0.04,0.05,0.1,9353.8,0.133333333,10.76666667
0.04,0.04,0.05,0.3,9568.033333,0,9.2
0.04,0.04,0.055,0.03,9768.633333,0,8.066666667
0.04,0.04,0.055,0.1,9935.833333,0,8.533333333
0.04,0.04,0.055,0.3,9933.8,0,7.333333333
0.04,0.04,0.06,0.03,10047.56667,0,6.9
0.04,0.04,0.06,0.1,10012.23333,0,6.966666667
0.04,0.04,0.06,0.3,9955.066667,0,6.7
0.04,0.045,0.03,0.03,1791.3,1849.533333,345.5666667
0.04,0.045,0.03,0.1,1613.133333,1688.333333,641.3
0.04,0.045,0.03,0.3,2576.033333,828.4666667,803.7333333
0.04,0.045,0.035,0.03,3402.566667,1587.2,369.3
0.04,0.045,0.035,0.1,5089.433333,993.4666667,395.0666667
0.04,0.045,0.035,0.3,5551.366667,476.7333333,489
0.04,0.045,0.04,0.03,6975.833333,703.2,188.5
0.04,0.045,0.04,0.1,7627.333333,362,158.1
0.04,0.045,0.04,0.3,8450.066667,41.1,63.26666667
0.04,0.045,0.045,0.03,8797.333333,137.1666667,48.56666667
0.04,0.045,0.045,0.1,9325.033333,0,10.33333333
0.04,0.045,0.045,0.3,9269.1,0,10.06666667
0.04,0.045,0.05,0.03,9521,65.73333333,29.73333333
0.04,0.045,0.05,0.1,9632.666667,0,7.933333333
0.04,0.045,0.05,0.3,9732.966667,0,8
0.04,0.045,0.055,0.03,9982.533333,0,6.166666667
0.04,0.045,0.055,0.1,9935.366667,0,7.333333333
0.04,0.045,0.055,0.3,9960.533333,0,6.666666667
0.04,0.045,0.06,0.03,10124.46667,0,6.433333333
0.04,0.045,0.06,0.1,10170.83333,0,7.333333333
0.04,0.045,0.06,0.3,10282.43333,0,6.066666667
0.04,0.05,0.03,0.03,2002.4,1826.6,371.2333333
0.04,0.05,0.03,0.1,2205.733333,1549.766667,603.6
0.04,0.05,0.03,0.3,3928.8,555.9,644.9333333
0.04,0.05,0.035,0.03,4872.366667,1306.033333,328.5
0.04,0.05,0.035,0.1,6429.733333,716.4333333,297.5
0.04,0.05,0.035,0.3,6814.166667,244.5,276.5333333
0.04,0.05,0.04,0.03,8197.9,220.7666667,91.53333333
0.04,0.05,0.04,0.1,8111.4,226.4333333,109.4
0.04,0.05,0.04,0.3,8810.7,22.13333333,46.5
0.04,0.05,0.045,0.03,9232.9,2.9,13.23333333
0.04,0.05,0.045,0.1,9298.733333,118.3666667,53.2
0.04,0.05,0.045,0.3,9600.1,0,7.8
0.04,0.05,0.05,0.03,9796.966667,0,7.366666667
0.04,0.05,0.05,0.1,9924.266667,0,7.7
0.04,0.05,0.05,0.3,9931.8,0,6.633333333
0.04,0.05,0.055,0.03,9977.266667,0,7.3
0.04,0.05,0.055,0.1,10119.8,0,6.4
0.04,0.05,0.055,0.3,10043.8,0,6.466666667
0.04,0.05,0.06,0.03,10206.1,0,6.1
0.04,0.05,0.06,0.1,10222.5,0,5.833333333
0.04,0.05,0.06,0.3,10324.3,0,6.066666667
0.04,0.055,0.03,0.03,2391.866667,1754.366667,384.7666667
0.04,0.055,0.03,0.1,2788.8,1384.466667,610.0666667
0.04,0.055,0.03,0.3,4619.166667,462.9,556.4333333
0.04,0.055,0.035,0.03,6728.2,674.4666667,186.4
0.04,0.055,0.035,0.1,7481.633333,396.0333333,211.1
0.04,0.055,0.035,0.3,8184.166667,25.23333333,49.4
0.04,0.055,0.04,0.03,8817.933333,81.76666667,39.46666667
0.04,0.055,0.04,0.1,8938.4,60.5,34.66666667
0.04,0.055,0.04,0.3,9199.766667,18.13333333,28.6
0.04,0.055,0.045,0.03,9376.233333,64.5,32.06666667
0.04,0.055,0.045,0.1,9638.633333,0.033333333,8.333333333
0.04,0.055,0.045,0.3,9563.8,0,7.633333333
0.04,0.055,0.05,0.03,9848.433333,0,7.533333333
0.04,0.055,0.05,0.1,9958.066667,0,6.6
0.04,0.055,0.05,0.3,10020.73333,0,7.466666667
0.04,0.055,0.055,0.03,10095.3,0,5.7
0.04,0.055,0.055,0.1,10141.06667,0,6.6
0.04,0.055,0.055,0.3,10145.5,0,5.6
0.04,0.055,0.06,0.03,10330.8,0,4.5
0.04,0.055,0.06,0.1,10180.9,0,5.433333333
0.04,0.055,0.06,0.3,10321.63333,0,5.2
0.04,0.06,0.03,0.03,3245.4,1658.666667,396.6333333
0.04,0.06,0.03,0.1,4985.4,846.4666667,395.7333333
0.04,0.06,0.03,0.3,5017.966667,397.6333333,536.6333333
0.04,0.06,0.035,0.03,7252.833333,614.3666667,162.5
0.04,0.06,0.035,0.1,7601.866667,275.5,152
0.04,0.06,0.035,0.3,8735.933333,23.36666667,41
0.04,0.06,0.04,0.03,9166.9,71.16666667,28.96666667
0.04,0.06,0.04,0.1,9361.033333,0.033333333,8.633333333
0.04,0.06,0.04,0.3,9457.533333,0.033333333,8.566666667
0.04,0.06,0.045,0.03,9813.633333,0,7.1
0.04,0.06,0.045,0.1,9814.233333,0,7.566666667
0.04,0.06,0.045,0.3,9709.1,0,7.8
0.04,0.06,0.05,0.03,9955.266667,0,6.566666667
0.04,0.06,0.05,0.1,10009.4,0,7.266666667
0.04,0.06,0.05,0.3,10093.2,0,6.066666667
0.04,0.06,0.055,0.03,10293.66667,0,5.6
0.04,0.06,0.055,0.1,10153.83333,0,5.933333333
0.04,0.06,0.055,0.3,10223.2,0,6.3
0.04,0.06,0.06,0.03,10423.8,0,5
0.04,0.06,0.06,0.1,10313.5,0,6.033333333
0.04,0.06,0.06,0.3,10304.33333,0,5.366666667
0.045,0.02,0.03,0.03,291.2666667,1947.866667,177.1666667
0.045,0.02,0.03,0.1,516.0333333,1743.966667,319.0666667
0.045,0.02,0.03,0.3,445.8333333,1063.566667,495.6333333
0.045,0.02,0.035,0.03,542.7,2091.9,221.0666667
0.045,0.02,0.035,0.1,595.9,1807.833333,363.3666667
0.045,0.02,0.035,0.3,824.8333333,1244.6,601.1333333
0.045,0.02,0.04,0.03,765.9,2166.8,276.3333333
0.045,0.02,0.04,0.1,1086.7,1899.133333,423.4
0.045,0.02,0.04,0.3,1355.466667,1366.6,684.3
0.045,0.02,0.045,0.03,1535.1,2204.2,363.8666667
0.045,0.02,0.045,0.1,1506.833333,1940.966667,490.0666667
0.045,0.02,0.045,0.3,2090.4,1380.866667,710.1333333
0.045,0.02,0.05,0.03,2645.333333,1942.7,396.5666667
0.045,0.02,0.05,0.1,2864.466667,1813.733333,514.2666667
0.045,0.02,0.05,0.3,3019.466667,1388.666667,773.3
0.045,0.02,0.055,0.03,4450.133333,1664.366667,369.7333333
0.045,0.02,0.055,0.1,4718.866667,1399.3,445.7333333
0.045,0.02,0.055,0.3,5703.133333,800,479.0666667
0.045,0.02,0.06,0.03,6522.1,1057.4,260.2666667
0.045,0.02,0.06,0.1,7494.866667,559.1,197
0.045,0.02,0.06,0.3,7938.433333,260.3333333,175.4333333
0.045,0.025,0.03,0.03,299.8333333,1867.966667,219.3
0.045,0.025,0.03,0.1,422,1644.5,356.2333333
0.045,0.025,0.03,0.3,581.3666667,954.0666667,573.0333333
0.045,0.025,0.035,0.03,660.3666667,2045.6,256.9
0.045,0.025,0.035,0.1,796.7666667,1820.233333,442.1
0.045,0.025,0.035,0.3,974.3333333,1106.433333,668.5
0.045,0.025,0.04,0.03,1235.733333,2156.2,352.8666667
0.045,0.025,0.04,0.1,1402.766667,1896.4,500.3666667
0.045,0.025,0.04,0.3,1736.1,1270.366667,759.3333333
0.045,0.025,0.045,0.03,2033.2,2074.5,409.0666667
0.045,0.025,0.045,0.1,2385.633333,1852.9,540.7
0.045,0.025,0.045,0.3,3256.7,1042.133333,675.1333333
0.045,0.025,0.05,0.03,4165.633333,1636.9,361.5666667
0.045,0.025,0.05,0.1,4049.766667,1571.166667,522.4666667
0.045,0.025,0.05,0.3,5497.766667,807.1,532.3333333
0.045,0.025,0.055,0.03,6847.6,898.8333333,239.4666667
0.045,0.025,0.055,0.1,6821,689.5333333,259
0.045,0.025,0.055,0.3,7641.666667,216.7333333,164.1666667
0.045,0.025,0.06,0.03,8220.933333,346,93.13333333
0.045,0.025,0.06,0.1,9221.733333,5.033333333,16.66666667
0.045,0.025,0.06,0.3,8636.5,79,72.83333333
0.045,0.03,0.03,0.03,522.3333333,1946.7,253.7333333
0.045,0.03,0.03,0.1,503.7666667,1560.4,408.9333333
0.045,0.03,0.03,0.3,885.1666667,944.9333333,665.7666667
0.045,0.03,0.035,0.03,886.9,2119.766667,303.1333333
0.045,0.03,0.035,0.1,966.8,1696.633333,473.2666667
0.045,0.03,0.035,0.3,1494.766667,1079.8,746.3
0.045,0.03,0.04,0.03,1405.966667,2135,372.8
0.045,0.03,0.04,0.1,1385.233333,1817.166667,551.2333333
0.045,0.03,0.04,0.3,2738.833333,1063.233333,765.6666667
0.045,0.03,0.045,0.03,3027.066667,1930.366667,391.1666667
0.045,0.03,0.045,0.1,3722.933333,1470.933333,506.4
0.045,0.03,0.045,0.3,4586.566667,857.6,598.8666667
0.045,0.03,0.05,0.03,6343.566667,1089.333333,275.2666667
0.045,0.03,0.05,0.1,6071.7,904.2666667,346.9333333
0.045,0.03,0.05,0.3,7558.833333,268.8,223.7666667
0.045,0.03,0.055,0.03,7884.166667,408.1,122.3
0.045,0.03,0.055,0.1,8740.733333,62.8,43.9
0.045,0.03,0.055,0.3,9110.4,1.033333333,16.7
0.045,0.03,0.06,0.03,8795.033333,206.0666667,62.33333333
0.045,0.03,0.06,0.1,9192.033333,111.2666667,64.33333333
0.045,0.03,0.06,0.3,9345.766667,0,9.633333333
0.045,0.035,0.03,0.03,481.0666667,1953.8,302.9666667
0.045,0.035,0.03,0.1,618.9,1547.166667,463.5666667
0.045,0.035,0.03,0.3,992.8333333,742.5666667,657.2
0.045,0.035,0.035,0.03,781.6666667,2039.5,338.0666667
0.045,0.035,0.035,0.1,1004.933333,1689.233333,530.5666667
0.045,0.035,0.035,0.3,1615.233333,1011.266667,801.3666667
0.045,0.035,0.04,0.03,2372.333333,1917.633333,372.9
0.045,0.035,0.04,0.1,2760.733333,1575.3,530.2666667
0.045,0.035,0.04,0.3,4118.5,841.3,674.2333333
0.045,0.035,0.045,0.03,5025.866667,1253.4,307.4333333
0.045,0.035,0.045,0.1,4853.366667,1122.1,441.0666667
0.045,0.035,0.045,0.3,6140.766667,410.2333333,368.6333333
0.045,0.035,0.05,0.03,7497.7,514.9333333,143.7333333
0.045,0.035,0.05,0.1,8101.1,301.1333333,120.9333333
0.045,0.035,0.05,0.3,8375.9,114.6,112.9333333
0.045,0.035,0.055,0.03,8857.933333,114.9333333,46.63333333
0.045,0.035,0.055,0.1,9169.8,0.766666667,12.8
0.045,0.035,0.055,0.3,9196.733333,0,12.8
0.045,0.035,0.06,0.03,9444.533333,6.533333333,13.86666667
0.045,0.035,0.06,0.1,9738.733333,0,7.466666667
0.045,0.035,0.06,0.3,9524.1,0,7.766666667
0.045,0.04,0.03,0.03,602.5,1961.8,316.4
0.045,0.04,0.03,0.1,734.3333333,1555.566667,501.2
0.045,0.04,0.03,0.3,1134.666667,704.2666667,727
0.045,0.04,0.035,0.03,1252.966667,2079,406.5
0.045,0.04,0.035,0.1,1523.533333,1700.333333,624.3666667
0.045,0.04,0.035,0.3,3051,819.0666667,763.8333333
0.045,0.04,0.04,0.03,3566.9,1712.3,371.8666667
0.045,0.04,0.04,0.1,3951.933333,1265.533333,485.6333333
0.045,0.04,0.04,0.3,4813.233333,618.2,584.2
0.045,0.04,0.045,0.03,6714.333333,820.5333333,214.2333333
0.045,0.04,0.045,0.1,7005.4,450.6,197.0333333
0.045,0.04,0.045,0.3,7866.5,128.6666667,131.0333333
0.045,0.04,0.05,0.03,8290.566667,257.8666667,102.4666667
0.045,0.04,0.05,0.1,8763.966667,162.5,78.3
0.045,0.04,0.05,0.3,9107.933333,0,12.03333333
0.045,0.04,0.055,0.03,9474.833333,0,8.733333333
0.045,0.04,0.055,0.1,9546.9,0,8.933333333
0.045,0.04,0.055,0.3,9564.833333,0,7.933333333
0.045,0.04,0.06,0.03,9904.5,0,7.033333333
0.045,0.04,0.06,0.1,9784.733333,0,7.6
0.045,0.04,0.06,0.3,9831.833333,0,8.1
0.045,0.045,0.03,0.03,840.8666667,1985.7,362.4666667
0.045,0.045,0.03,0.1,894.2,1585.533333,544.6333333
0.045,0.045,0.03,0.3,1728.633333,735.7666667,782.4666667
0.045,0.045,0.035,0.03,1569.333333,2078.4,423.2333333
0.045,0.045,0.035,0.1,2199.966667,1393.433333,520.4
0.045,0.045,0.035,0.3,3589,665.0666667,677.6333333
0.045,0.045,0.04,0.03,4416.533333,1407.2,358.1333333
0.045,0.045,0.04,0.1,5750.866667,727.5333333,301.9666667
0.045,0.045,0.04,0.3,6990.3,242.2,268.7
0.045,0.045,0.045,0.03,7333.133333,567.3,158.1333333
0.045,0.045,0.045,0.1,7584.533333,342.3333333,167
0.045,0.045,0.045,0.3,8732.366667,14.1,27.86666667
0.045,0.045,0.05,0.03,9026.966667,119.5333333,44.86666667
0.045,0.045,0.05,0.1,9202.066667,53.66666667,35.23333333
0.045,0.045,0.05,0.3,9361.233333,0,8.8
0.045,0.045,0.055,0.03,9676.333333,0,8
0.045,0.045,0.055,0.1,9663.166667,0.466666667,9.333333333
0.045,0.045,0.055,0.3,9720.866667,0,7.1
0.045,0.045,0.06,0.03,9951.433333,0,7.066666667
0.045,0.045,0.06,0.1,9889.033333,0,7.466666667
0.045,0.045,0.06,0.3,9974.866667,0,7.233333333
0.045,0.05,0.03,0.03,1067.366667,2010.5,368.1333333
0.045,0.05,0.03,0.1,1065.3,1534.766667,602.6333333
0.045,0.05,0.03,0.3,2425.766667,646.9666667,720.4666667
0.045,0.05,0.035,0.03,2252.233333,1924.133333,438.9
0.045,0.05,0.035,0.1,3210,1356,564.2666667
0.045,0.05,0.035,0.3,5002.333333,459.0333333,536.2666667
0.045,0.05,0.04,0.03,6683.3,679.8333333,197.1
0.045,0.05,0.04,0.1,6581.333333,641.0333333,286.5
0.045,0.05,0.04,0.3,7686.566667,114.4,134.4666667
0.045,0.05,0.045,0.03,8251.366667,279.0666667,85.06666667
0.045,0.05,0.045,0.1,8571.5,48.76666667,42
0.045,0.05,0.045,0.3,9134,0,9.4
0.045,0.05,0.05,0.03,9324.733333,67.5,27.96666667
0.045,0.05,0.05,0.1,9130.166667,56,38.7
0.045,0.05,0.05,0.3,9525.666667,0,7.833333333
0.045,0.05,0.055,0.03,9815.233333,0,7.166666667
0.045,0.05,0.055,0.1,9649.466667,0,7.466666667
0.045,0.05,0.055,0.3,9940.733333,0,7
0.045,0.05,0.06,0.03,9992.633333,0,7
0.045,0.05,0.06,0.1,10068.16667,0,5.4
0.045,0.05,0.06,0.3,10057.06667,0,6.166666667
0.045,0.055,0.03,0.03,1138.733333,1889.733333,416.7333333
0.045,0.055,0.03,0.1,1681.666667,1453.033333,612.0333333
0.045,0.055,0.03,0.3,2909.4,606.2333333,748.0333333
0.045,0.055,0.035,0.03,3768.9,1388.733333,364.1
0.045,0.055,0.035,0.1,4158.266667,1142.133333,534.7333333
0.045,0.055,0.035,0.3,5927.266667,310.3,398.8333333
0.045,0.055,0.04,0.03,6911.6,684.3333333,187.3333333
0.045,0.055,0.04,0.1,7549.033333,309.8333333,162.4333333
0.045,0.055,0.04,0.3,8120.866667,87.76666667,116.3333333
0.045,0.055,0.045,0.03,9112.366667,74.43333333,24.2
0.045,0.055,0.045,0.1,8994.6,62.2,31.33333333
0.045,0.055,0.045,0.3,9324.8,0,8.233333333
0.045,0.055,0.05,0.03,9645.4,0,7.7
0.045,0.055,0.05,0.1,9622.433333,0,7.8
0.045,0.055,0.05,0.3,9757.9,0,7.4
0.045,0.055,0.055,0.03,9813.9,0,6.733333333
0.045,0.055,0.055,0.1,9843.233333,0,6.566666667
0.045,0.055,0.055,0.3,9921.7,0,6.4
0.045,0.055,0.06,0.03,10073.86667,0,5.966666667
0.045,0.055,0.06,0.1,10130.73333,0,6.1
0.045,0.055,0.06,0.3,10126.8,0,7.233333333
0.045,0.06,0.03,0.03,1654.166667,1944.666667,445.8666667
0.045,0.06,0.03,0.1,2285.5,1359.533333,630
0.045,0.06,0.03,0.3,3312.366667,489.5333333,675.6666667
0.045,0.06,0.035,0.03,5040.033333,1175.533333,306.9666667
0.045,0.06,0.035,0.1,4751.733333,969.5666667,475.4
0.045,0.06,0.035,0.3,6831.6,204.9333333,271.3
0.045,0.06,0.04,0.03,8333,204.4333333,71.86666667
0.045,0.06,0.04,0.1,8561.1,107.7,65.66666667
0.045,0.06,0.04,0.3,8881.733333,0,11.43333333
0.045,0.06,0.045,0.03,9417.4,0.2,8.433333333
0.045,0.06,0.045,0.1,9348.9,0.166666667,9.7
0.045,0.06,0.045,0.3,9579.633333,0,7.9
0.045,0.06,0.05,0.03,9651.766667,0,7.1
0.045,0.06,0.05,0.1,9805.766667,0,7.3
0.045,0.06,0.05,0.3,9871.6,0,6.3
0.045,0.06,0.055,0.03,9960.3,0,7.066666667
0.045,0.06,0.055,0.1,9970.866667,0,6.366666667
0.045,0.06,0.055,0.3,9962.5,0,5.833333333
0.045,0.06,0.06,0.03,10202.8,0,5.466666667
0.045,0.06,0.06,0.1,10177.4,0,5.666666667
0.045,0.06,0.06,0.3,10193.33333,0,6.6
0.05,0.02,0.03,0.03,191.6,1770.133333,165.1333333
0.05,0.02,0.03,0.1,211.9,1538.9,283.3333333
0.05,0.02,0.03,0.3,270.8333333,825.1,431.5333333
0.05,0.02,0.035,0.03,472.9,2017.066667,206.6666667
0.05,0.02,0.035,0.1,453.2333333,1773.7,332.8
0.05,0.02,0.035,0.3,523.7666667,1172.433333,562.9333333
0.05,0.02,0.04,0.03,694.8666667,2117.466667,247.8333333
0.05,0.02,0.04,0.1,679.5666667,1902.533333,382.0333333
0.05,0.02,0.04,0.3,935.8666667,1296.066667,608.3666667
0.05,0.02,0.045,0.03,957.5666667,2188.266667,309.7333333
0.05,0.02,0.045,0.1,1147.133333,1952.7,425
0.05,0.02,0.045,0.3,1616.133333,1435.866667,691.6666667
0.05,0.02,0.05,0.03,1640.7,2103.7,365.1
0.05,0.02,0.05,0.1,1587.033333,1948.166667,479.5666667
0.05,0.02,0.05,0.3,2563.8,1476.4,759.4666667
0.05,0.02,0.055,0.03,2268,2158.7,434.5333333
0.05,0.02,0.055,0.1,3033.033333,1779.933333,504.5666667
0.05,0.02,0.055,0.3,3043.6,1418.266667,740.5666667
0.05,0.02,0.06,0.03,4466.333333,1603.866667,376.7666667
0.05,0.02,0.06,0.1,4303.9,1404.633333,444.6666667
0.05,0.02,0.06,0.3,5475.166667,928.4333333,523.6
0.05,0.025,0.03,0.03,270.7666667,1864,210.5333333
0.05,0.025,0.03,0.1,264.0333333,1461.366667,311.9
0.05,0.025,0.03,0.3,496.4333333,870.1666667,534.8333333
0.05,0.025,0.035,0.03,518.9333333,2008.366667,239.7333333
0.05,0.025,0.035,0.1,629.2666667,1747.566667,383.3
0.05,0.025,0.035,0.3,774.6333333,1063.5,631.9333333
0.05,0.025,0.04,0.03,895.4333333,2086.4,295.9
0.05,0.025,0.04,0.1,958.7,1856.733333,445.8666667
0.05,0.025,0.04,0.3,1428.433333,1170.5,698.8
0.05,0.025,0.045,0.03,1232.8,2137.2,351.8666667
0.05,0.025,0.045,0.1,1436.733333,1905.133333,510.5
0.05,0.025,0.045,0.3,1736.4,1316.1,772.2666667
0.05,0.025,0.05,0.03,2163.133333,2166.8,408.4333333
0.05,0.025,0.05,0.1,1981.366667,1899.666667,569.2666667
0.05,0.025,0.05,0.3,3713.566667,1097.666667,698.9333333
0.05,0.025,0.055,0.03,3886.066667,1776.4,392.3666667
0.05,0.025,0.055,0.1,5285.3,1273.866667,419.0666667
0.05,0.025,0.055,0.3,5433.066667,697.4333333,492.7333333
0.05,0.025,0.06,0.03,6147.466667,1046.966667,257.3666667
0.05,0.025,0.06,0.1,6373.866667,790.3,306.1
0.05,0.025,0.06,0.3,7167.2,403.7,279.5
0.05,0.03,0.03,0.03,389.3666667,1880.3,227.2333333
0.05,0.03,0.03,0.1,335.0666667,1496.433333,372.0333333
0.05,0.03,0.03,0.3,545.4666667,762.9,559.9333333
0.05,0.03,0.035,0.03,522.5333333,1934.933333,265
0.05,0.03,0.035,0.1,700.9333333,1611.366667,423.2666667
0.05,0.03,0.035,0.3,1048.266667,986.2333333,698.0666667
0.05,0.03,0.04,0.03,1041.433333,2103.366667,320.5333333
0.05,0.03,0.04,0.1,1302.166667,1796.866667,507.1666667
0.05,0.03,0.04,0.3,1632.2,1084.133333,744.3333333
0.05,0.03,0.045,0.03,1994.966667,2168.933333,402
0.05,0.03,0.045,0.1,2262.5,1716.233333,527.6666667
0.05,0.03,0.045,0.3,2667.266667,1099.166667,774.4
0.05,0.03,0.05,0.03,3627.533333,1700.9,388.9666667
0.05,0.03,0.05,0.1,3604.7,1445.7,503.6333333
0.05,0.03,0.05,0.3,4770.7,818.6,606.6666667
0.05,0.03,0.055,0.03,5775.466667,1142.566667,320.6333333
0.05,0.03,0.055,0.1,5955.866667,923.9333333,342.2
0.05,0.03,0.055,0.3,7705.4,212.6666667,178.1
0.05,0.03,0.06,0.03,7576.333333,539.9333333,167.6
0.05,0.03,0.06,0.1,8227.4,294.2,123.4333333
0.05,0.03,0.06,0.3,8849.566667,26.93333333,30.4
0.05,0.035,0.03,0.03,342.9666667,1864.033333,245.8666667
0.05,0.035,0.03,0.1,424.1,1454.166667,416.8666667
0.05,0.035,0.03,0.3,818.4666667,636.2333333,580.1
0.05,0.035,0.035,0.03,639.1333333,2089.433333,314.9666667
0.05,0.035,0.035,0.1,852.1333333,1655.033333,487.1666667
0.05,0.035,0.035,0.3,1252,881.0666667,737
0.05,0.035,0.04,0.03,1227.2,2089.466667,371.4666667
0.05,0.035,0.04,0.1,1639.766667,1736.266667,542.6
0.05,0.035,0.04,0.3,2169.633333,998.9,798.8
0.05,0.035,0.045,0.03,2477.166667,1984.466667,402.7
0.05,0.035,0.045,0.1,4007.2,1402.333333,472.9333333
0.05,0.035,0.045,0.3,4292.566667,821.8,632.2
0.05,0.035,0.05,0.03,5887.4,977.1333333,247.7
0.05,0.035,0.05,0.1,5472.033333,958.5,371.5
0.05,0.035,0.05,0.3,6480.3,402.7666667,340.2
0.05,0.035,0.055,0.03,8273.833333,199.9333333,60.5
0.05,0.035,0.055,0.1,8400.633333,199.0666667,85.73333333
0.05,0.035,0.055,0.3,8244.566667,108.3666667,111.6
0.05,0.035,0.06,0.03,8320.433333,346.1,100.6333333
0.05,0.035,0.06,0.1,9057.9,38.5,26.76666667
0.05,0.035,0.06,0.3,9130.166667,0.033333333,11.2
0.05,0.04,0.03,0.03,521.4666667,1884.1,279.8
0.05,0.04,0.03,0.1,464,1385.5,453.0666667
0.05,0.04,0.03,0.3,1032.5,715.6333333,670.0666667
0.05,0.04,0.035,0.03,990.8666667,2058.2,350.8666667
0.05,0.04,0.035,0.1,1059.8,1604.466667,543.3666667
0.05,0.04,0.035,0.3,1929.433333,901.5666667,774.2333333
0.05,0.04,0.04,0.03,2363.266667,1988.933333,395.9
0.05,0.04,0.04,0.1,3109.933333,1372.266667,508.2
0.05,0.04,0.04,0.3,3754.033333,687.6666667,657.5
0.05,0.04,0.045,0.03,3907,1486.5,335.1333333
0.05,0.04,0.045,0.1,5393.133333,910.4666667,373.8333333
0.05,0.04,0.045,0.3,5857.733333,434.0666667,420.7333333
0.05,0.04,0.05,0.03,6279.4,901.1666667,251.4
0.05,0.04,0.05,0.1,7341.6,416.7,178.2
0.05,0.04,0.05,0.3,7957.133333,75.23333333,109.8333333
0.05,0.04,0.055,0.03,8176.3,312.9666667,96.7
0.05,0.04,0.055,0.1,8551.933333,125.7666667,65.56666667
0.05,0.04,0.055,0.3,9067.466667,39.5,42.53333333
0.05,0.04,0.06,0.03,9495.966667,0.3,10.03333333
0.05,0.04,0.06,0.1,9414.166667,0.1,9.166666667
0.05,0.04,0.06,0.3,9449.466667,0,9.066666667
0.05,0.045,0.03,0.03,666.8333333,1904.666667,323.7666667
0.05,0.045,0.03,0.1,494.6,1384.7,484.6333333
0.05,0.045,0.03,0.3,1199.733333,629.6666667,665.4666667
0.05,0.045,0.035,0.03,1100.4,2058.2,376
0.05,0.045,0.035,0.1,1325.033333,1636.866667,589.0666667
0.05,0.045,0.035,0.3,1867.4,812.2,796.6666667
0.05,0.045,0.04,0.03,2610.466667,1798.533333,384.2666667
0.05,0.045,0.04,0.1,2997.466667,1597.133333,617.6666667
0.05,0.045,0.04,0.3,4392.9,616.1,593.2666667
0.05,0.045,0.045,0.03,4512.766667,1472.9,367.5666667
0.05,0.045,0.045,0.1,5860.566667,837.3666667,360.3
0.05,0.045,0.045,0.3,7873.066667,116.4666667,130.5
0.05,0.045,0.05,0.03,7407.933333,595.3666667,178.3
0.05,0.045,0.05,0.1,8614.6,58.63333333,35.8
0.05,0.045,0.05,0.3,8548.266667,86.33333333,118.2666667
0.05,0.045,0.055,0.03,9112.266667,67.33333333,28.3
0.05,0.045,0.055,0.1,9240.433333,26.46666667,22.93333333
0.05,0.045,0.055,0.3,9307.466667,0.033333333,9.766666667
0.05,0.045,0.06,0.03,9668.966667,14.73333333,14.2
0.05,0.045,0.06,0.1,9613.433333,0,7.133333333
0.05,0.045,0.06,0.3,9742.233333,0,6.866666667
0.05,0.05,0.03,0.03,650.7666667,1950.533333,334
0.05,0.05,0.03,0.1,782.9333333,1429.2,532.2333333
0.05,0.05,0.03,0.3,1294.8,590.2,706.0666667
0.05,0.05,0.035,0.03,1352.533333,2052.333333,393.5
0.05,0.05,0.035,0.1,1305,1639.933333,639.7666667
0.05,0.05,0.035,0.3,4232.333333,508.8,578.4333333
0.05,0.05,0.04,0.03,3748.9,1523.7,352.2333333
0.05,0.05,0.04,0.1,4392.133333,1102.8,460.6
0.05,0.05,0.04,0.3,5992.8,316.5666667,353.0666667
0.05,0.05,0.045,0.03,7667.333333,359.0333333,112.3
0.05,0.05,0.045,0.1,6592.533333,575.4,251.7
0.05,0.05,0.045,0.3,7946.833333,100.3333333,136.4
0.05,0.05,0.05,0.03,8773.766667,79.23333333,32.16666667
0.05,0.05,0.05,0.1,8638.933333,166.8,95.5
0.05,0.05,0.05,0.3,9128.6,3.633333333,17.26666667
0.05,0.05,0.055,0.03,9256.833333,64.3,32.63333333
0.05,0.05,0.055,0.1,9551.633333,0,8.066666667
0.05,0.05,0.055,0.3,9558.266667,0,7.8
0.05,0.05,0.06,0.03,9736.966667,0,7.7
0.05,0.05,0.06,0.1,9721.833333,0,7.2
0.05,0.05,0.06,0.3,9729.133333,0,7.166666667
0.05,0.055,0.03,0.03,671.9,1911.6,377.0333333
0.05,0.055,0.03,0.1,1064,1439.8,618.8
0.05,0.055,0.03,0.3,1946.566667,600.6333333,757.8333333
0.05,0.055,0.035,0.03,1772.733333,1904.566667,400.4666667
0.05,0.055,0.035,0.1,2205.833333,1517,650.8666667
0.05,0.055,0.035,0.3,5118.4,395.7333333,478.6333333
0.05,0.055,0.04,0.03,4632.266667,1390.233333,346.3
0.05,0.055,0.04,0.1,5821.133333,702.1333333,340.9
0.05,0.055,0.04,0.3,7937.3,52.36666667,80.83333333
0.05,0.055,0.045,0.03,7752.733333,396.9666667,128.4333333
0.05,0.055,0.045,0.1,8065.433333,269.9333333,126.2
0.05,0.055,0.045,0.3,7844.733333,124.3333333,145.0666667
0.05,0.055,0.05,0.03,8979.933333,132.2,43.7
0.05,0.055,0.05,0.1,8824.8,107.5,62.23333333
0.05,0.055,0.05,0.3,9457.1,0,7.466666667
0.05,0.055,0.055,0.03,9619.366667,0,8.533333333
0.05,0.055,0.055,0.1,9560.333333,0,6.866666667
0.05,0.055,0.055,0.3,9791.533333,0,7.1
0.05,0.055,0.06,0.03,9815,0,6.7
0.05,0.055,0.06,0.1,9901.033333,0,6.833333333
0.05,0.055,0.06,0.3,9937.8,0,6.1
0.05,0.06,0.03,0.03,977.1666667,1919.433333,399
0.05,0.06,0.03,0.1,1207.6,1482.366667,651.5
0.05,0.06,0.03,0.3,3098.833333,488.0666667,700.2
0.05,0.06,0.035,0.03,2483.133333,1881.333333,417.8666667
0.05,0.06,0.035,0.1,3697.466667,1138.566667,492.6666667
0.05,0.06,0.035,0.3,4821.066667,430.2,562.3333333
0.05,0.06,0.04,0.03,7174.766667,585.4,170.9
0.05,0.06,0.04,0.1,6214.9,599.1333333,304.2666667
0.05,0.06,0.04,0.3,7874.4,77.96666667,109.6333333
0.05,0.06,0.045,0.03,8678.766667,133.0333333,55.5
0.05,0.06,0.045,0.1,8668.8,31.03333333,29.76666667
0.05,0.06,0.045,0.3,8780.766667,34,51.03333333
0.05,0.06,0.05,0.03,8833,277.3333333,78.93333333
0.05,0.06,0.05,0.1,9418.166667,0,8.4
0.05,0.06,0.05,0.3,9487.633333,0,8.266666667
0.05,0.06,0.055,0.03,9566.666667,0,7.233333333
0.05,0.06,0.055,0.1,9645.6,0.1,8.166666667
0.05,0.06,0.055,0.3,9896.433333,0,6.3
0.05,0.06,0.06,0.03,9976.3,0,5.666666667
0.05,0.06,0.06,0.1,9953.6,0,5.866666667
0.05,0.06,0.06,0.3,10004.06667,0,6.033333333
0.055,0.02,0.03,0.03,131.6,1630.2,151.4
0.055,0.02,0.03,0.1,142.9,1433.566667,258.8
0.055,0.02,0.03,0.3,245.5666667,848.4,423.6666667
0.055,0.02,0.035,0.03,244.5,1922.933333,187.9333333
0.055,0.02,0.035,0.1,239.0666667,1633.6,293.2666667
0.055,0.02,0.035,0.3,488.9666667,1052.066667,493.2666667
0.055,0.02,0.04,0.03,525.6333333,2079.266667,222.8333333
0.055,0.02,0.04,0.1,459.7666667,1807.933333,338.8
0.055,0.02,0.04,0.3,739.7666667,1178.766667,572.0666667
0.055,0.02,0.045,0.03,814.7333333,2199.266667,264.3
0.055,0.02,0.045,0.1,863.3666667,1883.833333,381.3
0.055,0.02,0.045,0.3,1154.633333,1317.533333,628.4666667
0.055,0.02,0.05,0.03,1046.2,2174.966667,314.5666667
0.055,0.02,0.05,0.1,1060.433333,1940,432.4333333
0.055,0.02,0.05,0.3,1534.166667,1416.766667,690.4
0.055,0.02,0.055,0.03,1510.133333,2209.833333,351.6333333
0.055,0.02,0.055,0.106666667,2079.433333,1898.166667,490.3
0.055,0.02,0.055166667,0.291,2303.133333,1481.8,734.3666667
0.055,0.02,0.06,0.032333333,3313.2,1799.7,361.6
0.055,0.02,0.06,0.106666667,3245.2,1860.933333,487.6333333
0.055,0.020166667,0.059,0.291,3895.166667,1252.566667,669.8
0.055,0.025,0.03,0.032333333,143.3333333,1543.7,170.4333333
0.055,0.025,0.03,0.106666667,229.0333333,1360.433333,303.4666667
0.055,0.025,0.030166667,0.291,349.3333333,791,456.6333333
0.055,0.025,0.035,0.032333333,316.4666667,1944.033333,213.3333333
0.055,0.025,0.035,0.106666667,401.9,1604.4,376.7
0.055,0.025,0.035166667,0.291,573.9,880.8,525.4333333
0.055,0.025,0.04,0.032333333,589.8666667,2046.5,244.0666667
0.055,0.025,0.04,0.106666667,710.1,1696.333333,413
0.055,0.025,0.040166667,0.291,1109.866667,1201.8,642.1333333
0.055,0.025,0.045,0.032333333,861.5666667,2101.7,293.4
0.055,0.025,0.045,0.106666667,1058.366667,1804.3,454.1
0.055,0.025,0.045166667,0.291,1184.533333,1235.3,706.2
0.055,0.025,0.05,0.032333333,1845.633333,2094.033333,343.8666667
0.055,0.025,0.05,0.106666667,1797.933333,1876.533333,516.2333333
0.055,0.025,0.050166667,0.291,2422.566667,1326.266667,773.0333333
0.055,0.025,0.055,0.032333333,2958.833333,1914.233333,389.4333333
0.055,0.025,0.055,0.106666667,2764.2,1777.6,548.7
0.055,0.025,0.055166667,0.291,3563.733333,1178.933333,689.3666667
0.055,0.025,0.06,0.032333333,5226.333333,1349.1,296.8
0.055,0.025,0.06,0.106666667,5111.366667,1176.166667,400.4333333
0.055,0.025166667,0.059,0.291,5080.433333,899.1333333,535.6
0.055,0.03,0.03,0.032333333,286,1787.166667,217.6333333
0.055,0.03,0.03,0.106666667,263.7666667,1310.966667,341.1666667
0.055,0.03,0.030166667,0.291,436.6333333,652.1,488.7
0.055,0.03,0.035,0.032333333,398.9666667,1823.9,239.8666667
0.055,0.03,0.035,0.106666667,520.6,1561.7,399.1333333
0.055,0.03,0.035166667,0.291,831.7666667,886.3,606.6
0.055,0.03,0.04,0.032333333,770.1666667,2003.966667,298.1333333
0.055,0.03,0.04,0.106666667,825.8666667,1711.033333,468.5
0.055,0.03,0.040166667,0.291,1193.866667,1021.266667,683.7
0.055,0.03,0.045,0.032333333,1201.066667,2158.533333,352.3333333
0.055,0.03,0.045,0.106666667,1699.5,1710.233333,514.3333333
0.055,0.03,0.045166667,0.291,2017.433333,1170.166667,754.5
0.055,0.03,0.05,0.032333333,2263.766667,1992.866667,397.3666667
0.055,0.03,0.05,0.106666667,2483.966667,1674.866667,524.4333333
0.055,0.03,0.050166667,0.291,3614.933333,1047.7,704.9333333
0.055,0.03,0.055,0.032333333,4040.566667,1621.133333,381.9666667
0.055,0.03,0.055,0.106666667,4269.3,1288,463.8
0.055,0.03,0.055166667,0.291,5599.966667,742.4,516.0666667
0.055,0.03,0.06,0.032333333,6032.2,1045.066667,284.2666667
0.055,0.03,0.06,0.106666667,6871.933333,614.2666667,229.1333333
0.055,0.030166667,0.059,0.291,7251.233333,265.8,186.1
0.055,0.035,0.03,0.032333333,235.9333333,1671.633333,235
0.055,0.035,0.03,0.106666667,427.5,1340.866667,377.1666667
0.055,0.035,0.030166667,0.291,574.1,578.3,503.2666667
0.055,0.035,0.035,0.032333333,557.0333333,1935.8,280.1666667
0.055,0.035,0.035,0.106666667,666.2666667,1508.933333,445.2
0.055,0.035,0.035166667,0.291,897.9666667,859.7,659.0666667
0.055,0.035,0.04,0.032333333,880.2666667,2068.666667,335.1333333
0.055,0.035,0.04,0.106666667,965.4,1653.933333,515.4666667
0.055,0.035,0.040166667,0.291,1399.033333,986.6666667,722.5
0.055,0.035,0.045,0.032333333,1925.166667,2019.1,386.9
0.055,0.035,0.045,0.106666667,1809,1787.833333,582.1333333
0.055,0.035,0.045166667,0.291,3281.6,864.8333333,691.3
0.055,0.035,0.05,0.032333333,2595.7,1976,431.9666667
0.055,0.035,0.05,0.106666667,4130.233333,1257.4,470.1333333
0.055,0.035,0.050166667,0.291,5206.133333,622.6,526.3666667
0.055,0.035,0.055,0.032333333,5739.533333,1012.033333,294.9666667
0.055,0.035,0.055,0.106666667,6620.866667,630.2333333,234.3666667
0.055,0.035,0.055166667,0.291,7471.866667,261.8,243.4666667
0.055,0.035,0.06,0.032333333,7181.333333,758.5333333,203.2666667
0.055,0.035,0.06,0.106666667,7466.8,533.0666667,234.9666667
0.055,0.035166667,0.059,0.291,8190.166667,141.2333333,78.36666667
0.055,0.04,0.03,0.032333333,405.3333333,1875.033333,277.6666667
0.055,0.04,0.03,0.106666667,444.0333333,1390.6,440.6
0.055,0.04,0.030166667,0.291,746.2,632.8333333,589.4666667
0.055,0.04,0.035,0.032333333,631.1,1974.1,316.3333333
0.055,0.04,0.035,0.106666667,731.4,1465.9,491.7666667
0.055,0.04,0.035166667,0.291,1364.833333,868.1333333,735.7333333
0.055,0.04,0.04,0.032333333,1312.666667,1988.5,333.8666667
0.055,0.04,0.04,0.106666667,1800.433333,1660.9,582.8
0.055,0.04,0.040166667,0.291,1970.833333,812.5333333,767.1333333
0.055,0.04,0.045,0.032333333,2831.866667,1807.2,402.5333333
0.055,0.04,0.045,0.106666667,2420.1,1585.033333,625.4333333
0.055,0.04,0.045166667,0.291,4387.033333,775.1333333,621.5666667
0.055,0.04,0.05,0.032333333,3813.833333,1654.7,397.3333333
0.055,0.04,0.05,0.106666667,5727.3,849.6666667,353.1666667
0.055,0.04,0.050166667,0.291,6236.333333,477.7666667,406.6666667
0.055,0.04,0.055,0.032333333,7230.666667,724.9666667,201.1333333
0.055,0.04,0.055,0.106666667,7335.4,471.6666667,197.6333333
0.055,0.04,0.055166667,0.291,8074,158.3,149.5333333
0.055,0.04,0.06,0.032333333,8489.666667,148.4,44.63333333
0.055,0.04,0.06,0.106666667,9006.166667,55.26666667,40.5
0.055,0.040166667,0.059,0.291,8869.1,47.26666667,18.13333333
0.055,0.045,0.03,0.032333333,293.5,1690.866667,275.6333333
0.055,0.045,0.03,0.113333333,505.6333333,1293.4,463.6666667
0.055,0.045,0.030333333,0.282,694.7333333,549.1333333,548.9333333
0.055,0.045,0.035,0.034666667,705.7333333,1956.7,351.5666667
0.055,0.045,0.035,0.113333333,815.9,1523.266667,563.3
0.055,0.045,0.035333333,0.282,1652.7,803.3333333,715.8
0.055,0.045,0.04,0.034666667,1457.866667,2045.466667,418.3
0.055,0.045,0.04,0.113333333,2254.166667,1505.4,583.8666667
0.055,0.045,0.040333333,0.282,3060.766667,826.2666667,723.4333333
0.055,0.045,0.045,0.034666667,3406.4,1643.6,406.9
0.055,0.045,0.045,0.113333333,4174.033333,1188.366667,492.1
0.055,0.045,0.045333333,0.282,5314.333333,450.5,489.4333333
0.055,0.045,0.05,0.034666667,5041.933333,1252,315.9666667
0.055,0.045,0.05,0.113333333,6916.666667,592.1666667,254.4
0.055,0.045,0.050333333,0.282,7713.333333,148.5333333,168.0666667
0.055,0.045,0.055,0.034666667,8712.433333,0.533333333,14.2
0.055,0.045,0.055,0.113333333,8467.033333,157.3333333,101.1
0.055,0.045,0.055333333,0.282,8571.033333,48.8,68.26666667
0.055,0.045,0.06,0.034666667,8725.066667,167.8666667,53.96666667
0.055,0.045,0.06,0.113333333,9001.333333,60.36666667,39.33333333
0.055,0.045333333,0.058,0.282,8804.7,104.8666667,28.63333333
0.055,0.05,0.03,0.034666667,487.9666667,1820.033333,346.9
0.055,0.05,0.03,0.113333333,584.3333333,1216.266667,494.2
0.055,0.05,0.030333333,0.282,1073.866667,543.3333333,594.7
0.055,0.05,0.035,0.034666667,1004.433333,1963.533333,373.5
0.055,0.05,0.035,0.113333333,1078.966667,1384.066667,595.3
0.055,0.05,0.035333333,0.282,2046.5,783.7666667,704.0666667
0.055,0.05,0.04,0.034666667,2063.666667,2000.033333,448.4
0.055,0.05,0.04,0.113333333,2626.433333,1466.666667,615.8333333
0.055,0.05,0.040333333,0.282,5016.233333,472,470.1333333
0.055,0.05,0.045,0.034666667,4684.533333,1315.2,311.1
0.055,0.05,0.045,0.113333333,5423,889.7,397.6333333
0.055,0.05,0.045333333,0.282,6968.266667,242.3666667,257.7666667
0.055,0.05,0.05,0.034666667,6513.966667,826.6,213.9333333
0.055,0.05,0.05,0.113333333,7266.8,447.3333333,213.7333333
0.055,0.05,0.050333333,0.282,8469.166667,94.26666667,104.4
0.055,0.05,0.055,0.034666667,8958.933333,66.5,29.8
0.055,0.05,0.055,0.113333333,8748.8,123.4,56.06666667
0.055,0.05,0.055333333,0.282,9206.5,0.166666667,11.6
0.055,0.05,0.06,0.034666667,9305.6,69.5,26.03333333
0.055,0.05,0.06,0.113333333,9499.5,0,7.066666667
0.055,0.050333333,0.058,0.282,8867,107.1333333,24.43333333
0.055,0.055,0.03,0.034666667,601.6,1830.8,372.1333333
0.055,0.055,0.03,0.113333333,964.8,1358.2,569.9666667
0.055,0.055,0.030333333,0.282,1349.266667,641.9666667,659.8666667
0.055,0.055,0.035,0.034666667,1249.066667,1950.633333,405.2333333
0.055,0.055,0.035,0.113333333,1645.4,1463.066667,637.0333333
0.055,0.055,0.035333333,0.282,1919.133333,730.5,785.2333333
0.055,0.055,0.04,0.034666667,3504.9,1602.166667,390.2
0.055,0.055,0.04,0.113333333,3487.333333,1358.1,636
0.055,0.055,0.040333333,0.282,5876.933333,293.7666667,371.3
0.055,0.055,0.045,0.034666667,6313.6,817.4333333,222.4
0.055,0.055,0.045,0.113333333,6151.633333,686.3,305.9666667
0.055,0.055,0.045333333,0.282,8084.533333,68.6,98.06666667
0.055,0.055,0.05,0.034666667,7592.433333,545.9333333,156.7333333
0.055,0.055,0.05,0.113333333,8866.6,0.033333333,11.66666667
0.055,0.055,0.050333333,0.282,8880.633333,0.333333333,14.23333333
0.055,0.055,0.055,0.034666667,9211.433333,18.96666667,17.56666667
0.055,0.055,0.055,0.113333333,9326.633333,0,7.866666667
0.055,0.055,0.055333333,0.282,9493.966667,0,7.9
0.055,0.055,0.06,0.034666667,9535.133333,0,8.066666667
0.055,0.055,0.06,0.113333333,9629.333333,0,6.966666667
0.055,0.055333333,0.058,0.282,9087.166667,114.0666667,28.8
0.055,0.06,0.03,0.034666667,835.8,1884.766667,387.4
0.055,0.06,0.03,0.113333333,755.7333333,1231.2,571.0666667
0.055,0.06,0.030333333,0.282,1552.533333,559.4333333,698.0333333
0.055,0.06,0.035,0.034666667,2465.166667,1670.766667,422.1333333
0.055,0.06,0.035,0.113333333,2247.733333,1312.9,610.7666667
0.055,0.06,0.035333333,0.282,3499.2,530.4333333,671.8666667
0.055,0.06,0.04,0.034666667,3850.433333,1497.766667,377.2
0.055,0.06,0.04,0.113333333,4108.633333,1138.733333,565.2666667
0.055,0.06,0.040333333,0.282,6023.866667,238.7333333,348.8666667
0.055,0.06,0.045,0.034666667,7807.766667,282.9333333,91.93333333
0.055,0.06,0.045,0.113333333,7271.333333,438.7333333,220.1333333
0.055,0.06,0.045333333,0.282,8364.466667,19.26666667,45.06666667
0.055,0.06,0.05,0.034666667,8748.5,135.1666667,47.53333333
0.055,0.06,0.05,0.113333333,9079.9,0,9.6
0.055,0.06,0.050333333,0.282,9124.7,0,9.133333333
0.055,0.06,0.055,0.034666667,9281.2,61.43333333,35.8
0.055,0.06,0.055,0.113333333,9560.5,0,7.533333333
0.055,0.06,0.055333333,0.282,9618.833333,0,6.8
0.055,0.06,0.06,0.034666667,9787.166667,0,6.633333333
0.055,0.06,0.06,0.113333333,9763.066667,0,5.5
0.055333333,0.057333333,0.058,0.282,9158.4,116.6666667,15.93333333
0.06,0.02,0.03,0.034666667,112.3,1614.4,148.8666667
0.06,0.02,0.03,0.113333333,130.2,1384.2,260.0666667
0.06,0.02,0.030333333,0.282,156.7333333,838.8666667,394.7333333
0.06,0.02,0.035,0.034666667,161,1763.866667,170.7666667
0.06,0.02,0.035,0.113333333,293.9666667,1570.833333,290.7666667
0.06,0.02,0.035333333,0.282,291.4666667,1015.7,441.1
0.06,0.02,0.04,0.034666667,414.5,2045.2,210.1333333
0.06,0.02,0.04,0.113333333,406.3666667,1669.466667,332.1
0.06,0.02,0.040333333,0.282,447.5,1102.566667,475.8333333
0.06,0.02,0.045,0.034666667,474.1666667,2047.4,219.5
0.06,0.02,0.045,0.113333333,532.4,1768.666667,363.7
0.06,0.02,0.045333333,0.282,937.3666667,1314.166667,572.0666667
0.06,0.02,0.05,0.034666667,811.3666667,2170.133333,266.8
0.06,0.02,0.05,0.113333333,820.7333333,1838.4,403.2333333
0.06,0.02,0.050333333,0.282,1191.833333,1405.4,642.9666667
0.06,0.02,0.055,0.034666667,1321.833333,2193.033333,325.7666667
0.06,0.02,0.055,0.113333333,1498.766667,1839.733333,444.1
0.06,0.02,0.055333333,0.282,1636.766667,1441.3,678.3666667
0.06,0.02,0.06,0.034666667,1701.3,2183.4,372.8333333
0.06,0.02,0.06,0.113333333,2180.933333,1960.966667,529.3
0.06,0.020333333,0.058,0.282,2067,1493.8,718.0333333
0.06,0.025,0.03,0.034666667,124.9666667,1630.066667,180.5
0.06,0.025,0.03,0.113333333,220.5333333,1255.233333,297.3333333
0.06,0.025,0.030333333,0.282,290.2666667,758.8,428.7
0.06,0.025,0.035,0.037,237.1,1802.066667,209
0.06,0.025,0.035,0.12,336,1453.966667,349.4
0.06,0.025,0.0355,0.273,393.8666667,890.8666667,464.7666667
0.06,0.025,0.04,0.037,445.6333333,1962.8,232.5333333
0.06,0.025,0.04,0.12,477.3333333,1615.633333,392.8666667
0.06,0.025,0.0405,0.273,668.5333333,1093.166667,546.5666667
0.06,0.025,0.045,0.037,706.7666667,2087.366667,285.4333333
0.06,0.025,0.045,0.12,730.5666667,1726.266667,430.2666667
0.06,0.025,0.0455,0.273,957.6,1252.6,630.0333333
0.06,0.025,0.05,0.037,1078.4,2103,323.5333333
0.06,0.025,0.05,0.12,1078.066667,1810.1,507
0.06,0.025,0.0505,0.273,1506.1,1354,697.4333333
0.06,0.025,0.055,0.037,1662.233333,2116.266667,395.8333333
0.06,0.025,0.055,0.12,1914.4,1861.2,544.5333333
0.06,0.025,0.0555,0.273,2847.6,1353.466667,700.8666667
0.06,0.025,0.06,0.037,2534,1984.933333,418.7666667
0.06,0.025,0.06,0.12,2671.366667,1848.433333,605.4
0.06,0.0255,0.057,0.273,3425.533333,1239.466667,694.2666667
0.06,0.03,0.03,0.037,200.1,1669,221.8666667
0.06,0.03,0.03,0.12,290.4666667,1284.7,352.2666667
0.06,0.03,0.0305,0.273,399.7,749.5666667,453.1333333
0.06,0.03,0.035,0.039333333,354.9,1834.566667,254.1666667
0.06,0.03,0.035,0.126666667,443.4333333,1406.9,390.0666667
0.06,0.03,0.035666667,0.264,594.5,927.5,522.4
0.06,0.03,0.04,0.039333333,562.6666667,1981.466667,284.4666667
0.06,0.03,0.04,0.126666667,556.0333333,1546.966667,451.5
0.06,0.03,0.040666667,0.264,920.4666667,1057.4,594.0333333
0.06,0.03,0.045,0.039333333,823.1,2035.733333,315.4666667
0.06,0.03,0.045,0.126666667,1001.866667,1633.633333,520.1333333
0.06,0.03,0.045666667,0.264,1342,1136.266667,649.7333333
0.06,0.03,0.05,0.039333333,1264.166667,2067.5,367.9333333
0.06,0.03,0.05,0.126666667,1593.8,1758.233333,561.7
0.06,0.03,0.050666667,0.264,2275.6,1131.733333,701.5666667
0.06,0.03,0.055,0.039333333,2303.5,2039.266667,431.9333333
0.06,0.03,0.055,0.126666667,3202.6,1641.3,562.2
0.06,0.03,0.055666667,0.264,2945.933333,1326.1,789.9666667
0.06,0.03,0.06,0.039333333,3371.8,1810.333333,425
0.06,0.03,0.06,0.126666667,4501.166667,1268.5,462.3
0.06,0.030666667,0.056,0.264,4573.666667,919.4666667,554.9
0.06,0.035,0.03,0.039333333,194.1333333,1606.933333,240.4333333
0.06,0.035,0.03,0.126666667,362.0666667,1130.433333,383.1666667
0.06,0.035,0.030666667,0.264,449.1,662.8333333,436.4666667
0.06,0.035,0.035,0.039333333,366.8333333,1680.233333,264.2
0.06,0.035,0.035,0.126666667,614.4666667,1398.966667,447.6333333
0.06,0.035,0.035666667,0.264,801.1,867.9,555.3333333
0.06,0.035,0.04,0.039333333,640.6333333,1899.066667,317.6
0.06,0.035,0.04,0.126666667,796.1666667,1473.466667,488.3333333
0.06,0.035,0.040666667,0.264,1297.666667,1054.3,659.6
0.06,0.035,0.045,0.039333333,1021.066667,2035.633333,357.3333333
0.06,0.035,0.045,0.126666667,1154.866667,1621.4,576.4333333
0.06,0.035,0.045666667,0.264,2010.833333,1122.366667,747.9
0.06,0.035,0.05,0.039333333,1744,2020.1,416.6
0.06,0.035,0.05,0.126666667,3074.266667,1576.3,532.7666667
0.06,0.035,0.050666667,0.264,2784.3,1147.233333,774.3333333
0.06,0.035,0.055,0.039333333,4095.166667,1520.366667,351.8
0.06,0.035,0.055,0.126666667,4054.766667,1310.4,474.0666667
0.06,0.035,0.055666667,0.264,5700.233333,672.0666667,474.4666667
0.06,0.035,0.06,0.039333333,5498.366667,1215.633333,309.6
0.06,0.035,0.06,0.126666667,7042.766667,520.7666667,206.9666667
0.06,0.035666667,0.056,0.264,6127.733333,521.3333333,298.3
0.06,0.04,0.03,0.039333333,284.8333333,1613.933333,242.9333333
0.06,0.04,0.03,0.126666667,253.5666667,989.5333333,374.1
0.06,0.04,0.030666667,0.264,474.0333333,644.7,460.3
0.06,0.04,0.035,0.039333333,581.7333333,1899.466667,305.8
0.06,0.04,0.035,0.126666667,525.9333333,1301.166667,493.8333333
0.06,0.04,0.035666667,0.264,853.4,793.9,577.2
0.06,0.04,0.04,0.039333333,732.5,1916.533333,337.9666667
0.06,0.04,0.04,0.126666667,975.1333333,1434.533333,557.1333333
0.06,0.04,0.040666667,0.264,1278.266667,940.9333333,699.3333333
0.06,0.04,0.045,0.039333333,1658.2,2058.6,418.0333333
0.06,0.04,0.045,0.126666667,2154.033333,1616.666667,616.0666667
0.06,0.04,0.045666667,0.264,3299.333333,863.7666667,624.9666667
0.06,0.04,0.05,0.039333333,2999.966667,1814.033333,417.7666667
0.06,0.04,0.05,0.126666667,3882.633333,1329.466667,526.2666667
0.06,0.04,0.050666667,0.264,5287.3,635.5333333,478.5
0.06,0.04,0.055,0.039333333,4179.633333,1494.166667,369.9
0.06,0.04,0.055,0.126666667,5863.066667,844.7333333,317.5
0.06,0.04,0.055666667,0.264,7064.3,293.0666667,207.1666667
0.06,0.04,0.06,0.039333333,7035.2,681.9,205.1
0.06,0.04,0.06,0.126666667,7858.433333,188.4666667,96.2
0.06,0.040666667,0.056,0.264,7243.7,248.1666667,88.8
0.06,0.045,0.03,0.039333333,372.1333333,1676.133333,304.7
0.06,0.045,0.03,0.126666667,515,1202.733333,443.2666667
0.06,0.045,0.030666667,0.264,562.5333333,566.9,464.5
0.06,0.045,0.035,0.039333333,638.3666667,1889.133333,337
0.06,0.045,0.035,0.126666667,511.4666667,1262.633333,498
0.06,0.045,0.035666667,0.264,1064.466667,773.0333333,613.3666667
0.06,0.045,0.04,0.039333333,1032.866667,2027.966667,399.6333333
0.06,0.045,0.04,0.126666667,1277.633333,1488.666667,594.6
0.06,0.045,0.040666667,0.264,1875.1,926.5,722.9
0.06,0.045,0.045,0.039333333,2378.2,1842.3,410.4
0.06,0.045,0.045,0.126666667,3360.866667,1250.066667,476.2666667
0.06,0.045,0.045666667,0.264,3816.833333,937.3333333,659.6666667
0.06,0.045,0.05,0.039333333,4189.333333,1491.333333,362.1666667
0.06,0.045,0.05,0.126666667,5048.6,971.8,412.2
0.06,0.045,0.050666667,0.264,5976.366667,349.7666667,361.9333333
0.06,0.045,0.055,0.039333333,6667.6,762.1,212.1333333
0.06,0.045,0.055,0.126666667,6793.2,561,256.0666667
0.06,0.045,0.055666667,0.264,8132.4,89.03333333,120.0666667
0.06,0.045,0.06,0.039333333,8486,243.3,69.76666667
0.06,0.045,0.06,0.126666667,8671.333333,115.5333333,58.4
0.06,0.045666667,0.056,0.264,7794.533333,244.2,56.56666667
0.06,0.05,0.03,0.039333333,367.3,1675.1,325.5
0.06,0.05,0.03,0.126666667,484.3666667,1054.466667,467.5333333
0.06,0.05,0.030666667,0.264,956.9333333,696.0666667,577.0333333
0.06,0.05,0.035,0.039333333,549.0333333,1767.033333,350.8666667
0.06,0.05,0.035,0.126666667,764.5,1225.7,506.8333333
0.06,0.05,0.035666667,0.264,1223.7,753.9333333,644.4
0.06,0.05,0.04,0.039333333,1528.066667,1939.433333,402.2666667
0.06,0.05,0.04,0.126666667,1214.166667,1486.733333,676.8
0.06,0.05,0.040666667,0.264,2874.5,760.0333333,682.6
0.06,0.05,0.045,0.039333333,2538.3,1835,469.3333333
0.06,0.05,0.045,0.126666667,3901.733333,1305.8,536.2333333
0.06,0.05,0.045666667,0.264,4930.466667,493.0333333,491
0.06,0.05,0.05,0.039333333,6226.333333,827,229.7666667
0.06,0.05,0.05,0.126666667,6492.7,648.9,261.5
0.06,0.05,0.050666667,0.264,7495.266667,235,221.4666667
0.06,0.05,0.055,0.039333333,7758.566667,461.6333333,156.2666667
0.06,0.05,0.055,0.126666667,7655.266667,344,168.7666667
0.06,0.05,0.055666667,0.264,8908.566667,0.033333333,10.83333333
0.06,0.05,0.06,0.039333333,9034.066667,72.96666667,23.66666667
0.06,0.05,0.06,0.126666667,9004.4,53.9,36.8
0.06,0.050666667,0.056,0.264,7906.6,179.2666667,48.06666667
0.06,0.055,0.03,0.039333333,420.6333333,1669.433333,333.7333333
0.06,0.055,0.03,0.126666667,584.4333333,1093.266667,483.6
0.06,0.055,0.030666667,0.264,1122.533333,539.4,556.9
0.06,0.055,0.035,0.039333333,873.5,1872.333333,403.3666667
0.06,0.055,0.035,0.126666667,1129.2,1340.366667,603.1666667
0.06,0.055,0.035666667,0.264,1700.4,782.1,676.5
0.06,0.055,0.04,0.039333333,1410.233333,1955.3,464.7
0.06,0.055,0.04,0.126666667,2100.166667,1329.633333,622.0333333
0.06,0.055,0.040666667,0.264,4577.566667,563.8,537.2333333
0.06,0.055,0.045,0.039333333,3809.933333,1513.3,370.5666667
0.06,0.055,0.045,0.126666667,5452.333333,860.6,410.1666667
0.06,0.055,0.045666667,0.264,6192.3,279.3666667,284.8666667
0.06,0.055,0.05,0.039333333,6620.8,803.5666667,220.0666667
0.06,0.055,0.05,0.126666667,7150.633333,492.9,222.1333333
0.06,0.055,0.050666667,0.264,7188.2,161.6666667,193.2
0.06,0.055,0.055,0.039333333,9035.133333,76.73333333,31.06666667
0.06,0.055,0.055,0.126666667,8321.3,218.3666667,119.8333333
0.06,0.055,0.055666667,0.264,9162.766667,0.033333333,10.33333333
0.06,0.055,0.06,0.039333333,9290.866667,58.7,35.8
0.06,0.055,0.06,0.126666667,9242.033333,56.23333333,36.73333333
0.06,0.055666667,0.056,0.264,8269.8,249.8,55.76666667
0.06,0.06,0.03,0.039333333,488.1333333,1785.1,375.3333333
0.06,0.06,0.03,0.126666667,860.3333333,1238.666667,574.2333333
0.06,0.06,0.030666667,0.264,1378.266667,597.5666667,582.3
0.06,0.06,0.035,0.039333333,941.0666667,1887.4,441.9
0.06,0.06,0.035,0.126666667,1448.7,1297.5,632.0666667
0.06,0.06,0.035666667,0.264,2286.666667,682,640.4333333
0.06,0.06,0.04,0.039333333,2854.233333,1647.5,415.9
0.06,0.06,0.04,0.126666667,2697.133333,1209.733333,625.1666667
0.06,0.06,0.040666667,0.264,5705.033333,450.0333333,428.3
0.06,0.06,0.045,0.039333333,5342.966667,1040.2,286.8333333
0.06,0.06,0.045,0.126666667,6003.6,607.7,313.4666667
0.06,0.06,0.045666667,0.264,6711.533333,226.2666667,236.7666667
0.06,0.06,0.05,0.039333333,7411.933333,499.7333333,148.3
0.06,0.06,0.05,0.126666667,7840.266667,282.9666667,135.7666667
0.06,0.06,0.050666667,0.264,8763.1,20.03333333,47.63333333
0.06,0.06,0.055,0.039333333,8967.933333,4.166666667,15.06666667
0.06,0.06,0.055,0.126666667,8893.933333,112.1333333,64.26666667
0.06,0.06,0.055666667,0.264,9240,0,8.366666667
0.06,0.06,0.06,0.039333333,9426.7,0,7.166666667
0.06,0.06,0.06,0.126666667,9550.833333,0,8.333333333
0.06,0.06,0.06,0.3,9564.5,0,8.038461538
