0.05,0.4,0.05,0.4,0.4,0.4,0.1084,184.245,20.9434,0.0338,18.695,2.5868,0.230696,330994,4568.48,0.0526681,3955.62,71.5944,162.694,23.365,0.0393439,18.4237,2.84876,34393.2,55.7333,30868.2,4242.22,7.27897,3528.36,561.042,4.21475,0.895345,435.332
0.05,0.4,0.1,0.4,0.4,0.4,0.126,181.537,20.9258,0.1034,16.039,5.2428,0.316987,322144,4558.62,0.578424,3144.19,292.853,185.393,28.2518,0.188209,17.4918,7.17284,33768.8,160.938,26115.7,8472.53,24.5466,2940.07,1145.94,7.97916,6.39897,730.419
0.05,0.4,0.15,0.4,0.4,0.4,0.1428,178.277,20.909,0.8372,13.4958,7.786,0.439296,312361,4551.87,199.553,2499.99,634.557,198.228,31.5699,4.35152,15.2989,11.7363,32997.2,922.772,21747.7,12282.5,235.595,2395.21,1688.43,4.30418,77.4751,881.669
0.05,0.4,0.2,0.4,0.4,0.4,0.2374,172.896,20.8144,3.8766,11.0602,10.2216,10.3239,297749,4500.78,2209.95,1957.28,1080.76,218.077,52.1689,72.0349,13.5406,25.0746,31558.8,3388.25,17583.3,15634.9,1100.89,1880.93,2191.13,-22.4063,433.303,929.922
0.05,0.4,0.25,0.4,0.4,0.4,0.3888,163.924,20.663,10.8956,8.9558,12.326,28.1033,276700,4418.22,9028.52,1528.88,1553.42,201.349,84.5613,252.213,9.76894,46.6858,29200.5,7349.9,14107.1,17819,2922.16,1460.96,2593.26,-72.3653,1342.67,907.79
0.05,0.4,0.3,0.4,0.4,0.4,0.8704,151.901,20.1814,21.5646,7.1194,14.1624,107.247,250968,4174.9,21879,1181.68,2037.99,149,166.649,988.589,5.23092,112.24,26176.4,11623.6,11168.6,18916.7,5068.66,1110.69,2882.51,-123.196,2879.48,839.104
0.05,0.4,0.35,0.4,0.4,0.4,1.518,137.579,19.5338,35.117,5.7028,15.579,220.871,222019,3870.86,41150.7,926.231,2449.21,69.7403,261.858,1976.59,0.634076,213.729,22834.7,15105.8,8875.56,18961.2,7457.03,861.818,3034.49,-171,4939.37,761.217
0.05,0.4,0.4,0.4,0.4,0.4,2.5604,122.087,18.4914,50.477,4.5282,16.7536,386.96,192514,3439.22,65149.4,735.117,2825.86,-10.3532,394.634,3714.7,-2.38748,372.005,19480.1,17600.5,6968.95,18320.3,9252.13,664.543,3076.51,-196.103,7383.36,668.45
0.05,0.4,0.45,0.4,0.4,0.4,3.4522,107.709,17.5996,64.8798,3.6608,17.621,552.566,166232,3110.56,89392.9,586.889,3131.63,-78.681,476.16,5240.77,-4.97681,515.313,16621.4,18667,5572.33,17296.1,10757.6,524.484,3075.85,-204.03,9725.81,589.679
0.05,0.4,0.5,0.4,0.4,0.4,4.5036,94.1548,16.5482,78.658,2.8338,18.448,720.613,142147,2757.18,113841,473.242,3443.99,-122.617,568.826,6949.71,-5.67864,685.495,14043.7,18817.3,4241.18,16208.7,11800.7,394.909,3035.95,-179.985,12076.8,490.324
0.05,0.4,0.55,0.4,0.4,0.4,5.5632,80.8776,15.4886,92.3914,2.2304,19.0514,898.341,118610,2413.21,139139,374.391,3689.29,-165.112,651.947,8767.1,-7.07298,874.041,11687.6,18768.8,3327.63,14681.6,12549.9,303.431,2940.27,-170.814,14523.3,417.101
0.05,0.4,0.6,0.4,0.4,0.4,6.5776,68.9604,14.4742,104.859,1.7664,19.5154,1081.84,98463.5,2121.19,161606,313.405,3886.04,-149.655,706.208,10452.7,-5.92666,1053.46,9663.23,18519,2574.8,13167.7,13044.4,235.776,2827.37,-146.318,16817.3,349.216
0.05,0.4,0.65,0.4,0.4,0.4,7.4158,57.9296,13.636,116.416,1.454,19.8278,1226.91,80784.1,1900.28,183593,265.109,4027.59,-143.948,744.124,11962.6,-5.16181,1197.39,7817.86,17388.3,2110,11372.2,13513.2,191.068,2727.38,-124.793,19105.8,302.589
0.05,0.4,0.7,0.4,0.4,0.4,8.3222,48.1742,12.7296,126.782,1.1588,20.123,1381.94,65964.6,1664.27,204709,213.725,4165.2,-124.398,784.618,13450.4,-5.04717,1368,6270.04,15255,1651.07,9831.03,13708.9,150.663,2597.06,-106.413,21163.8,259.476
0.05,0.4,0.75,0.4,0.4,0.4,9.1988,40.5788,11.853,135.004,0.9082,20.3736,1518.37,53997.6,1457.31,221369,168.875,4290.25,-116.869,819.88,14975.7,-4.35702,1528.66,5146.9,14036.3,1271.04,8612.09,13437.6,116.649,2469.72,-84.9209,22817.7,219.376
0.05,0.4,0.8,0.4,0.4,0.4,10.0502,34.2536,11.0016,142.034,0.7618,20.52,1674.34,43794.4,1264.15,235190,147.953,4361.2,-83.374,838.475,16390.5,-3.2819,1696.63,4231.22,13387.1,1028.21,7492.79,13062.7,98.6781,2318.65,-62.013,24280,194.363
0.05,0.4,0.85,0.4,0.4,0.4,10.6966,28.7104,10.3552,148.087,0.6258,20.656,1783.21,35177.8,1121.43,247591,134.607,4436.55,-44.5534,855.402,17492.7,-2.8621,1825.4,3437.74,12413,842.057,6439.46,12823.2,80.5384,2207.6,-50.9645,25593.3,163.359
0.05,0.4,0.9,0.4,0.4,0.4,11.3052,24.0188,9.7466,153.271,0.5088,20.773,1907.02,27562.6,1003.6,257943,105.296,4498.11,-23.2714,852.414,18521.9,-1.78424,1944.84,2817.9,11878.5,658.595,5554.91,12500.1,66.1246,2101.49,-35.3197,26720.7,147.237
0.05,0.4,0.95,0.4,0.4,0.4,11.7544,20.1884,9.2974,157.467,0.4256,20.8562,1993.24,22032.9,917.837,266684,92.1301,4550.76,11.3027,852.183,19284.2,-0.746422,2035.08,2300.56,10924.7,536.414,4766.86,12295.7,54.2705,2022.07,-20.8291,27674.8,127.496
0.05,0.4,1,0.4,0.4,0.4,12.2862,16.598,8.7656,161.52,0.3566,20.9252,2091.89,16944.8,814.563,275609,73.5153,4589.59,38.3429,854.494,20150.4,-0.560971,2151.21,1845.37,9757.71,429.863,4045.03,11951.6,47.019,1913.01,-15.7661,28585.7,117.386
0.1,0.4,0.05,0.4,0.4,0.4,0.0572,184.161,20.9946,0.032,18.6602,2.6216,0.0999481,330724,4590.54,0.0417844,3950.92,73.8844,87.4793,12.4002,0.0223741,9.60236,1.52935,34447.7,50.2549,30792.2,4304.86,6.68851,3527,572.539,3.98547,0.838076,436.538
0.1,0.4,0.1,0.4,0.4,0.4,0.0626,181.476,20.9892,0.1288,16.0664,5.2154,0.104302,322078,4589.19,2.73076,3155.25,288.474,92.7882,13.0729,0.100557,8.32011,3.30478,33847.6,185.69,26196.8,8383.84,31.802,2958,1141.04,8.53015,8.12528,727.078
0.1,0.4,0.15,0.4,0.4,0.4,0.0696,178.225,20.9822,0.771,13.4506,7.8312,0.161988,312222,4583.3,186.419,2475.68,642.608,94.7059,15.9904,3.07035,7.38191,5.84352,33083.7,781.498,21615.5,12389.3,226.433,2391.51,1705.94,3.70633,73.5417,889.798
0.1,0.4,0.2,0.4,0.4,0.4,0.1466,172.597,20.9052,4.031,11.0056,10.2762,8.69365,297194,4540.56,2317.56,1921.25,1091.38,102.875,33.0959,62.3475,5.81194,15.6882,31605.2,3418.61,17489.8,15674.5,1149.19,1879.2,2209.97,-23.8463,448.262,942.625
0.1,0.4,0.25,0.4,0.4,0.4,0.31,163.367,20.7418,11.4012,8.9826,12.2992,30.0819,275811,4452.32,9621.36,1527.95,1554.74,89.3996,66.5229,253.854,3.82316,36.73,29143.6,7453.2,14173.4,17665,3071.54,1465.14,2604.98,-78.5957,1419.55,907.597
0.1,0.4,0.3,0.4,0.4,0.4,0.7896,151.464,20.2622,21.891,7.0898,14.192,108.112,249966,4208.93,22454.3,1179.41,2039.23,29.1868,149.202,981.501,0.550004,100.846,26173.5,11622.5,11078.6,18933.9,5181.24,1114.72,2894.56,-126.255,2937.49,839.621
0.1,0.4,0.35,0.4,0.4,0.4,1.4068,136.773,19.645,35.7822,5.673,15.6088,219.489,221127,3920.79,42162.1,934.792,2453.08,-51.0925,237.584,1921.3,-3.02838,196.418,22772,14822.9,8826.81,18895.8,7668.3,863.611,3053.67,-169.345,5033.21,755.002
0.1,0.4,0.4,0.4,0.4,0.4,2.417,121.382,18.6348,50.9584,4.4478,16.834,377.481,192289,3493.1,66308.5,717.796,2851.26,-149.201,372.432,3646.99,-6.3264,347.757,19449.6,16835.1,6856.61,18303.8,9445.6,656.535,3112.71,-193.395,7459.93,664.414
0.1,0.4,0.45,0.4,0.4,0.4,3.3684,106.939,17.6834,65.471,3.5666,17.7152,556.851,166023,3144.95,90997.5,589.309,3164.87,-215.402,456.823,5197.18,-7.41542,501.475,16558.2,17652.3,5429.87,17283.8,10971.8,512.636,3103.98,-197.339,9842.19,571.85
0.1,0.4,0.5,0.4,0.4,0.4,4.4988,92.0124,16.553,80.6762,2.7144,18.5674,733.961,139587,2754.63,117839,447.642,3488.49,-270.865,563.426,7080.69,-8.91092,688.499,13766.6,17944.8,4095.26,15954.9,12085.5,380.615,3050.47,-179.065,12440.4,480.876
0.1,0.4,0.55,0.4,0.4,0.4,5.513,79.4284,15.5388,93.7582,2.1982,19.0836,918.5,117536,2434.88,141935,361.696,3703.91,-287.168,631.03,8815.45,-8.70662,864.894,11518.3,17781.9,3272.36,14447.9,12787.5,300.445,2954.04,-165.781,14782.9,416.138
0.1,0.4,0.6,0.4,0.4,0.4,6.4374,67.1048,14.6144,106.475,1.6674,19.6144,1073.26,96629.4,2164.01,165388,288.988,3935.34,-290.971,689.086,10422.4,-7.8723,1024.25,9437.87,17262.2,2438.76,12904.1,13399.9,221.826,2872.47,-139.71,17142.3,336.775
0.1,0.4,0.65,0.4,0.4,0.4,7.3648,56.0142,13.687,118.231,1.4054,19.8764,1237.94,79351.6,1917.12,188324,250.598,4044.72,-271.445,730.193,12006.1,-7.58401,1188.05,7610,15606.4,2059.89,11067.3,13797,188.27,2741.94,-127.534,19436,301.279
0.1,0.4,0.7,0.4,0.4,0.4,8.3734,46.4136,12.6784,128.554,1.1188,20.163,1401.74,64894,1661.99,208951,210.283,4179.34,-246.39,775.86,13687.3,-6.43965,1370.81,6099.52,13711.7,1582.51,9561.78,13771.9,148.253,2598.05,-103.472,21491.3,254.129
0.1,0.4,0.75,0.4,0.4,0.4,9.248,38.823,11.8038,136.799,0.899,20.3828,1538.1,53068.1,1454.1,225677,162.456,4290.48,-227.701,811.625,15163.7,-5.10357,1534.47,4962.06,12382,1232.21,8287.03,13556.9,117.542,2463.76,-82.6194,23181,222.473
0.1,0.4,0.8,0.4,0.4,0.4,9.9928,32.3208,11.059,143.879,0.7318,20.55,1667.57,42452,1280.54,239849,139.388,4377.47,-188.397,833.666,16413.7,-3.64206,1682.25,4015.92,11626.3,998.485,7101.74,13344.6,95.4233,2336.64,-61.2136,24672.8,190.513
0.1,0.4,0.85,0.4,0.4,0.4,10.6256,27.1542,10.4262,149.555,0.6084,20.6734,1776.18,33971.4,1141.36,251323,127.508,4442.69,-159.318,848.949,17510.5,-3.17145,1806.87,3307.21,11033.8,814.143,6144.11,13035.9,79.511,2227.46,-49.5603,25889.7,163.84
0.1,0.4,0.9,0.4,0.4,0.4,11.2424,22.5466,9.8094,154.68,0.509,20.7728,1897.79,26890.3,1019.94,261713,104.576,4500.56,-119.522,848.854,18567.1,-1.87236,1927.16,2678.69,10282.3,651.816,5243.27,12677.4,66.0768,2119.31,-29.9216,27014.4,146.374
0.1,0.4,0.95,0.4,0.4,0.4,11.8042,18.2744,9.2476,159.427,0.4214,20.8604,2005.35,20614.7,911.641,271562,87.699,4551.27,-86.2869,849.227,19467.2,-1.23034,2043.76,2126.36,9268.62,528.547,4379.47,12394,55.0397,2013.11,-20.937,28075.9,129.457
0.1,0.4,1,0.4,0.4,0.4,12.264,14.7678,8.7878,163.309,0.3378,20.944,2099.81,16019.4,823.684,280231,79.7572,4602.31,-58.575,845.974,20214.1,-0.480275,2141.75,1667.39,7861.72,414.885,3630.7,12159.9,44.6726,1924.73,-7.9249,28994.6,107.905
0.15,0.4,0.05,0.4,0.4,0.4,0.035,184.138,21.0168,0.0344,18.6616,2.6202,0.0481846,330649,4599.72,0.0472261,3943.68,73.9908,50.7185,7.83598,0.0177996,5.41293,0.989091,34477.6,57.1219,30789.8,4298.22,7.28328,3529.54,574.732,4.52995,0.92445,440.104
0.15,0.4,0.1,0.4,0.4,0.4,0.044,181.428,21.0078,0.1386,16.0476,5.2342,0.0664773,321842,4595.81,5.49249,3156.22,292.241,64.2344,9.78401,0.183338,5.9683,2.48599,33863.5,195.04,26116.3,8459.41,34.1399,2953.43,1148.79,8.20884,8.77369,724.711
0.15,0.4,0.15,0.4,0.4,0.4,0.0524,178.103,20.9994,0.8434,13.4184,7.8634,0.0920727,311916,4591.89,206.407,2467.78,650.196,74.0378,11.7292,1.58692,5.74943,4.32402,33070.9,895.824,21602,12383.5,247.574,2383.69,1716.91,5.21536,80.4227,889.952
0.15,0.4,0.2,0.4,0.4,0.4,0.1066,172.486,20.9452,4.079,10.9834,10.2984,6.65137,297062,4559.03,2319.2,1918.47,1096.79,60.3566,24.8824,51.3781,3.98317,11.3137,31603.9,3368.98,17425.3,15713.8,1188.67,1875.96,2219.41,-24.7662,464.112,941.309
0.15,0.4,0.25,0.4,0.4,0.4,0.2732,163.19,20.7786,11.4004,8.8416,12.4402,25.7141,275302,4468.81,9580.02,1501.54,1580.47,50.305,60.46,252.449,2.1249,31.2792,29141.4,7464.42,13930,17865.8,3083.85,1446.83,2630.44,-75.3076,1425.73,907.935
0.15,0.4,0.3,0.4,0.4,0.4,0.7252,151.185,20.3266,22.1462,7.1306,14.1512,105.973,249779,4241.37,22860.6,1181.19,2033.91,-18.4467,134.053,942.635,-1.38639,91.0176,26149.2,11487.1,11140.6,18836.2,5277.47,1119.42,2901.62,-129.822,2968.52,841.389
0.15,0.4,0.35,0.4,0.4,0.4,1.3888,136.553,19.663,35.9682,5.657,15.6248,222.215,220997,3930.03,42585.1,921.938,2473.07,-90.5667,231.602,1939.83,-4.15587,192.993,22742.9,14656.4,8827.6,18842.2,7703.37,852.995,3068.84,-175.344,5071.06,751.436
0.15,0.4,0.4,0.4,0.4,0.4,2.4668,120.99,18.585,51.4406,4.4888,16.793,404.149,191860,3479.07,67426.8,727.072,2847.17,-199.134,366.115,3805.52,-7.39325,355.36,19410.4,16670.9,6951.69,18152.8,9398.46,659.566,3103.14,-199.38,7535.03,661.818
0.15,0.4,0.45,0.4,0.4,0.4,3.3782,106.065,17.6736,66.336,3.547,17.7348,567.173,164181,3140.51,92088.5,571.122,3170.57,-260.823,453.881,5297.92,-9.22452,503.186,16449.1,18056.7,5399.15,17165.6,11030,511.547,3105.16,-198.651,9980.4,578.092
0.15,0.4,0.5,0.4,0.4,0.4,4.447,91.9828,16.6048,80.7486,2.809,18.4728,735.487,140149,2773.62,118872,474.774,3453.43,-310.438,553.168,7049.13,-10.0098,679.288,13774.8,17200.1,4243.88,15824.2,12152.8,394.783,3046.61,-190.969,12455.1,484.837
0.15,0.4,0.55,0.4,0.4,0.4,5.4732,79.1546,15.5786,93.986,2.192,19.0898,915.377,117653,2448.85,142790,376.084,3708.85,-338.341,625.607,8817.41,-9.69599,855.686,11513.7,17250.9,3284.55,14400.7,12830.9,299.609,2965.07,-169.204,14815.8,406.473
0.15,0.4,0.6,0.4,0.4,0.4,6.5008,66.5512,14.551,107.135,1.7104,19.5714,1100.77,95867.2,2157.06,166756,301.129,3914,-339.511,678.807,10581.5,-8.63209,1032.9,9379.85,17139.8,2531.77,12702,13371.5,229.602,2856.8,-144.129,17280.4,341.376
0.15,0.4,0.65,0.4,0.4,0.4,7.4222,55.2362,13.6296,119.007,1.3456,19.9362,1244.08,78461.1,1919.54,189894,231.242,4078.48,-308.076,725.91,12143.8,-7.27777,1186.63,7513.15,15259.8,1939.84,11015.1,13784.5,177.779,2753.54,-121.993,19575,294.082
0.15,0.4,0.7,0.4,0.4,0.4,8.3094,45.6084,12.7424,129.288,1.1112,20.1706,1392.69,64014.5,1684.14,210869,207.179,4183.96,-292.438,769.31,13651.7,-6.50491,1354,6005.71,13113.8,1577.12,9402.22,13930.7,147.347,2615.83,-101.446,21633.5,253.37
0.15,0.4,0.75,0.4,0.4,0.4,9.2372,37.8242,11.8146,137.708,0.8198,20.462,1544.66,51924.1,1454.55,227654,158.248,4330.03,-261.304,808.116,15152.8,-4.81062,1533.69,4824.4,11832.8,1137.13,8138.91,13732.2,107.349,2474.45,-74.1106,23393.3,204.8
0.15,0.4,0.8,0.4,0.4,0.4,9.9622,31.566,11.0896,144.599,0.7276,20.5542,1656.96,41601.8,1289.68,241574,147.998,4377.29,-226.161,834.405,16421.9,-4.74805,1673.04,3933.1,11138.2,979.598,6958.45,13446.5,95.8402,2346.54,-65.2662,24833.1,186.295
0.15,0.4,0.85,0.4,0.4,0.4,10.6668,26.2312,10.385,150.494,0.5834,20.6984,1784.4,32979.6,1130.77,253571,121.413,4452,-188.98,850.135,17643.9,-3.4195,1817.25,3204.53,10458.9,764.467,5999.77,13041.7,77.247,2219.59,-49.4289,26086,162.235
0.15,0.4,0.9,0.4,0.4,0.4,11.2876,21.9598,9.7642,155.31,0.507,20.7748,1908.77,26170,1007.81,263314,107.169,4495.31,-165.355,849.433,18631.5,-2.70715,1942.79,2637.04,9838.74,644.164,5138.53,12712.7,67.6093,2102.98,-38.0209,27153.6,147.699
0.15,0.4,0.95,0.4,0.4,0.4,11.7484,17.6676,9.3034,159.967,0.4112,20.8706,2002.05,20529.1,921.564,273099,89.1499,4556.38,-125.811,845.914,19397.7,-1.21539,2033.63,2066.8,8417.22,513.058,4251.58,12555,54.0445,2024.22,-23.0654,28209.5,126.176
0.15,0.4,1,0.4,0.4,0.4,12.299,14.1976,8.7528,163.894,0.3168,20.965,2097,15989,817.668,281964,70.969,4617.93,-95.0291,850.388,20292.1,-1.07314,2148.38,1613.08,7027.96,390.24,3522.3,12170.6,41.6222,1921.75,-14.0867,29127.6,104.489
0.2,0.4,0.05,0.4,0.4,0.4,0.0244,184.091,21.0274,0.0376,18.6292,2.6526,0.0310108,330465,4604.48,0.058598,3938.3,76.2572,35.975,5.46722,0.0116849,4.13427,0.683813,34482.3,59.9462,30711,4371.24,8.10799,3523.91,581.945,4.8099,1.00226,441.66
0.2,0.4,0.1,0.4,0.4,0.4,0.0282,181.448,21.0236,0.1058,16.0504,5.2314,0.0370122,321911,4603.77,1.89619,3140.39,286.809,41.9011,5.8201,0.0456256,3.70472,1.44536,33900.4,150.975,26117.9,8452.15,25.8265,2965.82,1139.7,7.72041,6.45761,735.34
0.2,0.4,0.15,0.4,0.4,0.4,0.0398,178.108,21.012,0.8752,13.468,7.8138,0.065029,311893,4597.58,207.288,2470.89,639.161,54.2253,8.8981,1.37984,4.114,3.25786,33093.6,954.383,21670,12318,255.627,2398.9,1704.4,4.57292,82.9412,893.916
0.2,0.4,0.2,0.4,0.4,0.4,0.1004,172.5,20.9514,4.0364,10.961,10.3208,8.32398,297054,4563.84,2409.1,1926.99,1101.89,46.1186,21.6384,55.6545,2.76987,10.3017,31632.9,3354.55,17465.1,15687.7,1163.22,1872.3,2225.3,-24.1016,449.215,934.5
0.2,0.4,0.25,0.4,0.4,0.4,0.2274,163.193,20.8244,11.3788,8.8694,12.4124,24.3234,275476,4492.14,9642.81,1521.13,1579.74,29.0974,49.4896,207.424,1.0057,26.0844,29154.4,7289.36,13948.5,17856.2,3125.29,1448.52,2635.06,-76.2834,1421.61,898.509
0.2,0.4,0.3,0.4,0.4,0.4,0.7422,150.904,20.3096,22.4458,7.1322,14.1496,118.134,249230,4238.09,23255.7,1186.87,2032.7,-43.2616,129.608,997.166,-2.57823,92.1672,26085,11601.8,11159.9,18764.9,5320.61,1121.49,2899.59,-133.053,3027.16,839.153
0.2,0.4,0.35,0.4,0.4,0.4,1.3682,136.248,19.6836,36.2632,5.6674,15.6144,218.314,220619,3938.42,43182,931.837,2466.13,-114.267,229.357,1929.9,-5.38821,188.172,22691.8,14514.6,8829.82,18801.4,7785.93,858.233,3069.66,-174.677,5111.36,749.955
0.2,0.4,0.4,0.4,0.4,0.4,2.4336,120.396,18.6182,51.9818,4.4686,16.8132,396.062,190392,3488.7,68098.3,728.861,2847.15,-219.564,365.343,3771.95,-8.39966,350.158,19302.4,16944.3,6876.14,18127.2,9551.78,660.688,3108.23,-198.786,7630.33,660.934
0.2,0.4,0.45,0.4,0.4,0.4,3.389,105.844,17.6628,66.5964,3.5762,17.7056,569.274,164888,3145.33,93251.8,583.815,3155.7,-289.776,450.419,5342.58,-9.75649,499.667,16417,17200.4,5472.61,17067.6,11051.8,518.775,3101.99,-202.252,10018.3,579.182
0.2,0.4,0.5,0.4,0.4,0.4,4.5068,91.833,16.545,80.9288,2.7796,18.5022,754.929,139466,2768.15,118987,458.349,3461.76,-341.481,546.185,7198.08,-10.2237,683.827,13766.5,17535.8,4171.78,15837.7,12052.9,392.274,3044.79,-183.73,12498.4,488.888
0.2,0.4,0.55,0.4,0.4,0.4,5.4834,78.2972,15.5684,94.855,2.1934,19.0884,921.63,116057,2455.93,144432,368.2,3710.87,-358.926,618.944,8841.94,-10.0025,852.666,11368.8,17216.9,3271.93,14235.7,12970.9,299.314,2968.69,-172.618,14988.6,409.404
0.2,0.4,0.6,0.4,0.4,0.4,6.4394,66.0734,14.6124,107.56,1.7188,19.563,1080.3,95861.9,2173.01,167808,299.375,3907.9,-352.665,681.071,10493.4,-8.91502,1020.45,9308.18,16512.6,2520.33,12629.7,13527.8,231.469,2867.67,-146.705,17356.2,345.303
0.2,0.4,0.65,0.4,0.4,0.4,7.3548,55.2298,13.697,118.958,1.3572,19.9246,1247.54,78891.9,1926.13,189612,235.543,4070.9,-336.178,720.888,12056.8,-7.72908,1183.95,7518.14,15084.3,1956.15,10964.6,13895.1,180.309,2754.15,-120.853,19610.9,295.717
0.2,0.4,0.7,0.4,0.4,0.4,8.3036,45.2304,12.7482,129.639,1.09,20.1918,1382.52,63590.4,1676.49,211206,192.336,4197.16,-304.18,778.217,13633.9,-6.45582,1361.14,5945.62,13085.2,1521.06,9343.38,14015.2,143.46,2612.52,-100.489,21740.6,254.193
0.2,0.4,0.75,0.4,0.4,0.4,9.2776,37.599,11.7742,138.067,0.913,20.3688,1550.38,51617.7,1442.16,228561,178.863,4282.33,-281.368,811.452,15302.7,-5.80781,1544.67,4812.46,11772.9,1270.02,7990.39,13635.3,120.284,2451.52,-84.3942,23463.4,218.345
0.2,0.4,0.8,0.4,0.4,0.4,10.0084,31.276,11.0434,144.943,0.7352,20.5466,1667.41,41566.4,1281.9,242294,140.496,4380.32,-244.398,833.067,16464.6,-4.32424,1682.48,3908.65,10846.2,1004.13,6879.46,13455.2,95.0749,2337.44,-62.1961,24889.1,188.534
0.2,0.4,0.85,0.4,0.4,0.4,10.7024,25.8942,10.3494,150.896,0.612,20.6698,1802.25,32650,1134.95,254092,124.244,4441.53,-212.116,839.123,17689.9,-3.47456,1815.71,3180.16,10417.9,805.907,5888.3,13052.9,80.1156,2218.33,-49.0029,26160.6,166.051
0.2,0.4,0.9,0.4,0.4,0.4,11.2958,21.297,9.756,155.957,0.483,20.7988,1906.42,25998.5,1010.32,264811,106.911,4513.67,-177.774,849.355,18653.9,-2.44836,1939.49,2555.16,9179.34,630.801,4995.17,12778.4,63.545,2110.08,-32.4452,27292.4,138.649
0.2,0.4,0.95,0.4,0.4,0.4,11.7696,17.4698,9.2822,160.179,0.4034,20.8784,2009.21,20357.7,921.757,273770,89.7394,4560.81,-142.781,842.241,19473.3,-1.82062,2032.76,2045.83,8218.69,511.748,4199.09,12519.4,53.288,2026.45,-26.0819,28262.9,123.666
0.2,0.4,1,0.4,0.4,0.4,12.2526,13.8338,8.7992,164.241,0.3464,20.9354,2084.8,15851,831.174,282792,84.0852,4597.56,-105.897,849.734,20242.4,-0.533807,2131.88,1577.37,6662.72,426.682,3416.74,12258.6,45.7123,1933.61,-8.7997,29192.2,108.115
0.25,0.4,0.05,0.4,0.4,0.4,0.0278,184.151,21.024,0.0354,18.683,2.5988,0.0370346,330725,4603.07,0.0569582,3954.21,72.8648,41.9098,6.16797,0.0122183,4.4581,0.759505,34490.1,59.7218,30843.7,4249.13,8.02996,3536.58,568.878,4.30708,1.0086,435.403
0.25,0.4,0.1,0.4,0.4,0.4,0.0284,181.425,21.0234,0.1048,16.026,5.2558,0.0360006,321877,4602.53,1.07923,3139.81,294.43,42.8621,6.43882,0.0484334,3.84263,1.61866,33885.7,156.871,26104.5,8461.17,25.6779,2951.16,1154.06,8.28193,6.47829,731.818
0.25,0.4,0.15,0.4,0.4,0.4,0.0324,178.009,21.0194,0.9076,13.4092,7.8726,0.0449592,311673,4601.76,241.202,2462.34,648.646,46.0677,6.81854,0.938782,3.86471,2.53223,33076.3,954.454,21582.7,12393.5,267.118,2386.82,1717.45,3.10743,86.2045,893.447
0.25,0.4,0.2,0.4,0.4,0.4,0.0864,172.56,20.9654,4.0498,11.0478,10.234,6.76429,297256,4569.41,2389.28,1932.56,1084.19,35.3575,19.6373,48.1159,2.32073,8.96978,31649.9,3350.52,17573.7,15586.3,1178.17,1889.97,2209.41,-26.093,453.854,940.565
0.25,0.4,0.25,0.4,0.4,0.4,0.2102,163.325,20.8416,11.2736,8.9126,12.3692,24.2305,275740,4499.45,9519.42,1521.06,1569.37,17.5025,45.8813,198.261,0.207413,24.5791,29190.8,7291.74,14041.4,17774.6,3113.8,1457.26,2628.62,-76.787,1413.68,903.724
0.25,0.4,0.3,0.4,0.4,0.4,0.7592,150.95,20.2926,22.3946,7.11,14.1718,121.831,249645,4230.01,23176.1,1179.04,2042.23,-53.4087,131.802,1028.4,-2.63624,94.4629,26112.4,11411.1,11111.7,18817.2,5272.38,1115.98,2902.86,-131.386,3014.99,838.305
0.25,0.4,0.35,0.4,0.4,0.4,1.3344,136.289,19.7174,36.18,5.6588,15.623,217.137,220397,3952.36,42942.3,926.749,2469.29,-123.595,222.975,1897.75,-4.91008,184.638,22717.1,14650.5,8772.46,18864.5,7792.59,855.851,3075.09,-173.306,5097.08,750.919
0.25,0.4,0.4,0.4,0.4,0.4,2.4138,120.488,18.638,51.8372,4.4364,16.8454,402.548,190904,3507.2,68118.9,719.011,2856.72,-227.157,352.848,3752.47,-8.47568,344.241,19325.7,16598,6821.75,18196,9544.78,656.084,3118.82,-199.051,7600.51,661.075
0.25,0.4,0.45,0.4,0.4,0.4,3.3064,105.565,17.7454,66.7674,3.5506,17.7312,552.964,164309,3170.98,93192.3,580.644,3168.58,-295.665,445.751,5211.24,-10.0943,488.37,16371.9,17362.4,5440.62,17047.4,11207.4,513.408,3118.99,-200.485,10049,574.327
0.25,0.4,0.5,0.4,0.4,0.4,4.4588,91.4466,16.593,81.2222,2.7346,18.5472,739.514,139057,2779.66,119271,450.204,3485.41,-347.734,548.133,7117.45,-9.49493,676.167,13720.2,17475.1,4125.49,15830.1,12163.1,382.049,3061.95,-184.454,12530.2,481.133
0.25,0.4,0.55,0.4,0.4,0.4,5.4786,78.3314,15.5732,94.7672,2.1446,19.1372,925.758,116308,2457.85,144091,365.682,3715.16,-370.253,615.92,8852.4,-9.35388,852.198,11404.5,17169,3169.3,14363.8,12936,297.482,2970.35,-160.263,14947.5,408.52
0.25,0.4,0.6,0.4,0.4,0.4,6.4334,66.086,14.6184,107.513,1.6898,19.592,1082.47,96038.7,2173.22,168157,296.294,3921.53,-367.976,679.877,10518.4,-8.56967,1019.8,9331.23,16229.9,2487.35,12686.8,13492.7,227.737,2871.71,-143.293,17320,340.028
0.25,0.4,0.65,0.4,0.4,0.4,7.374,54.614,13.6778,119.587,1.3518,19.93,1257.49,77564.5,1931.01,191002,255.482,4075.11,-344.201,713.475,12114.5,-8.19841,1182.08,7426.55,15085.3,1958.13,10852.6,13938.4,179.64,2757.15,-125.584,19731.2,283.643
0.25,0.4,0.7,0.4,0.4,0.4,8.3354,45.3022,12.7164,129.576,1.067,20.2148,1392.47,63759.4,1673.51,211358,203.54,4209.55,-319.401,774.731,13703.8,-6.93226,1364.17,5955.44,12961.1,1515.48,9350.89,13953.3,140.013,2613.42,-103.075,21743.2,242.396
0.25,0.4,0.75,0.4,0.4,0.4,9.2868,37.4512,11.765,138.18,0.8686,20.4132,1555.07,51719.9,1451.81,228555,170.133,4308.65,-292.619,804.278,15323.1,-5.80227,1535.9,4802.49,11683.5,1212.92,8004.36,13626.9,113.487,2467.09,-79.7341,23475.6,209.55
0.25,0.4,0.8,0.4,0.4,0.4,10.0594,31.1552,10.9924,145.073,0.6938,20.588,1689.75,41937.1,1269.94,243223,135.842,4397.03,-257.981,827.879,16645.3,-4.59553,1691.75,3892.52,10291.8,938.736,6910.06,13316.9,90.9377,2332.58,-60.2018,24920.2,182.502
0.25,0.4,0.85,0.4,0.4,0.4,10.7228,25.3574,10.329,151.421,0.5804,20.7014,1794.72,32175.5,1127.53,255442,113.237,4460.42,-218.996,846.596,17694.2,-3.28397,1822.88,3102.01,9935.9,748.944,5805.37,13129.6,75.946,2215.13,-42.8076,26286.8,162.112
0.25,0.4,0.9,0.4,0.4,0.4,11.3182,21.3792,9.7336,155.902,0.4874,20.7944,1914.92,26275,1004.14,264969,104.583,4511.97,-191.582,848.19,18718.3,-2.14212,1946.55,2562.75,9013.62,632.962,4997.64,12728.4,64.0525,2102.21,-30.1932,27292.6,140.664
0.25,0.4,0.95,0.4,0.4,0.4,11.7492,17.1956,9.3026,160.422,0.3928,20.889,1997.67,19990.9,927.096,274240,84.1273,4568.04,-152,845.341,19405.2,-2.12611,2028.92,2020.39,8082.43,494.112,4159.87,12611.9,51.8523,2032.03,-24.7348,28307.8,122.856
0.25,0.4,1,0.4,0.4,0.4,12.2626,13.535,8.7892,164.554,0.3508,20.931,2091.6,15389.5,825.493,283478,78.4258,4594.92,-118.385,849.177,20282.1,-0.357792,2139.67,1555.85,6575.78,424.075,3359.03,12260.1,46.3826,1924.98,-7.67801,29257.9,112.269
0.3,0.4,0.05,0.4,0.4,0.4,0.0196,184.109,21.0322,0.0364,18.6508,2.631,0.0220202,330589,4606.83,0.0470845,3949.72,74.9922,31.0445,4.29563,0.00888834,3.24909,0.542141,34491.5,58.2801,30781.3,4306.27,7.8792,3530.03,576.854,4.84488,0.988229,436.585
0.3,0.4,0.1,0.4,0.4,0.4,0.024,181.454,21.0278,0.1076,16.0624,5.2194,0.0294299,321988,4605.02,0.480518,3144.2,290.019,36.9677,5.19937,0.0314239,3.28456,1.28479,33898.8,162.028,26171.3,8396.98,25.0458,2959.54,1146.57,9.44658,6.21123,731.829
0.3,0.4,0.15,0.4,0.4,0.4,0.0228,178.105,21.029,0.9072,13.5142,7.7676,0.0350872,312015,4604.74,237.064,2492.09,631.674,30.5285,5.33721,0.728261,2.27453,1.95129,33114.5,946.246,21772.5,12224.8,265.818,2411.08,1695.37,3.18716,86.2743,887.058
0.3,0.4,0.2,0.4,0.4,0.4,0.0854,172.538,20.9664,4.1186,11.096,10.1858,8.87548,297265,4569.33,2417.32,1956.85,1077.32,23.3039,18.6204,55.0045,1.40168,8.97273,31649.3,3362.94,17620.8,15542.6,1192.01,1897.89,2202.41,-24.5793,463.617,931.856
0.3,0.4,0.25,0.4,0.4,0.4,0.2324,163.087,20.8194,11.5236,8.9032,12.3786,28.6749,275380,4489.41,9791.21,1522.44,1573.41,9.25414,48.6815,228.82,0.410378,26.6385,29165.5,7360.61,14047.4,17756.1,3121.19,1454.21,2629.42,-77.0291,1427.33,901.014
0.3,0.4,0.3,0.4,0.4,0.4,0.7372,150.818,20.3146,22.4632,7.069,14.2128,119.881,249034,4236.6,23452.7,1179.41,2051.68,-68.8619,129.483,1028.04,-3.26192,91.7159,26092.3,11478.9,11026.4,18882.8,5297.85,1110.39,2911.82,-130.888,3026.24,833.397
0.3,0.4,0.35,0.4,0.4,0.4,1.3702,135.865,19.6816,36.5386,5.5584,15.7234,222.115,219830,3937.37,43745.3,912.396,2498.6,-132.173,227.982,1966.75,-5.69026,188.411,22622.2,14446.3,8616.83,18941.5,7821.36,840.874,3087.08,-169.671,5153.24,743.444
0.3,0.4,0.4,0.4,0.4,0.4,2.4154,120.717,18.6364,51.6152,4.4412,16.8406,398.567,191439,3499.13,67487,713.945,2863.51,-243.513,358.872,3765.67,-8.88145,347.324,19379.1,16704.7,6873.23,18156.1,9493.11,652.993,3119.24,-194.253,7580.88,660.215
0.3,0.4,0.45,0.4,0.4,0.4,3.3222,105.356,17.7296,66.959,3.5172,17.7646,558.688,163349,3165.51,93251.6,575.347,3183.51,-304.188,445.625,5229.56,-10.1251,493.218,16350.7,17741.5,5361.1,17093.4,11217.6,506.634,3120.95,-201.811,10078.6,569.509
0.3,0.4,0.5,0.4,0.4,0.4,4.4882,91.2968,16.5636,81.4988,2.832,18.4498,747.049,139366,2766.3,120230,470.755,3443.3,-359.158,551.047,7176.7,-10.3469,684.916,13683.1,17032.4,4290.46,15644.7,12179.6,399.571,3036.53,-192.63,12598,491.911
0.3,0.4,0.55,0.4,0.4,0.4,5.4096,77.9704,15.6422,95.1092,2.1946,19.0872,906.499,115675,2467.61,144911,377.149,3701.89,-372.372,620.666,8767.58,-10.2001,845.7,11345.4,17089.1,3272.9,14216.7,13071.6,302.413,2972.76,-168.389,15004.2,409.421
0.3,0.4,0.6,0.4,0.4,0.4,6.4862,65.9638,14.5656,107.638,1.6398,19.642,1099.08,95591.1,2156.77,168108,284.557,3946.46,-380.836,679.796,10576.9,-9.03568,1033.82,9307.97,16434.7,2399.83,12710.7,13477.9,219.252,2866.63,-142.868,17378.4,333.433
0.3,0.4,0.65,0.4,0.4,0.4,7.2976,54.378,13.7542,119.746,1.351,19.9308,1229.59,77802.2,1942.02,191510,239.725,4075.47,-352.078,721.917,12007.3,-8.06447,1171.21,7398.63,14608.3,1942.18,10833.3,14061.8,179.453,2768.08,-120.428,19742.4,291.344
0.3,0.4,0.7,0.4,0.4,0.4,8.3058,44.8942,12.746,129.969,1.082,20.1998,1394.26,63726.4,1684.82,212212,207.701,4200.76,-324.863,768.18,13727.3,-6.34654,1351.65,5897.43,12586,1528.53,9257.49,13991.9,142.794,2622.57,-94.897,21809.9,244.71
0.3,0.4,0.75,0.4,0.4,0.4,9.2642,37.3216,11.7876,138.285,0.8666,20.4152,1544.68,51852.3,1448.57,229167,162.359,4306.86,-299.303,811.097,15289.7,-5.34743,1538.48,4771.05,11259.4,1188.43,7981.82,13695.8,114.001,2463.53,-75.3853,23518.3,214.33
0.3,0.4,0.8,0.4,0.4,0.4,10.0312,31.035,11.0206,145.187,0.7152,20.5666,1676.2,41662.8,1271.76,243011,145.856,4386.94,-268.911,833.742,16561.9,-4.61104,1692.03,3885.49,10469.8,970.877,6851.51,13413.3,93.6292,2329.62,-64.7676,24961.5,182.542
0.3,0.4,0.85,0.4,0.4,0.4,10.7276,25.5774,10.3242,151.214,0.588,20.6938,1796.2,32972.5,1124.86,255290,115.289,4456.74,-230.936,847.193,17749.7,-3.18567,1825.33,3142.18,9681.38,778.562,5839.48,13048.7,76.6667,2211.86,-46.0614,26231.7,162.928
0.3,0.4,0.9,0.4,0.4,0.4,11.295,21.0598,9.7568,156.197,0.4862,20.7956,1910.94,25846,1012.93,265559,103.895,4515.21,-193.465,845.785,18695.2,-2.3547,1937.06,2523.59,8906.71,631.935,4924.98,12785.1,63.2573,2112.71,-33.1825,27357.6,139.39
0.3,0.4,0.95,0.4,0.4,0.4,11.8264,17.0966,9.2254,160.594,0.3892,20.8926,2019.77,19953,911.656,274704,80.3162,4570.84,-158.667,842.008,19550.3,-1.44772,2046.83,2010.24,7988.44,480.717,4143.09,12502.6,51.3147,2013.97,-20.4942,28349.1,123.361
0.3,0.4,1,0.4,0.4,0.4,12.2978,13.6472,8.754,164.473,0.347,20.9348,2108.19,15957.4,821.377,283569,80.225,4598.22,-127.892,842.936,20339.5,-1.05395,2146.01,1570.81,6286.75,429.949,3381.11,12206.1,45.6755,1920.04,-12.4676,29239.6,109.718
0.35,0.4,0.05,0.4,0.4,0.4,0.0164,184.106,21.0354,0.0376,18.652,2.6298,0.019735,330556,4608,0.0549972,3947.49,75.2134,25.1921,3.71036,0.00698476,2.55562,0.461364,34495.2,60.5621,30770.7,4314.73,8.10969,3529.38,578.275,5.02589,0.999719,437.59
0.35,0.4,0.1,0.4,0.4,0.4,0.0172,181.437,21.0346,0.1248,16.0688,5.213,0.0181078,321940,4607.75,3.46912,3149.17,288.54,25.3784,3.83577,0.0534641,2.56993,0.96833,33907.6,171.485,26171.8,8397.6,30.6942,2964.43,1142.7,9.02562,7.71856,730.087
0.35,0.4,0.15,0.4,0.4,0.4,0.02,178.042,21.0318,0.8792,13.4258,7.856,0.0292058,311874,4606.76,247.722,2460.54,643.018,27.2164,4.32663,0.934003,1.94887,1.602,33111.2,887.083,21635.9,12344.5,256.376,2396.59,1710.53,2.19348,82.048,897.163
0.35,0.4,0.2,0.4,0.4,0.4,0.0862,172.517,20.9656,4.0384,10.9934,10.2884,9.26862,297127,4569.44,2304.18,1932.5,1099.35,22.7146,18.3666,56.7288,1.02517,8.97614,31657.1,3365.47,17483.1,15667.8,1159.64,1874.71,2225.96,-23.4364,451.426,933.017
0.35,0.4,0.25,0.4,0.4,0.4,0.2348,163.231,20.817,11.4222,8.943,12.3388,30.2001,275802,4490.84,9768.26,1518.12,1552.91,-1.25129,47.2026,249.612,-0.161849,25.733,29180.5,7216.75,14089.3,17711,3113.06,1471.81,2613.29,-75.6791,1435.82,913.423
0.35,0.4,0.3,0.4,0.4,0.4,0.7318,150.738,20.32,22.582,7.1128,14.169,117.346,249154,4238.48,23600.5,1183.52,2040.27,-68.4942,129.809,1005.81,-3.13137,91.513,26057.8,11446.9,11149.5,18743.1,5359.83,1118.13,2904.16,-129.478,3049.13,837.044
0.35,0.4,0.35,0.4,0.4,0.4,1.3902,135.731,19.6616,36.7242,5.5896,15.6922,232.944,219182,3926.39,43725.3,904.149,2494.97,-147.208,228.055,2008.94,-5.95305,193.68,22614.9,14847.1,8660.15,18873.5,7814.46,843.251,3079.69,-172.275,5183.19,749.382
0.35,0.4,0.4,0.4,0.4,0.4,2.3658,120.373,18.686,51.9472,4.479,16.8028,388.396,190850,3519.1,68288.1,718.968,2853.92,-244.3,353.977,3705.14,-8.86339,336.896,19312,16554,6889.74,18105.4,9611.08,657.526,3125.11,-196.505,7614.21,662.497
0.35,0.4,0.45,0.4,0.4,0.4,3.35,105.389,17.7018,66.8804,3.444,17.8378,570.342,163695,3157.85,93403.3,554.782,3218.23,-313.052,443.625,5325.44,-10.1552,494.464,16333.4,17493.8,5260.87,17153.1,11142.4,491.542,3134.82,-191.673,10082.5,562.432
0.35,0.4,0.5,0.4,0.4,0.4,4.4846,91.1124,16.5672,81.5742,2.7266,18.5552,753.882,138892,2766.42,119860,448.559,3489.1,-367.651,547.573,7147.42,-10.5884,685.771,13651.5,17253.5,4114.56,15746.2,12234.2,381.724,3053.77,-187.963,12634.3,480.11
0.35,0.4,0.55,0.4,0.4,0.4,5.4198,78.1814,15.632,94.8586,2.1448,19.137,909.976,116391,2469.93,144922,358.965,3732.75,-381.293,617.771,8764.8,-10.0114,843.089,11372.6,16640.7,3191.07,14315.1,13046,291.535,2986.06,-166.621,14958.9,403.083
0.35,0.4,0.6,0.4,0.4,0.4,6.5448,65.6926,14.507,107.979,1.6512,19.6306,1112.07,95080.7,2148.07,168959,287.358,3940,-385.692,677.652,10705.3,-9.27303,1038.64,9280.63,16382.8,2405.94,12678.7,13394.2,221.206,2860.1,-146.507,17417.2,335.261
0.35,0.4,0.65,0.4,0.4,0.4,7.3354,54.5836,13.7164,119.552,1.3244,19.9574,1253.71,77659.6,1940.22,190725,228.255,4089.42,-362.62,710.757,12051.4,-8.13543,1175.96,7468.84,15065.8,1905.12,10933.1,13966.6,175.108,2767.74,-117.142,19668.4,290.103
0.35,0.4,0.7,0.4,0.4,0.4,8.346,44.745,12.7058,130.135,1.0588,20.223,1399.8,63633.5,1678.4,212623,197.268,4213.2,-333.149,768.622,13750.8,-6.67068,1360.63,5883.39,12413.8,1499.89,9256.91,13993,139.468,2617.24,-97.2616,21838.7,243.707
0.35,0.4,0.75,0.4,0.4,0.4,9.2716,37.5884,11.7802,137.991,0.8324,20.4494,1565.94,52069.7,1452.65,228789,150.686,4327.18,-308.751,798.423,15328,-5.22272,1537.43,4814.49,11322.5,1145.53,8073.63,13626.9,108.696,2469.77,-73.8583,23450.9,210.006
0.35,0.4,0.8,0.4,0.4,0.4,10.0022,30.9826,11.0496,145.231,0.7362,20.5456,1672.2,41491.7,1284.69,243150,144.564,4373.07,-274.606,829.277,16548.2,-4.47591,1680.25,3879.4,10499,997.443,6806.12,13433.9,97.0803,2337.82,-61.2465,24971.5,190.123
0.35,0.4,0.85,0.4,0.4,0.4,10.7346,25.5162,10.3172,151.263,0.5694,20.7124,1805.28,32530.8,1126.68,255394,113.628,4462.76,-236.496,841.743,17820.4,-3.30814,1823.34,3131.85,9878.1,742.715,5845.45,12996.1,75.3485,2215.29,-43.9269,26253.5,160.748
0.35,0.4,0.9,0.4,0.4,0.4,11.2238,20.8028,9.828,156.394,0.4972,20.7846,1897.42,25739,1022.23,265744,101.644,4510.19,-199.707,847.896,18607.8,-2.53858,1927.92,2501.4,8792.01,646.014,4861.64,12890.6,64.4514,2120.84,-37.6672,27403.4,143.022
0.35,0.4,0.95,0.4,0.4,0.4,11.7702,16.9036,9.2816,160.739,0.3972,20.8846,1996.26,20030,915.168,275479,85.0228,4566.17,-165.957,852.008,19476.8,-1.73887,2040.4,1994.61,7500.57,493.339,4111.57,12586.4,52.4764,2019.53,-24.172,28369.6,123.343
0.35,0.4,1,0.4,0.4,0.4,12.216,13.677,8.8358,164.364,0.35,20.9318,2086.5,15977.5,834.332,283430,72.7865,4599.27,-132.4,847.305,20214.7,-0.923585,2130.41,1571.41,6233.51,430.745,3378.88,12317.4,45.3921,1935.79,-11.1152,29220,112.914
0.4,0.4,0.05,0.4,0.4,0.4,0.0112,184.094,21.0406,0.038,18.6452,2.6366,0.0138773,330496,4611.01,0.0637688,3943.93,74.0894,15.5587,2.21199,0.00517544,1.86435,0.276325,34507.2,62.4239,30750.3,4333.4,8.11308,3533.97,574.56,4.5936,1.01481,439.931
0.4,0.4,0.1,0.4,0.4,0.4,0.017,181.431,21.0348,0.1108,16.0494,5.2324,0.0231156,321924,4608.12,1.59524,3146.44,289.485,24.0075,3.65054,0.0697303,2.13219,0.932436,33910.6,161.285,26153.4,8415.71,26.6233,2962.7,1144.91,7.99733,6.68939,730.98
0.4,0.4,0.15,0.4,0.4,0.4,0.0216,178.007,21.0302,0.8722,13.3824,7.8994,0.0267388,311519,4605.79,211.324,2452.29,652.362,31.3531,4.81571,0.516464,2.43583,1.80493,33098.5,951.17,21495.2,12474.3,254.139,2384.41,1722.02,4.01907,82.8997,896.613
0.4,0.4,0.2,0.4,0.4,0.4,0.0776,172.494,20.9742,4.0934,11.034,10.2478,8.34125,297049,4573.09,2361.73,1928.63,1088.17,16.5288,17.0064,53.4915,0.953352,8.00957,31655.7,3422.04,17536.7,15611.2,1180.58,1887.15,2214.56,-23.6445,457.2,940.539
0.4,0.4,0.25,0.4,0.4,0.4,0.2536,163.057,20.7982,11.4982,8.8262,12.4556,32.6154,275343,4477.88,9827.75,1488.85,1583.09,-2.65039,52.4743,266.254,-0.241173,29.1571,29168.3,7268,13910.6,17869.2,3092.76,1447,2634.76,-74.4489,1428.69,912.969
0.4,0.4,0.3,0.4,0.4,0.4,0.7498,150.728,20.302,22.6116,7.114,14.1678,123.468,249088,4230.7,23681.7,1189.89,2043.14,-75.2126,130.638,1055.59,-3.84385,93.7189,26058.9,11469.3,11143.6,18747.1,5320.22,1116.39,2904.4,-130.972,3055.81,832.423
0.4,0.4,0.35,0.4,0.4,0.4,1.3176,135.681,19.7342,36.7508,5.6392,15.6426,219.293,219241,3956.63,43831.4,918.054,2470.27,-140.805,219.762,1890.12,-5.87118,184.023,22601.1,14749.5,8763.62,18783.6,7932.02,856.378,3076.14,-178.547,5185.62,754.777
0.4,0.4,0.4,0.4,0.4,0.4,2.4236,120.591,18.6282,51.7812,4.473,16.8088,406.971,191354,3501.56,68033.2,729.853,2849.94,-251.811,353.459,3829.49,-9.45065,345.537,19348.6,16534.2,6893.36,18121.2,9477.32,659.749,3114.84,-198.279,7612.02,659.043
0.4,0.4,0.45,0.4,0.4,0.4,3.3184,105.497,17.7334,66.8098,3.5132,17.7686,563.961,163909,3159.15,93407.6,581.057,3187.56,-313.804,446.164,5274.02,-9.81957,494.462,16352,17432,5378.35,17070.9,11185.7,504.812,3121.22,-199.359,10083.8,564.631
0.4,0.4,0.5,0.4,0.4,0.4,4.4806,91.0282,16.5712,81.6806,2.7528,18.529,758.295,138500,2770.84,120115,457.372,3479.07,-370.471,543.156,7192.2,-10.4085,683.489,13655,17398.9,4156.36,15718.3,12192.5,385.407,3052.18,-188.195,12628.1,480.719
0.4,0.4,0.55,0.4,0.4,0.4,5.51,78.168,15.5418,95.006,2.1886,19.0932,935.952,116502,2447.18,145275,366.994,3698.41,-396.2,616.158,8981.37,-10.4049,859.007,11366.9,16638.2,3240.08,14241.9,12886,303.596,2958.47,-171.803,15025,416.238
0.4,0.4,0.6,0.4,0.4,0.4,6.4306,65.7014,14.6212,107.893,1.6888,19.593,1082.78,95119.8,2176.49,168291,292.111,3919.87,-382.102,678.088,10490.9,-9.09202,1020.14,9268.71,16574.4,2477.42,12590.6,13595,227.901,2871.73,-142.176,17423.6,342.949
0.4,0.4,0.65,0.4,0.4,0.4,7.3032,54.627,13.7486,119.483,1.331,19.9508,1239.43,78920.3,1943.43,191385,235.807,4087.24,-365.461,716.29,12041.3,-7.56347,1170.88,7445.9,14092,1902.27,10924.1,13994.8,175.496,2771.86,-117.094,19680.6,287.415
0.4,0.4,0.7,0.4,0.4,0.4,8.3052,44.9988,12.7466,129.896,1.1138,20.168,1397.7,64128.3,1687.41,212092,208.862,4188.75,-341.179,765.169,13705.1,-6.91371,1353.76,5919.83,12454.8,1584.11,9218.1,14011.6,146.503,2617.32,-100.408,21807.4,250.134
0.4,0.4,0.75,0.4,0.4,0.4,9.262,36.8798,11.7898,138.701,0.8436,20.4382,1535.89,51372.2,1452.97,230244,164.27,4320.73,-308.147,813.295,15311.8,-5.19306,1533.9,4713.82,10953.1,1161.8,7919.86,13729.7,110.368,2471.6,-73.547,23594.6,206.439
0.4,0.4,0.8,0.4,0.4,0.4,9.9762,30.8034,11.0756,145.373,0.725,20.5568,1661.02,41038.6,1285.62,243198,137.557,4382.78,-275.427,834.403,16452.6,-4.7807,1679.66,3871.4,10598.4,987.44,6806.46,13529.5,94.5923,2341.21,-67.4571,24978.1,188.771
0.4,0.4,0.85,0.4,0.4,0.4,10.7016,25.344,10.3502,151.4,0.5674,20.7144,1789.95,32496.3,1133.9,255360,119.093,4466.08,-239.63,845.795,17732.4,-3.41817,1814.96,3108.09,9839.04,757.67,5779.83,13099.1,74.7803,2224.35,-45.865,26298.7,156.356
0.4,0.4,0.9,0.4,0.4,0.4,11.2764,21.0298,9.7754,156.195,0.4734,20.8084,1921.96,25701.3,1014.2,264977,103.061,4520.14,-204.419,839.646,18681.4,-2.93884,1938.53,2538.81,9228.97,623.055,4937.44,12798.1,62.3038,2112.77,-36.1099,27354.9,137.341
0.4,0.4,0.95,0.4,0.4,0.4,11.796,17.0872,9.2558,160.583,0.3984,20.8834,2006.21,20295,916.358,274955,83.6748,4568.73,-171.623,846.438,19539.6,-1.95052,2040.17,2006.49,7692.26,502.095,4109.05,12520.9,51.7812,2020.67,-23.8459,28360.7,122.738
0.4,0.4,1,0.4,0.4,0.4,12.2732,13.471,8.7786,164.596,0.3182,20.9636,2098.14,15623.4,824.918,283816,67.2576,4619.16,-135.53,846.191,20302.8,-1.18797,2142.75,1549.96,6253.85,389.998,3366.78,12260.3,41.5414,1927.56,-15.9982,29277.1,105.731
0.45,0.4,0.05,0.4,0.4,0.4,0.0122,184.115,21.0396,0.035,18.6622,2.6196,0.0144541,330602,4610.03,0.0517854,3942.74,74.9111,19.0412,2.69766,0.00717443,1.74147,0.328307,34502.4,54.4901,30791.3,4291.47,7.87399,3532.02,576.583,4.44171,1.01372,440.113
0.45,0.4,0.1,0.4,0.4,0.4,0.012,181.386,21.0398,0.1094,16.008,5.2738,0.0126585,321747,4610.02,0.669966,3134.08,294.626,17.3136,2.70606,0.0270926,1.58902,0.684651,33905.4,170.016,26071.9,8486.37,26.4877,2952.12,1156.28,9.30319,6.63897,734.589
0.45,0.4,0.15,0.4,0.4,0.4,0.0164,178.07,21.0354,0.8796,13.4576,7.8242,0.0177346,311759,4608.46,222.482,2478.63,640.177,23.8304,3.48572,0.37605,1.89567,1.28874,33117.1,950.424,21641,12346.6,257.956,2401.06,1706.43,3.49559,83.6006,889.539
0.45,0.4,0.2,0.4,0.4,0.4,0.0748,172.708,20.977,3.8842,11.0416,10.2402,6.9982,297315,4575.32,2110.43,1959.99,1089.51,21.9241,16.5632,48.5518,1.42697,7.52934,31713.5,3408.72,17544.3,15640.8,1119.01,1885.18,2216.53,-22.1626,433.472,924.192
0.45,0.4,0.25,0.4,0.4,0.4,0.2254,163.197,20.8264,11.35,8.8464,12.4354,28.6439,275409,4495.29,9539.95,1485.42,1581.54,0.717695,45.7555,229.965,-0.144407,24.7426,29194.8,7381.48,13943.8,17844.2,3090.09,1448.53,2637.55,-75.8248,1416.6,915.458
0.45,0.4,0.3,0.4,0.4,0.4,0.7326,150.67,20.3192,22.5312,6.9932,14.2886,120.008,248976,4241.57,23632.6,1148.76,2069.41,-76.1027,126.931,1013.22,-3.3879,90.4219,26059.3,11323.7,10934.8,18935.4,5339.02,1099.04,2924.6,-126.971,3035.73,839.858
0.45,0.4,0.35,0.4,0.4,0.4,1.3602,135.864,19.6916,36.5926,5.6212,15.6606,231.4,219554,3946.74,43469.7,921.432,2481.49,-150.843,218.654,1952.92,-6.26301,187.457,22649.2,14797.3,8737.87,18826.7,7835.83,850.524,3078.95,-174.49,5163.3,747.48
0.45,0.4,0.4,0.4,0.4,0.4,2.4322,120.385,18.6196,51.969,4.4464,16.8354,399.922,191074,3484.19,68658.7,714.247,2848.56,-260.348,365.665,3833.01,-9.41122,352.002,19328.4,16361,6885.54,18111.3,9508.84,660.923,3107.16,-197.319,7628.15,667.536
0.45,0.4,0.45,0.4,0.4,0.4,3.3708,105.67,17.681,66.6702,3.494,17.7878,574.813,164665,3155.62,93292.6,578.046,3193.71,-319.863,442.504,5366.69,-10.1928,496.751,16378.1,17156.7,5335.89,17123.7,11077.7,502.661,3121.45,-194.859,10066.2,563.061
0.45,0.4,0.5,0.4,0.4,0.4,4.4578,90.8716,16.594,81.7854,2.7238,18.558,747.201,138713,2775.93,120851,454.051,3481.13,-374.763,546.158,7148.65,-10.6591,678.696,13624.5,16829.8,4102.02,15755,12262,384.882,3057.75,-187.83,12637.6,481.352
0.45,0.4,0.55,0.4,0.4,0.4,5.464,78.048,15.5878,95.038,2.1466,19.1352,927.249,115883,2462.12,144718,365.677,3721.37,-394.032,613.038,8878.44,-10.3049,849.408,11379.7,17061.8,3170.26,14319,12954.1,295.414,2976.16,-169.81,14994,405.414
0.45,0.4,0.6,0.4,0.4,0.4,6.4476,65.6146,14.6042,108.044,1.7356,19.5462,1099.04,95655.2,2172.62,169195,296.313,3902.82,-394.554,671.892,10528.8,-9.28271,1023.68,9267.66,15928.6,2542.86,12535.4,13586.5,233.916,2862.36,-149.228,17434.4,349.372
0.45,0.4,0.65,0.4,0.4,0.4,7.3708,54.342,13.681,119.855,1.3504,19.9314,1260.21,77569.1,1937.44,191838,246.677,4075.45,-370.385,708.897,12161.3,-7.94632,1176.12,7425.56,14679.1,1942.77,10855.3,13917,179.509,2762.99,-119.49,19727.4,287.877
0.45,0.4,0.7,0.4,0.4,0.4,8.361,44.5928,12.6908,130.318,1.074,20.2078,1404.09,63268.9,1672.81,212962,200.481,4204.6,-342.43,769.271,13804.3,-6.69805,1363.65,5872.37,12500.5,1532.66,9200.57,13967.1,141.818,2611.91,-96.9663,21870.9,246.4
0.45,0.4,0.75,0.4,0.4,0.4,9.298,36.814,11.7538,138.831,0.8716,20.4102,1548.14,51115.2,1442.08,230358,161.336,4309.65,-311.729,812.613,15345.1,-5.62006,1546.95,4710.42,11075.1,1191.23,7880.67,13717.7,113.505,2455.84,-77.693,23625.2,213.446
0.45,0.4,0.8,0.4,0.4,0.4,10.054,30.61,10.9978,145.674,0.7542,20.5276,1682,41315.2,1273.08,244568,146.546,4363.1,-273.221,830.181,16622.7,-5.13215,1690.79,3830.78,9956.92,1014.14,6742.57,13419.3,99.672,2325.34,-69.9734,25042.9,194.117
0.45,0.4,0.85,0.4,0.4,0.4,10.6984,25.2602,10.3534,151.488,0.5742,20.7076,1786.44,32546.4,1134.42,255642,110.04,4463.7,-242.818,847.291,17735.9,-3.66815,1814.69,3095.92,9671.26,746.953,5765.56,13109.2,75.2673,2224.38,-43.9239,26317.9,162.072
0.45,0.4,0.9,0.4,0.4,0.4,11.231,20.603,9.8208,156.577,0.4738,20.808,1891.07,25128.2,1020.97,266049,96.7051,4520.61,-202.204,851.704,18627.8,-2.50935,1928.19,2479.51,8936.47,610.442,4850.1,12890.2,62.1761,2122.82,-33.3187,27438.8,140.281
0.45,0.4,0.95,0.4,0.4,0.4,11.7312,16.8406,9.3206,160.763,0.397,20.8848,1995.69,19898.9,928.91,275103,82.818,4567.5,-170.52,845.422,19416.9,-1.76424,2026.25,1985.33,7700.31,500.733,4069.47,12652.7,52.2228,2033.96,-22.1539,28386.4,123.779
0.45,0.4,1,0.4,0.4,0.4,12.2572,13.4846,8.7946,164.571,0.3228,20.959,2096.07,15524.2,831.939,283704,63.8262,4613.84,-136.442,843.716,20303.6,-0.644153,2133.51,1557.45,6369.47,388.166,3380.72,12250,42.5882,1935.22,-6.10107,29247.3,110.106
0.5,0.4,0.05,0.4,0.4,0.4,0.0112,184.139,21.0406,0.035,18.6878,2.594,0.0118769,330635,4610.81,0.050185,3956.44,72.1804,17.3451,2.31361,0.00680936,1.73284,0.284604,34513.8,58.7705,30820.5,4270.27,7.90376,3542.17,566.481,4.71587,0.965403,434.63
0.5,0.4,0.1,0.4,0.4,0.4,0.0148,181.413,21.037,0.1216,16.0442,5.2376,0.0181846,321864,4609.21,1.24946,3141.54,290.801,20.5496,3.10787,0.0270057,1.7907,0.795043,33908.6,180.716,26141.2,8421.83,28.7571,2960.14,1147.94,9.98782,7.18835,732.771
0.5,0.4,0.15,0.4,0.4,0.4,0.015,178.005,21.0368,0.8874,13.4018,7.88,0.0203791,311734,4608.95,218.305,2454.34,649.556,18.6817,3.2385,0.879265,1.52948,1.19104,33098.7,916.874,21585,12381.7,267.336,2388.01,1719.94,3.49534,87.1263,896.991
0.5,0.4,0.2,0.4,0.4,0.4,0.076,172.576,20.9758,4.0622,11.0866,10.1952,8.60074,297241,4573.17,2349.44,1946.11,1076.07,10.5764,16.8356,56.1737,0.623143,7.88954,31683.7,3408,17625.9,15541.7,1168.35,1899.92,2202.24,-25.139,453.294,937.849
0.5,0.4,0.25,0.4,0.4,0.4,0.222,163.277,20.8298,11.2682,8.8478,12.434,29.2866,275700,4493.91,9628.36,1508.61,1579.94,-10.5558,46.1258,244.649,-0.264665,24.8898,29216.9,7156.18,13914.4,17892.5,3065.91,1448.92,2637.13,-73.4385,1407.82,904.665
0.5,0.4,0.3,0.4,0.4,0.4,0.7066,150.979,20.3452,22.3392,7.1364,14.1454,113.407,249389,4250.81,23006.1,1198.16,2034.89,-73.7611,125.614,970.817,-3.6043,88.2547,26150.2,11605.6,11175.5,18770.9,5302.83,1121.87,2904.16,-131.139,3003.27,832.416
0.5,0.4,0.35,0.4,0.4,0.4,1.3768,136.185,19.675,36.2872,5.62,15.6618,229.78,220109,3936.86,43406.2,916.319,2472.55,-153.529,224.402,1985.45,-6.23786,190.137,22732.8,14550.4,8701.14,18926.4,7731.73,855.662,3071.11,-172.091,5102.64,754.507
0.5,0.4,0.4,0.4,0.4,0.4,2.4384,120.397,18.6134,52.0246,4.5074,16.7744,413.125,190990,3489.53,68381,732.642,2830.5,-262.836,356.394,3854.68,-9.87242,352.649,19356.4,16598.8,6940.1,18082.6,9473.84,669.616,3098.28,-198.761,7622.19,667.371
0.5,0.4,0.45,0.4,0.4,0.4,3.3332,105.601,17.7186,66.7096,3.5022,17.7796,566.185,164553,3162.63,93106.4,568.868,3191.29,-321.854,443.314,5282.93,-10.5648,494.266,16409,17234.5,5346.57,17143.4,11125.6,503.916,3123.05,-200.318,10035.1,568.859
0.5,0.4,0.5,0.4,0.4,0.4,4.4706,91.0568,16.5812,81.6576,2.7684,18.5134,752.8,139008,2771.07,120665,445.037,3467.21,-373.723,545.787,7177.13,-10.928,683.472,13636,16881.1,4177.63,15685.5,12231.9,390.88,3047.25,-189.506,12640,492.817
0.5,0.4,0.55,0.4,0.4,0.4,5.44,77.6656,15.6118,95.3414,2.0916,19.1902,919.039,115360,2467.39,145173,338.05,3749.44,-391.395,614.51,8797.87,-9.74125,847.506,11286.7,16989.6,3116.05,14255.6,13108.7,285.246,2987.66,-161.838,15074.5,405.197
0.5,0.4,0.6,0.4,0.4,0.4,6.4074,65.6852,14.6444,107.907,1.7096,19.5722,1087.78,95713.9,2182.1,169195,293.53,3911.16,-391.23,672.78,10471.4,-9.0565,1016.88,9274.17,15840.9,2526.09,12570.1,13620.7,230.718,2872.13,-143.267,17398.3,346.593
0.5,0.4,0.65,0.4,0.4,0.4,7.3678,54.4412,13.684,119.764,1.3616,19.9202,1259.6,78066.4,1933.51,191937,239.331,4064.72,-374.245,711.169,12155.9,-8.21284,1178.81,7434.04,14389.2,1958.31,10850.9,13922.4,182.73,2757.35,-121.795,19722.7,296.916
0.5,0.4,0.7,0.4,0.4,0.4,8.3678,44.7014,12.684,130.223,1.0808,20.201,1394.76,63730.5,1669.78,213333,197.161,4202.19,-347.866,775.454,13838.5,-6.66665,1366.29,5898.21,12108.5,1519.46,9261.09,13910.1,142.576,2608.48,-94.3903,21823.2,249.265
0.5,0.4,0.75,0.4,0.4,0.4,9.2096,37.0404,11.8422,138.534,0.8892,20.3926,1535.93,51729.3,1466,229576,176.619,4296.6,-312.281,806.76,15203.9,-5.94997,1524.53,4741.72,11050.6,1231.99,7891.58,13813,116.773,2475.32,-83.9893,23571.3,212.33
0.5,0.4,0.8,0.4,0.4,0.4,9.9904,30.5348,11.0614,145.631,0.7004,20.5814,1665.94,41092.8,1283.15,244123,137.585,4396.33,-281.451,833.174,16511.1,-4.57119,1681.88,3831.67,10119.7,940.796,6790.09,13517.3,91.1984,2342.16,-59.4301,25028.7,181.982
0.5,0.4,0.85,0.4,0.4,0.4,10.691,25.1156,10.3608,151.638,0.5876,20.6942,1794.05,32541.9,1131.6,255914,112.066,4457.53,-240.667,844.895,17681.9,-3.66076,1818.51,3073.7,9508.66,781.24,5700.28,13189.9,76.7305,2219.09,-50.1496,26363,164.144
0.5,0.4,0.9,0.4,0.4,0.4,11.2404,20.635,9.8114,156.563,0.4822,20.7996,1902.67,25393.8,1021.95,265988,99.1751,4512.72,-206.214,845.41,18643.8,-2.28818,1926.42,2481.78,8852.91,623.967,4836.46,12883.2,63.9451,2122.59,-33.1867,27442.4,142.991
0.5,0.4,0.95,0.4,0.4,0.4,11.735,16.582,9.3168,161.033,0.4044,20.8774,1989.9,19729.7,925.053,275356,90.3637,4558.92,-170.396,850.244,19427.4,-1.94602,2030.29,1960.59,7675.03,511.23,4011.63,12667.4,53.9441,2028.38,-25.9054,28449.4,124.3
0.5,0.4,1,0.4,0.4,0.4,12.2722,13.2152,8.7796,164.872,0.34,20.9418,2096.18,15198.6,821.578,284184,72.4705,4598.59,-136.873,848.844,20276.8,-0.602869,2145.8,1521.73,6274.64,405.576,3292.59,12321.2,45.6173,1919.86,-9.57773,29345.8,113.408
0.55,0.4,0.05,0.4,0.4,0.4,0.0098,184.095,21.042,0.038,18.6476,2.6342,0.0105061,330558,4611.25,0.0553671,3946.97,75.1382,13.7982,2.09221,0.00462853,1.49515,0.265238,34504.7,62.1664,30783.4,4300.18,8.4569,3530.53,578.381,5.26644,1.09092,437.885
0.55,0.4,0.1,0.4,0.4,0.4,0.0116,181.375,21.0402,0.1192,16.007,5.2748,0.012668,321702,4610,1.66532,3133.85,294.667,16.0931,2.71488,0.0270227,1.49022,0.684149,33907.4,178.824,26060.4,8498.07,28.0246,2954.48,1154.01,8.51287,7.06366,734.683
0.55,0.4,0.15,0.4,0.4,0.4,0.0124,178.016,21.0394,0.911,13.439,7.8428,0.0162495,311716,4609.37,253.679,2471.46,644.145,16.6579,3.02692,0.483,1.17279,1.09417,33106.3,930.898,21617.3,12359.7,269.819,2396.24,1712.17,4.1455,87.0418,891.137
0.55,0.4,0.2,0.4,0.4,0.4,0.0678,172.5,20.984,4.0544,11.011,10.2708,7.05181,297064,4577.35,2304.83,1939.49,1092.53,8.83268,15.5216,47.7443,0.589172,7.07746,31673.6,3411.75,17522.1,15632.4,1169.66,1883.81,2219.19,-22.6751,451.655,932.933
0.55,0.4,0.25,0.4,0.4,0.4,0.2152,163.049,20.8366,11.5236,8.8818,12.4,29.9981,275201,4500.75,9734.18,1517.31,1571.97,-9.22055,42.3506,222.381,-0.474658,24.1093,29165.9,7416.17,14007,17780.1,3142.1,1456.43,2630.61,-77.1477,1438.62,904.303
0.55,0.4,0.3,0.4,0.4,0.4,0.7218,150.91,20.33,22.478,7.191,14.0908,113.702,249703,4240.72,23558,1200.33,2018.95,-80.6717,130.513,996.836,-3.78922,90.6214,26116.2,11277.7,11264.9,18671.7,5333.85,1132.99,2890.85,-133.817,3027,839.302
0.55,0.4,0.35,0.4,0.4,0.4,1.3068,136.264,19.745,36.1282,5.6102,15.6716,218.524,220375,3959.55,42831.6,923.815,2480.7,-147.487,218.686,1879.95,-5.80937,183.047,22751.8,14641.1,8735.34,18904.5,7790.31,850.331,3083.1,-171.779,5083.03,746.684
0.55,0.4,0.4,0.4,0.4,0.4,2.4184,120.054,18.6334,52.36,4.5206,16.7612,404.283,190720,3502.45,69222,730.668,2839.54,-264.313,354.356,3831.21,-9.83399,344.655,19245.6,16337.8,6991.3,17949.1,9594.41,665.27,3110.58,-205.469,7697.72,663.835
0.55,0.4,0.45,0.4,0.4,0.4,3.3344,105.676,17.7174,66.6072,3.4732,17.8086,569.102,164639,3161.33,93188.3,556.423,3201.02,-327.038,442.508,5282.72,-10.2341,493.835,16419.8,17124.3,5317.99,17175.7,11118,499.279,3127.79,-197.349,10017.2,570.221
0.55,0.4,0.5,0.4,0.4,0.4,4.5018,90.6364,16.55,82.0556,2.7148,18.567,775.727,137995,2772.85,120998,447.507,3490.73,-380.502,533.434,7241.8,-11.1239,683.643,13611,17177.8,4088.28,15741.3,12200.1,381.569,3056.58,-189.045,12662.6,479.822
0.55,0.4,0.55,0.4,0.4,0.4,5.4448,78.3004,15.607,94.8014,2.1816,19.1002,922.317,116620,2464.46,144900,362.676,3708.6,-398.623,614.332,8834.44,-10.1124,848.558,11396.7,16641.6,3248.73,14267.8,12987.3,300.522,2971.7,-164.393,14965.6,413.302
0.55,0.4,0.6,0.4,0.4,0.4,6.4346,65.4812,14.6172,108.157,1.7278,19.554,1083.49,95128.2,2176.6,168967,297.903,3914.78,-395.4,677.675,10523.1,-9.66183,1018.41,9245.83,16310.4,2548.98,12488.4,13600.6,229.807,2872.12,-151.74,17466.9,342.601
0.55,0.4,0.65,0.4,0.4,0.4,7.38,54.0862,13.6718,120.114,1.345,19.9368,1248.95,77691,1929.86,192838,241.45,4083.44,-373.481,718.315,12127.8,-7.83447,1181.69,7355.64,14096.1,1949.9,10762.1,14019.5,177.226,2759.59,-119.925,19813,286.493
0.55,0.4,0.7,0.4,0.4,0.4,8.3568,44.3564,12.695,130.572,1.096,20.1858,1406.89,63281.4,1673.82,213754,202.187,4196.46,-347.273,767.368,13778,-6.81001,1363.76,5832.81,12075.8,1545.43,9141.17,14040.9,144.197,2609.53,-99.0345,21924.5,249.618
0.55,0.4,0.75,0.4,0.4,0.4,9.2064,37.1956,11.8454,138.354,0.8678,20.414,1535.92,51495.3,1461.13,229163,173.747,4307.34,-317.853,809.197,15231.5,-5.75126,1528.12,4781.11,11375.4,1207.22,7963.33,13751.4,113.987,2474.32,-81.176,23518.5,208.396
0.55,0.4,0.8,0.4,0.4,0.4,9.9508,30.606,11.101,145.514,0.6938,20.588,1654.4,41334.3,1295.68,243890,136.831,4395.69,-282.08,832.685,16413.2,-4.39354,1669.75,3835.77,10005.1,923.381,6812.53,13600.1,91.4132,2353.91,-60.121,25012.4,182.678
0.55,0.4,0.85,0.4,0.4,0.4,10.7062,25.1114,10.3456,151.607,0.537,20.7448,1798.09,32072.9,1130.16,255953,112.998,4481.42,-243.445,843.595,17716.6,-2.77778,1821.11,3080.19,9685.21,700.03,5788.48,13149.4,71.0626,2221.27,-36.0817,26334,151.729
0.55,0.4,0.9,0.4,0.4,0.4,11.226,20.5754,9.8258,156.601,0.4752,20.8066,1898.34,25210.9,1020.96,266151,99.7585,4517.98,-209.604,848.072,18600.7,-2.19924,1929.2,2472.43,8802.81,600.239,4838.78,12936.6,63.0722,2120.6,-24.7232,27455.9,140.069
0.55,0.4,0.95,0.4,0.4,0.4,11.727,16.7164,9.3248,160.867,0.3808,20.901,1993.5,19801.9,929.522,275363,81.5277,4580.41,-172.833,846.209,19401,-1.81721,2025.57,1963.4,7581.95,481.977,4043.2,12688.5,49.3658,2037.55,-24.1543,28425.5,117.974
0.55,0.4,1,0.4,0.4,0.4,12.174,13.2696,8.8778,164.728,0.3484,20.9334,2078.48,15394.7,842.922,284212,80.8612,4594.45,-137.975,847.019,20163.2,-1.12865,2122.22,1527.99,6070.88,428.456,3297.65,12410.4,46.4377,1943.15,-14.636,29305.1,111.285
0.6,0.4,0.05,0.4,0.4,0.4,0.008,184.107,21.0438,0.0336,18.6574,2.6244,0.00873775,330565,4612.04,0.0504811,3945.16,74.6923,12.2768,1.69799,0.00253171,1.40882,0.217248,34508.8,54.845,30781.2,4302.91,7.22297,3532.37,576.681,4.06412,0.923405,439.015
0.6,0.4,0.1,0.4,0.4,0.4,0.012,181.342,21.0398,0.1154,15.9696,5.3122,0.0122585,321601,4610.42,1.15271,3127.67,296.267,18.5696,2.50722,0.0122176,1.83193,0.637181,33900.9,171.341,25996.9,8557.69,27.3317,2949.58,1158.62,8.9689,6.89935,736.971
0.6,0.4,0.15,0.4,0.4,0.4,0.0098,178.04,21.042,0.895,13.4502,7.8316,0.0113062,311755,4611.12,235.5,2474.93,642.501,14.5407,2.15522,0.146458,1.21103,0.793609,33114.6,942.963,21644.4,12336.5,265.412,2398.47,1710.2,3.74982,85.8285,890.224
0.6,0.4,0.2,0.4,0.4,0.4,0.09,172.478,20.9618,4.1354,11.048,10.2338,10.8565,297053,4566.03,2463.57,1934.78,1083.6,5.65071,19.2809,69.5135,0.29914,9.44785,31649.5,3403.17,17570.1,15573.8,1190.95,1892.3,2208.63,-24.6192,468.315,939.75
0.6,0.4,0.25,0.4,0.4,0.4,0.206,163.298,20.8458,11.3584,8.9754,12.3064,27.7759,276171,4504.16,9697.71,1528.11,1554.33,-9.81503,41.7559,213.675,-0.254583,22.9291,29214,7061.77,14133.1,17689,3113.29,1469.05,2618.94,-77.0254,1416.74,907.723
0.6,0.4,0.3,0.4,0.4,0.4,0.7226,150.731,20.3292,22.5658,7.0988,14.183,117.884,248898,4245.42,23495.1,1192.24,2042.7,-86.7286,126.073,1003.17,-4.12122,89.5457,26092,11521.6,11069.3,18837,5341.72,1117.46,2907.79,-130.814,3036.97,831.473
0.6,0.4,0.35,0.4,0.4,0.4,1.334,135.964,19.7178,36.5156,5.6698,15.612,230.415,220121,3952.65,43611,933.211,2463.64,-161.036,216.191,1942.67,-6.65824,185.748,22678.1,14512.4,8837.84,18754.2,7833.42,860.393,3071.19,-179.744,5153.81,750.516
0.6,0.4,0.4,0.4,0.4,0.4,2.424,120.522,18.6278,51.873,4.4952,16.7866,405.07,191417,3505.7,68112.9,722.877,2834.86,-267.309,352.336,3818.25,-9.63469,343.541,19363,16482.5,6935.02,18078.8,9494.45,667.821,3108.95,-197.974,7614.38,670.074
0.6,0.4,0.45,0.4,0.4,0.4,3.2586,104.862,17.7932,67.3726,3.5006,17.7812,553.192,162557,3191.16,94085.9,562.156,3176.13,-319.109,435.545,5192.25,-10.4393,478.495,16246.6,17650,5329.93,17013.9,11361.6,510.233,3132.38,-198.183,10167.7,579.798
0.6,0.4,0.5,0.4,0.4,0.4,4.4172,91.2312,16.6346,81.405,2.7436,18.5382,745.746,139103,2795.77,119637,448.759,3478.69,-377.812,536.965,7074.08,-10.9188,671.785,13688.5,17212.5,4146.38,15750.2,12265.5,385.71,3064.1,-187.923,12589.5,485.218
0.6,0.4,0.55,0.4,0.4,0.4,5.4286,77.784,15.6232,95.2898,2.1698,19.112,933.904,115567,2469.07,144996,368.935,3720.17,-394.785,606.234,8850.73,-9.80794,846.246,11321.2,17125,3245.72,14174.5,13041.7,295.646,2978.59,-167.531,15060.4,404.387
0.6,0.4,0.6,0.4,0.4,0.4,6.4704,65.5876,14.5814,108.078,1.7202,19.5616,1101.62,95251.6,2171.79,169110,292.277,3910.09,-398.233,671.019,10579.3,-9.22583,1023.07,9263.66,16197.2,2517.82,12543.7,13542.7,231.256,2865.58,-147.294,17443,347.758
0.6,0.4,0.65,0.4,0.4,0.4,7.3338,54.324,13.718,119.779,1.2936,19.9882,1245.25,77766.9,1938.68,191885,225.558,4103.96,-374.429,715.761,12090.5,-7.29006,1173.18,7409.14,14427.6,1866.89,10895.8,13991.9,170.584,2774.2,-115.413,19731.6,284.183
0.6,0.4,0.7,0.4,0.4,0.4,8.3496,44.5864,12.7022,130.332,1.0938,20.188,1394.92,63809.9,1672.16,213347,203.106,4194.05,-349.391,774.181,13777.6,-7.25724,1364.65,5860.42,12031.9,1567.19,9155.36,14010.9,144.773,2608.51,-107.302,21898.9,250.364
0.6,0.4,0.75,0.4,0.4,0.4,9.2638,36.9072,11.788,138.698,0.8656,20.4162,1542.8,51189,1452.31,229948,167.444,4307.81,-319.004,810.165,15349.3,-5.68868,1537.02,4736.23,11251,1203.55,7896.79,13687.6,114.07,2465.27,-79.0971,23592.2,211.314
0.6,0.4,0.8,0.4,0.4,0.4,10.043,30.437,11.0088,145.778,0.6964,20.5854,1682.05,40712.9,1272.74,244236,134.316,4398.17,-281.835,830.327,16573.1,-4.09596,1692.71,3804.49,10294.5,925.357,6748.84,13496.1,90.791,2331.27,-57.543,25092.3,182.696
0.6,0.4,0.85,0.4,0.4,0.4,10.676,24.864,10.3758,151.846,0.5582,20.7236,1790.31,31800,1137,256406,115.232,4471.17,-244.384,844.064,17678.1,-3.04275,1812.52,3047.82,9580.51,726.086,5710.21,13216.1,73.4157,2227.78,-40.3823,26387.9,155.739
0.6,0.4,0.9,0.4,0.4,0.4,11.318,20.9858,9.7338,156.301,0.493,20.7888,1920.38,25960.3,1004.86,265758,100.046,4509.82,-215.183,845.102,18773.7,-2.68211,1946.35,2530.84,8796.93,628.055,4917.11,12730.9,64.5643,2102.44,-36.9204,27382.8,144.006
0.6,0.4,0.95,0.4,0.4,0.4,11.7742,16.6924,9.2776,160.958,0.4012,20.8806,2002.77,19916.3,917.794,275702,86.4827,4563.87,-175.567,847.44,19490.6,-2.38869,2039.72,1971.15,7453.11,501.918,4046.43,12607.4,52.8842,2020.46,-26.4222,28429,123.763
0.6,0.4,1,0.4,0.4,0.4,12.2554,13.1304,8.7964,164.946,0.3456,20.9362,2089.79,14969.5,827.987,284653,81.5345,4597.48,-138.917,848.832,20286.5,-1.50717,2138.13,1521.14,6184.06,434.396,3278.35,12307,45.8229,1928.23,-16.6909,29334.9,109.434
0.65,0.4,0.05,0.4,0.4,0.4,0.0076,184.088,21.0442,0.0356,18.6408,2.641,0.00834391,330502,4612.26,0.0499426,3936.94,74.8971,11.0007,1.58918,0.00252995,1.30819,0.200969,34508.2,60.2795,30751.4,4327.71,7.83679,3531.28,577.887,4.64332,0.994179,443.022
0.65,0.4,0.1,0.4,0.4,0.4,0.0096,181.367,21.0422,0.1084,15.99,5.2918,0.0103099,321610,4611.36,0.616773,3127.14,297.164,13.6918,2.0366,0.0161626,1.19694,0.496898,33904.3,166.175,25999.5,8553.92,26.1008,2948,1160.98,8.92567,6.57648,736.787
0.65,0.4,0.15,0.4,0.4,0.4,0.0112,178.106,21.0406,0.876,13.4958,7.786,0.0130772,311956,4610.23,230.376,2492.87,636.682,16.0362,2.60087,0.334256,1.21009,0.954388,33129,901.408,21708.7,12287.3,257.325,2406.09,1702.42,3.35295,83.1731,884.166
0.65,0.4,0.2,0.4,0.4,0.4,0.0766,172.343,20.9752,4.2536,11.0444,10.2374,9.88671,296816,4572.76,2454.19,1944.95,1090.29,9.02075,16.4002,57.4509,0.301859,8.17765,31612.5,3542.56,17600.7,15532.1,1226.03,1885.57,2216.62,-25.7362,480.973,931.317
0.65,0.4,0.25,0.4,0.4,0.4,0.211,163.086,20.8408,11.4402,8.8402,12.4416,27.1363,275373,4503.82,9744.09,1488.89,1588.19,-15.2291,42.243,227.461,-1.16772,22.3849,29174.5,7289.92,13955,17819.9,3118.08,1443.78,2645.67,-75.6372,1424.64,910.402
0.65,0.4,0.3,0.4,0.4,0.4,0.694,150.78,20.3578,22.5174,7.1276,14.1542,114.997,249361,4259.23,23331.8,1183.53,2032.63,-82.6124,120.61,979.955,-4.01596,84.9484,26114.6,11439.5,11154.7,18762,5335.94,1123.42,2906.32,-134.604,3026.5,840.859
0.65,0.4,0.35,0.4,0.4,0.4,1.3504,136.049,19.7014,36.3722,5.5954,15.6864,228.816,219710,3947.99,43181.7,919.566,2485.11,-161.164,219.318,1942.69,-6.79159,187.43,22715.9,14813.3,8705.13,18898.9,7785.59,848.867,3081.17,-173.937,5120.01,746.602
0.65,0.4,0.4,0.4,0.4,0.4,2.3872,120.251,18.6646,52.1416,4.5298,16.752,393.062,191230,3511.23,68498.1,740.43,2830.42,-266.379,355.577,3741.7,-9.74249,341.888,19312.2,16345.4,6979.53,18011.3,9614.13,669.882,3108.64,-202.148,7650.77,663.513
0.65,0.4,0.45,0.4,0.4,0.4,3.351,104.971,17.7008,67.3494,3.4942,17.7876,570.796,163832,3162.95,94645.7,570.766,3185.98,-328.522,440.851,5320.31,-10.3101,493.397,16259.9,16851.3,5340.39,17025.5,11248.6,506.143,3121.44,-195.612,10157.4,570.567
0.65,0.4,0.5,0.4,0.4,0.4,4.4574,90.9176,16.5944,81.6962,2.681,18.6008,753.325,138525,2786.06,120483,440.292,3509.58,-384.231,538.03,7130.85,-10.9289,676.017,13631.5,17018.6,4032.06,15802.9,12269.3,374.235,3071.35,-183.796,12631.5,474.006
0.65,0.4,0.55,0.4,0.4,0.4,5.4134,77.7324,15.6384,95.2656,2.1092,19.1726,916.943,115338,2469.14,145258,362.427,3736.81,-400.52,614.681,8808.87,-9.97794,845.857,11327.3,16942.3,3109,14319.8,13069.4,290.549,2984.24,-161.22,15033.4,399.321
0.65,0.4,0.6,0.4,0.4,0.4,6.3994,65.6734,14.6524,107.912,1.711,19.5708,1078.57,95700,2183.7,169215,300.127,3914.25,-394.009,676.586,10526.3,-9.25682,1012.75,9266.75,15882.7,2520.64,12563.4,13569.6,229.898,2877.28,-146.596,17411.2,341.751
0.65,0.4,0.65,0.4,0.4,0.4,7.3724,54.3814,13.6794,119.844,1.3776,19.9042,1252.15,78150.7,1921.51,192103,240.105,4065.51,-377.714,720.892,12156.1,-7.8996,1188,7412.71,14291,1986.35,10789.7,13949.2,182.292,2748.28,-122.597,19766.2,296.132
0.65,0.4,0.7,0.4,0.4,0.4,8.272,44.5992,12.7798,130.251,1.103,20.1788,1388.67,63260.6,1686.87,212653,204.4,4190.55,-346.489,769.954,13661,-7.25407,1354.7,5878.49,12545.5,1564.59,9179.68,14097,145.747,2617.48,-101.582,21863.9,251.465
0.65,0.4,0.75,0.4,0.4,0.4,9.2234,36.9874,11.8284,138.617,0.906,20.3758,1544.1,51769.2,1466.21,230111,161.324,4291.84,-319.914,802.569,15230.4,-6.20184,1527.42,4740.09,10807.2,1253.76,7864.93,13800.9,118.201,2471.25,-84.6085,23574.1,222.356
0.65,0.4,0.8,0.4,0.4,0.4,10.0156,30.6104,11.0362,145.575,0.6946,20.5872,1667.76,41509.2,1277,244373,131.367,4401.08,-285.642,835.344,16530.5,-4.88001,1686.68,3833.49,9800.31,940.975,6792.7,13503,90.2993,2338.57,-63.8561,25029.4,182.717
0.65,0.4,0.85,0.4,0.4,0.4,10.7248,25.0638,10.327,151.727,0.591,20.6908,1787.94,32146.2,1129.49,256265,117.483,4448.53,-248.811,849.009,17807.9,-3.65469,1818.7,3079.35,9637.4,769.941,5717.99,13066.1,78.4888,2217.14,-50.7444,26364.6,165.934
0.65,0.4,0.9,0.4,0.4,0.4,11.2584,20.666,9.7934,156.545,0.4772,20.8046,1911.26,25402.8,1020,265968,95.9447,4521.91,-213.158,842.092,18630.6,-2.89549,1931.81,2491.36,8820.93,613.081,4857.58,12896.5,62.033,2119.72,-37.4012,27434.9,140.015
0.65,0.4,0.95,0.4,0.4,0.4,11.7542,16.9286,9.2976,160.692,0.3912,20.8906,2003.56,20169.7,922.531,275197,84.7615,4568.75,-181.136,844.679,19495.1,-1.45233,2034.56,2008.6,7569.11,487.144,4124.37,12568.9,51.9256,2025.64,-19.7933,28351.6,122.186
0.65,0.4,1,0.4,0.4,0.4,12.2592,13.2414,8.7926,164.859,0.3658,20.916,2096.25,15268.8,829.88,284115,85.3031,4589.68,-141.992,844.656,20303.3,-1.80658,2137.14,1524.72,6338.61,464.684,3237.79,12293.3,47.3795,1927.96,-20.2673,29353.2,111.451
0.7,0.4,0.05,0.4,0.4,0.4,0.007,184.109,21.0448,0.0372,18.6638,2.618,0.00935287,330565,4612.71,0.0550272,3946.78,73.6608,10.5836,1.36076,0.00254011,1.32022,0.168508,34512.5,61.5803,30789.3,4295.02,8.28559,3535.84,573.342,4.9483,1.04022,438.719
0.7,0.4,0.1,0.4,0.4,0.4,0.0078,181.399,21.044,0.1122,16.0284,5.2534,0.00854087,321839,4612.16,0.766164,3147.68,293.828,10.3163,1.63798,0.00712627,1.02158,0.415107,33915.5,174.744,26136.5,8428.56,26.4291,2956.7,1152.53,8.9464,6.6437,728.187
0.7,0.4,0.15,0.4,0.4,0.4,0.0096,178.019,21.0422,0.8756,13.4098,7.872,0.0115101,311696,4611.04,259.629,2457.01,653.492,12.869,2.19803,0.467288,1.20331,0.825794,33111.7,903.199,21579.5,12391,255.288,2384.11,1724.54,3.73853,81.7602,893.687
0.7,0.4,0.2,0.4,0.4,0.4,0.0718,172.442,20.98,4.2016,11.0968,10.185,9.53415,296882,4576.93,2416.18,1956.83,1077.08,3.10746,14.4879,56.8239,0.40153,7.10754,31650.1,3563.07,17646.4,15507.3,1205.95,1898.75,2204.41,-24.3422,470.352,931.983
0.7,0.4,0.25,0.4,0.4,0.4,0.183,162.893,20.8688,11.6192,8.8542,12.4276,26.0111,275012,4514.6,9868.95,1524.8,1583.29,-11.0203,37.4169,187.356,-0.100139,20.7317,29103.5,7375.62,13980.4,17778.5,3223.3,1446.96,2643.08,-79.2564,1464,894.895
0.7,0.4,0.3,0.4,0.4,0.4,0.731,150.947,20.3208,22.385,7.126,14.1558,120.742,249510,4242.33,23337.7,1180.41,2036.52,-91.5917,126.185,1029.98,-4.483,90.1531,26136.3,11398.6,11145.9,18775.9,5281.38,1120.81,2904.19,-129.492,3017.55,840.475
0.7,0.4,0.35,0.4,0.4,0.4,1.3138,135.527,19.738,36.9028,5.6404,15.6414,224.279,219178,3962.43,43989.5,935.882,2476.23,-152.644,214.368,1891.99,-6.38243,182.14,22560.6,14695.1,8775.56,18739.3,7978.72,853.616,3081.3,-176.182,5219.15,742.882
0.7,0.4,0.4,0.4,0.4,0.4,2.4376,120.082,18.6142,52.3046,4.4734,16.8084,402.148,190679,3488.75,68786.9,718.101,2847.85,-273.473,362.275,3836.43,-9.92775,350.921,19283.6,16497,6903.72,18043.8,9561.98,661.214,3108.46,-200.52,7681.42,665.963
0.7,0.4,0.45,0.4,0.4,0.4,3.3714,105.093,17.6804,67.2538,3.5,17.7818,575.802,163693,3154.02,94076.8,565.727,3186.67,-331.626,442.809,5330.87,-10.7372,499.299,16294.5,17187.2,5322.36,17056.1,11212.8,505.848,3116.26,-203.326,10155.3,572.74
0.7,0.4,0.5,0.4,0.4,0.4,4.531,90.8876,16.5208,81.8462,2.7274,18.5544,767.174,138856,2754.17,120763,446.212,3482.69,-392.378,547.052,7264.76,-11.0829,693.27,13652.5,16888.3,4094.42,15763.3,12156.1,384.955,3043.53,-187.331,12645.8,484.49
0.7,0.4,0.55,0.4,0.4,0.4,5.4554,77.698,15.5964,95.386,2.1532,19.1286,926.921,115775,2463.39,145807,360.62,3716.55,-402.758,612.568,8862.08,-10.5135,849.52,11297,16581.7,3205.58,14194.5,13063.4,297.905,2973.76,-172.835,15086,410.357
0.7,0.4,0.6,0.4,0.4,0.4,6.4556,65.674,14.5962,107.936,1.6794,19.6024,1098.54,95255.1,2180.56,168785,279.851,3932.5,-402.302,668.172,10595.5,-9.15697,1017.6,9271.6,16302.4,2437.01,12611.3,13509.7,224.157,2878.07,-141.813,17427.9,342.766
0.7,0.4,0.65,0.4,0.4,0.4,7.3622,53.67,13.6896,120.528,1.3608,19.921,1252.09,77268.8,1930.64,193095,239.194,4072.91,-372.86,716.359,12091.5,-8.40516,1182.7,7301.44,14183.1,1995.97,10639.4,14113.1,180.287,2756.09,-126.442,19900.8,292.887
0.7,0.4,0.7,0.4,0.4,0.4,8.2592,44.5464,12.7926,130.285,1.0966,20.1852,1398.36,63385.8,1697.86,212857,204.383,4199.84,-347.322,759.612,13600.9,-6.85661,1346.8,5858.87,12297.2,1548.88,9168.95,14174.8,143.28,2627.45,-103.058,21879.7,246.828
0.7,0.4,0.75,0.4,0.4,0.4,9.2464,36.8418,11.8054,138.76,0.88,20.4018,1537.73,50906.2,1457.75,229936,164.997,4301.27,-321.709,809.983,15228.1,-5.89061,1534.07,4723.15,11272.8,1200.96,7877.87,13820.7,115.539,2466.95,-81.6923,23615.2,215.808
0.7,0.4,0.8,0.4,0.4,0.4,9.9914,30.5606,11.0604,145.604,0.698,20.5838,1674.14,41181.3,1283.76,243957,138.949,4397.93,-287.94,828.773,16506.9,-4.5087,1682.37,3839.03,10143.2,944.167,6787.28,13524.2,90.91,2341.9,-62.7543,25031.9,180.501
0.7,0.4,0.85,0.4,0.4,0.4,10.6984,25.2454,10.3534,151.518,0.5898,20.692,1791.88,32541.9,1131.14,256034,120.979,4458.32,-252.542,846.21,17751.6,-3.9005,1819.71,3107.82,9523,797.703,5743.76,13096.7,76.5509,2218.31,-47.3523,26305.3,159.29
0.7,0.4,0.9,0.4,0.4,0.4,11.2254,20.6982,9.8264,156.471,0.468,20.8138,1899.58,25484,1024.8,265810,97.5345,4523.73,-215.738,845.535,18605.7,-2.90387,1924.68,2497.66,8825.44,599.273,4877.99,12909.1,61.655,2127.24,-35.007,27418.7,138.307
0.7,0.4,0.95,0.4,0.4,0.4,11.7912,16.475,9.2606,161.188,0.3966,20.8852,2006.46,19426.6,910.735,276074,86.0017,4565.82,-176.234,849.123,19541.7,-1.47669,2046.39,1947.19,7554.82,488.427,4007.48,12586.7,52.4833,2013.27,-17.9752,28479.3,123.028
0.7,0.4,1,0.4,0.4,0.4,12.2772,13.2926,8.7746,164.781,0.3214,20.9604,2090.3,15262.2,822.738,284158,67.1327,4617.17,-144.314,851.206,20307.6,-1.09191,2144.37,1528.73,6269.27,388.764,3311.89,12283.2,41.9256,1925.47,-8.82111,29328.7,106.789
0.75,0.4,0.05,0.4,0.4,0.4,0.0056,184.096,21.0462,0.039,18.6536,2.6282,0.00556975,330544,4612.88,0.0602911,3947.05,74.308,8.00487,1.28,0.00278216,0.864313,0.154913,34513.1,65.9093,30785.4,4298.16,8.4949,3534.59,575.059,5.01171,1.09572,438.262
0.75,0.4,0.1,0.4,0.4,0.4,0.0096,181.405,21.0422,0.1166,16.0362,5.2456,0.01071,321842,4611.33,1.06922,3131.63,293.902,13.39,2.05201,0.0124831,1.2455,0.517546,33909.1,176.091,26128.6,8428.41,28.4532,2954.84,1154.07,8.79054,7.11799,736.172
0.75,0.4,0.15,0.4,0.4,0.4,0.0094,178.001,21.0424,0.9164,13.4322,7.8496,0.0109138,311751,4611.08,263.201,2464.43,647.817,11.8076,2.17704,0.573501,0.933524,0.804575,33104.2,914.827,21624.9,12346.5,270.117,2390.77,1718.16,4.09435,86.8196,892.819
0.75,0.4,0.2,0.4,0.4,0.4,0.0692,172.408,20.9826,4.1938,11.0568,10.225,7.18105,296794,4576.11,2510.11,1947.88,1083.79,2.58191,16.0756,53.124,0.281726,7.11985,31628.6,3493.64,17580.1,15562.5,1223.61,1891.58,2211.69,-26.4161,475.46,933.105
0.75,0.4,0.25,0.4,0.4,0.4,0.2116,163.349,20.8402,11.1858,8.8482,12.4336,31.5043,275830,4501.19,9376.15,1508.26,1591.67,-13.8087,41.3773,215.625,-0.722824,24.4981,29244.4,7212.24,13942.8,17871.5,3059.55,1440.78,2646.11,-74.3129,1394.31,898.974
0.75,0.4,0.3,0.4,0.4,0.4,0.6978,150.969,20.354,22.3228,7.1188,14.163,116.094,249495,4257.48,22885.2,1190.57,2037.35,-89.3412,120.933,977.986,-4.39378,85.7086,26160.8,11570,11138.7,18796.3,5296.52,1120.46,2908.9,-132.035,3007.23,834.977
0.75,0.4,0.35,0.4,0.4,0.4,1.3052,135.789,19.7466,36.5076,5.5164,15.7654,217.076,219299,3965,43406.2,902.57,2504.45,-159.707,216.683,1880.1,-6.18064,180.098,22629.5,14742.2,8582.55,18948.3,7908.54,838.049,3098.71,-168.483,5162.9,745.428
0.75,0.4,0.4,0.4,0.4,0.4,2.461,120.347,18.5908,52.099,4.51,16.7718,418.119,190988,3483.05,68531.3,741.761,2836.18,-276.195,357.138,3908.22,-9.99471,353.539,19355.5,16599.8,6985.4,18031.3,9437.89,667.292,3099.84,-202.113,7633.96,659.971
0.75,0.4,0.45,0.4,0.4,0.4,3.2838,105.133,17.768,67.1196,3.4932,17.7886,558.078,163300,3183.66,93377.3,569.253,3184.39,-326.314,436.852,5196.15,-9.90915,484.302,16308.8,17610.3,5314.03,17072.5,11305.5,506.361,3129.92,-195.233,10127.8,572.119
0.75,0.4,0.5,0.4,0.4,0.4,4.4982,90.9928,16.5536,81.715,2.7342,18.5476,768.159,138726,2767.94,120228,457.751,3486.73,-387.423,539.674,7225.55,-11.184,685.231,13676.4,17218.5,4136.32,15748.2,12158.4,383.446,3053.18,-191.03,12618.3,476.698
0.75,0.4,0.55,0.4,0.4,0.4,5.5486,77.3916,15.5032,95.7546,2.1222,19.1596,948.738,115434,2434.68,146464,351.065,3739.46,-406.125,616.015,9017.83,-10.0899,868.189,11261,16540.2,3169.02,14182.4,12964.2,289.429,2963.14,-165.529,15130.3,403.679
0.75,0.4,0.6,0.4,0.4,0.4,6.4624,65.1796,14.5894,108.467,1.709,19.5728,1093.36,94688.6,2163.6,169781,300.288,3917.59,-404.293,679.242,10591.5,-9.61797,1029.58,9205.01,16136.3,2504.82,12484.2,13592.8,229.256,2861.46,-147.692,17522.2,340
0.75,0.4,0.65,0.4,0.4,0.4,7.3138,54.716,13.738,119.434,1.3612,19.9206,1244.52,78625.1,1944.25,191271,244.803,4071.85,-381.474,713.335,12019,-8.08116,1171.99,7478.29,14309.1,1962.34,10896.7,14007.3,180.464,2766.3,-120.005,19663.6,290.613
0.75,0.4,0.7,0.4,0.4,0.4,8.3052,44.3964,12.7466,130.443,1.0588,20.223,1385.28,63088.6,1685.57,213452,189.719,4214.5,-350.826,772.302,13714.3,-6.64848,1352.88,5847.67,12226.4,1493.73,9201.78,14072.1,139.512,2624.93,-93.511,21884.1,246.828
0.75,0.4,0.75,0.4,0.4,0.4,9.1882,36.8488,11.8636,138.687,0.8718,20.41,1532.63,51506.5,1472.07,229909,166.668,4304.88,-321.176,805.371,15192.1,-5.42296,1520.07,4728.4,10957.5,1202.13,7888.89,13840.9,114.815,2481.21,-77.5711,23584.3,213.165
0.75,0.4,0.8,0.4,0.4,0.4,10.0436,30.2438,11.0082,145.984,0.7092,20.5726,1672.53,40694.4,1269.25,244791,137.744,4392.44,-287.761,836.835,16566.3,-5.13475,1695.27,3803.96,10037,954.845,6729.35,13506.8,92.2574,2328.28,-67.6639,25098.5,183.847
0.75,0.4,0.85,0.4,0.4,0.4,10.628,24.9718,10.4238,151.712,0.58,20.7018,1776.38,32201.9,1145.63,256192,125.185,4460.93,-248.607,846.718,17603.6,-3.7852,1804.83,3064.53,9462.21,784.725,5685.14,13268.7,76.0736,2233.56,-47.506,26363.1,155.885
0.75,0.4,0.9,0.4,0.4,0.4,11.269,20.5798,9.7828,156.627,0.462,20.8198,1902.51,25589.9,1014.57,266460,98.1862,4522.83,-215.612,849.184,18687.5,-2.78283,1936.97,2478.56,8524.2,591.686,4858.34,12853.2,61.8751,2114.61,-30.8038,27454.9,138.43
0.75,0.4,0.95,0.4,0.4,0.4,11.7532,16.5402,9.2986,161.081,0.3922,20.8896,1999.35,19799.2,925.005,275972,86.2264,4569.31,-177.572,845.547,19501.1,-1.4625,2032.04,1946.87,7382.71,492.447,4002.31,12617.5,51.63,2028.46,-20.3825,28466.9,121.17
0.75,0.4,1,0.4,0.4,0.4,12.302,13.3248,8.7498,164.782,0.3294,20.9524,2119.97,15499.3,824.898,284422,75.3176,4606.82,-148.418,835.289,20415.5,-1.02488,2143.63,1538,6120.66,408.427,3315.01,12186,44.0696,1923.99,-11.7511,29317.4,107.873
0.8,0.4,0.05,0.4,0.4,0.4,0.0074,184.09,21.0444,0.0386,18.6462,2.6356,0.00814687,330539,4611.99,0.0535207,3942.65,74.8342,10.3164,1.72102,0.00431522,1.16425,0.228542,34508.5,62.2156,30774.7,4306.39,8.76604,3531.91,577.37,5.36273,1.11489,440.198
0.8,0.4,0.1,0.4,0.4,0.4,0.0112,181.338,21.0406,0.137,15.9886,5.2932,0.0130772,321626,4610.68,2.01223,3121.96,299.059,16.4259,2.37742,0.0212699,1.62625,0.597236,33891.4,196.733,26031.8,8514.5,33.6248,2944.63,1163.82,11.0366,8.55474,738.433
0.8,0.4,0.15,0.4,0.4,0.4,0.0114,178.052,21.0404,0.918,13.4834,7.7984,0.0120725,311765,4610.25,233.185,2492.11,643.152,17.2493,2.59146,0.152365,1.26594,0.949488,33104.9,984.694,21695.4,12290.9,272.408,2398.04,1710.41,4.36931,88.2827,881.311
0.8,0.4,0.2,0.4,0.4,0.4,0.0636,172.389,20.9882,4.1562,11.0066,10.2752,6.46845,296998,4579.88,2445.46,1932.67,1093.62,7.45713,14.5499,46.2705,0.186418,6.44759,31632.3,3364.32,17513.5,15622.6,1210.61,1882.6,2221.44,-25.5473,467.886,935.791
0.8,0.4,0.25,0.4,0.4,0.4,0.2016,163.163,20.8502,11.3756,8.8614,12.4204,26.281,275622,4503.07,9726.63,1509.37,1584.91,-11.3893,43.048,215.743,-0.448548,22.811,29180.1,7195.58,13993.3,17796.4,3122.87,1445.62,2642.69,-74.4836,1421.72,901.797
0.8,0.4,0.3,0.4,0.4,0.4,0.6648,150.675,20.387,22.5426,7.077,14.2048,108.071,249009,4271.78,23332.1,1177.78,2049.29,-81.9251,117.797,924.336,-3.65452,81.559,26090,11488.1,11073.7,18826.5,5395.2,1112.61,2920.16,-132.069,3026.26,835.406
0.8,0.4,0.35,0.4,0.4,0.4,1.3358,135.723,19.716,36.7168,5.6288,15.653,228.666,219434,3957.05,44088.3,923.226,2474.56,-162.135,214.866,1918.34,-6.70309,184.518,22607.2,14508.9,8746.18,18796.3,7921.18,854.913,3077.94,-177.038,5189,750.046
0.8,0.4,0.4,0.4,0.4,0.4,2.383,120.162,18.6688,52.142,4.4454,16.8364,397.172,190465,3513.17,68461,723.99,2855.23,-267.033,352.551,3737.22,-9.5707,341.343,19289.8,16611.6,6839.43,18118.9,9630.76,657.785,3121.11,-198.053,7658.09,659.333
0.8,0.4,0.45,0.4,0.4,0.4,3.3046,105.101,17.7472,67.2454,3.566,17.7158,574.278,163754,3177.07,94336.6,577.055,3169.9,-326.439,432.047,5294.29,-10.5107,488.494,16272.7,17108.2,5441.85,16936.3,11261,512.86,3119.83,-204.859,10160.5,575.461
0.8,0.4,0.5,0.4,0.4,0.4,4.449,91.1754,16.6028,81.5178,2.7688,18.513,754.078,138696,2787.55,119877,454.755,3480.83,-385.693,536.907,7138.57,-10.6953,674.676,13697.5,17377.3,4177.63,15727.7,12208.4,385.693,3061,-186.856,12584.8,481.147
0.8,0.4,0.55,0.4,0.4,0.4,5.4938,77.6814,15.558,95.4132,2.1254,19.1564,930.569,115459,2447.8,145780,364.743,3735.14,-408.544,618.536,8943.16,-10.3184,859.96,11307.5,16804.8,3176.52,14224.2,12980.2,290.674,2970.36,-163.338,15079.3,399
0.8,0.4,0.6,0.4,0.4,0.4,6.5818,65.5724,14.47,108.162,1.677,19.6048,1113.85,95636.8,2133.11,169744,292.585,3929.18,-416.234,684.241,10803.9,-9.37675,1046.39,9273.82,15830.5,2453.67,12601.5,13345.2,225.168,2848.49,-140.725,17456.5,338.057
0.8,0.4,0.65,0.4,0.4,0.4,7.3692,54.09,13.6826,120.093,1.338,19.9438,1242.47,77252.1,1923,192424,241.548,4079.39,-379.32,724.987,12125.3,-7.92457,1186.04,7373.89,14499.2,1931,10788.9,14011,178.452,2754.1,-119.542,19811.1,288.47
0.8,0.4,0.7,0.4,0.4,0.4,8.3422,44.495,12.7096,130.391,1.0688,20.213,1394.08,63116.8,1668.24,213242,190.984,4208.97,-352.537,776.562,13767.6,-7.49204,1368.18,5857.91,12364.5,1503.24,9197.26,14023.8,140.734,2609.25,-103.326,21906.8,248.964
0.8,0.4,0.75,0.4,0.4,0.4,9.2046,37.1692,11.8472,138.381,0.8704,20.4114,1522.02,52158.6,1468.15,229745,167.982,4303.86,-325.313,812.641,15192.9,-6.17332,1522.31,4764.59,10719.7,1212.34,7940.49,13804.2,115.065,2479.47,-83.4167,23531,213.021
0.8,0.4,0.8,0.4,0.4,0.4,10.0954,30.506,10.9564,145.77,0.7056,20.5762,1683.6,40934.2,1265.7,244552,142.339,4393.34,-292.499,833.076,16711.3,-4.98671,1696.79,3839.73,10166.4,947.251,6786.41,13338.1,92.116,2326.75,-62.2847,25047.2,181.102
0.8,0.4,0.85,0.4,0.4,0.4,10.7456,24.9816,10.3062,151.818,0.5788,20.703,1810.77,31958,1122.12,256454,120.687,4460.99,-252.327,841.279,17817.4,-3.53486,1829.22,3065.39,9623.16,757.682,5701.42,13086.8,75.8651,2209.13,-45.5019,26394.2,158.101
0.8,0.4,0.9,0.4,0.4,0.4,11.2632,20.5514,9.7886,156.652,0.4646,20.8172,1891.72,25365.3,1018.85,266124,98.1112,4527.24,-216.337,852.44,18659.6,-2.01809,1930.03,2481.43,8784.33,593.54,4853.73,12871.1,60.8058,2121.86,-28.8564,27447.3,136.263
0.8,0.4,0.95,0.4,0.4,0.4,11.7232,16.6458,9.3286,160.954,0.4012,20.8806,1999.56,19849.1,931.723,275451,86.8228,4564.62,-179.479,842.081,19407.8,-1.88472,2023.84,1969.47,7538.35,508.633,4028.94,12687.6,52.7729,2035.94,-21.2966,28419,123.219
0.8,0.4,1,0.4,0.4,0.4,12.274,13.397,8.7778,164.684,0.332,20.9498,2101.03,15571.8,827.121,283908,65.3745,4612.19,-148.677,843.648,20302,-0.879944,2140.62,1555.12,6240.09,405.805,3347.83,12271.1,42.908,1928.02,-10.6429,29275.6,110.158
0.85,0.4,0.05,0.4,0.4,0.4,0.0076,184.103,21.0442,0.034,18.6536,2.6282,0.00754375,330568,4612.25,0.0444529,3938.2,75.4146,11.3317,1.59198,0.00334227,1.25648,0.202666,34506.7,55.2264,30779.7,4299.81,7.40878,3529.75,579.463,4.66311,0.926627,442.131
0.85,0.4,0.1,0.4,0.4,0.4,0.0082,181.336,21.0436,0.1218,15.9746,5.3072,0.00973471,321650,4611.66,1.6741,3127.1,297.852,12.5548,1.88742,0.0266066,1.13524,0.474976,33900.2,176.383,26030.9,8520.51,29.5364,2946.45,1162.61,9.57981,7.54849,736.465