k1,k2,k3,k4,k5,o1,o2,o3,o4,o5,o6,o7,o8,o9
0.544519,0.653436,0.601217,0.36978,0.36383,12.6479,10.2971,5.38992,115.883,82.3825,34.1416,86.0929,51.0083,42.9359
0.478343,0.813232,0.297667,0.781723,0.271233,19.0029,6.88188,2.45012,265.487,39.9203,9.43535,88.2438,37.456,13.1192
0.360805,0.538282,0.921862,0.22822,0.695232,7.85092,9.09408,11.3899,45.7347,63.6613,122.365,45.0282,61.2366,74.0954
0.110748,0.848374,0.194,0.584749,0.333173,19.2673,3.86108,5.20652,260.281,15.2994,37.1914,50.1601,75.352,14.3428
0.212585,0.539282,0.592203,0.301875,0.229969,11.0921,9.92708,7.31572,85.3,70.4956,74.6697,66.3838,61.3666,53.2574
0.732968,0.362624,0.143983,0.331401,0.653683,14.9355,7.44028,5.95912,147.884,53.55,42.5297,72.3059,62.3447,39.6082
0.0575507,0.611733,0.260339,0.0426046,0.416963,9.95432,3.83388,14.5467,64.84,13.5943,294.026,20.9031,58.3534,30.7539
0.191858,0.718602,0.78785,0.179365,0.589898,8.90792,7.08988,12.3371,55.2459,38.7954,158.753,37.5891,72.1,60.1543
0.231702,0.225736,0.318237,0.115046,0.386489,8.38972,8.67428,11.2709,45.3219,59.3762,156.192,38.4861,53.6765,73.633
0.232881,0.323292,0.409368,0.296989,0.191911,10.8183,10.6305,6.88612,82.0121,81.113,70.7932,67.1857,57.762,54.3337
0.713399,0.19285,0.506069,0.0784579,0.133116,6.64712,17.0079,4.67992,32.2073,218.735,33.9142,64.5469,19.6058,69.6598
0.608213,0.726256,0.586282,0.714727,0.190581,14.9849,11.0885,2.26152,171.168,93.2442,8.21466,111.832,28.0132,20.0825
0.861334,0.118361,0.808171,0.0360823,0.580558,3.26512,15.2163,9.85352,9.98349,173.531,94.4717,27.1464,17.9543,112.147
0.157412,0.384388,0.321166,0.803556,0.912107,16.9405,4.90848,6.48592,217.332,22.0064,39.9219,56.8582,77.8253,21.9269
0.78022,0.292503,0.161374,0.744482,0.858301,17.3687,6.52368,4.44252,219.401,37.7986,23.119,75.8387,57.4649,22.7777
0.878741,0.911652,0.62528,0.82924,0.477071,16.1783,9.35728,2.79932,197.224,70.1803,10.3581,103.415,34.4572,19.4875
0.667961,0.394282,0.259881,0.544222,0.431856,15.1865,9.03948,4.10892,166.382,66.9406,21.455,91.0092,47.8314,30.011
0.195074,0.822508,0.638684,0.481376,0.816557,13.2445,6.00708,9.08332,124.621,31.5749,81.2691,52.4556,84.8843,40.1682
0.655375,0.3169,0.843522,0.654102,0.773357,9.67992,11.5643,7.09072,74.032,106.288,44.57,77.3948,48.0336,58.3672
0.17414,0.75793,0.453575,0.0817784,0.250668,11.0699,6.78548,10.4795,76.9705,35.7688,165.559,42.5947,65.2465,49.2499
0.295567,0.386878,0.687475,0.456931,0.638206,10.2665,9.25788,8.81052,79.9712,66.1567,73.5539,62.2446,65.6275,58.5275
0.261554,0.726339,0.313325,0.70602,0.562403,17.9683,5.42368,4.94292,236.091,27.0305,27.4855,67.0277,64.3039,19.6055
0.39256,0.868681,0.288815,0.693639,0.275807,19.0661,6.26508,3.00372,261.497,33.3513,14.4256,79.6593,46.8482,15.0959
0.0672536,0.482521,0.290373,0.546675,0.263851,15.7785,6.64408,5.91232,179.738,35.3274,48.6023,63.0997,75.0569,26.2502
0.113469,0.607707,0.234759,0.709179,0.111089,18.3075,6.71748,3.30992,242.44,37.22,20.7244,76.6779,53.4135,15.9572
0.88985,0.317414,0.70865,0.68502,0.680724,10.5051,12.3967,5.43312,85.342,117.489,30.4726,87.6883,41.8064,50.0938
0.697896,0.12426,0.690041,0.353957,0.641617,6.76432,13.2731,8.29752,35.2288,136.546,65.3834,56.9732,38.3533,82.3348
0.262897,0.414753,0.164501,0.35073,0.586526,15.1291,5.15968,8.04612,155.88,25.7791,72.3163,50.8476,84.8778,33.5273
0.106848,0.419433,0.190238,0.982237,0.519006,19.6473,4.80548,3.88212,292.212,20.8078,17.4554,61.8713,56.4136,12.7183
0.650859,0.911345,0.319603,0.907991,0.202422,19.6107,7.31428,1.40992,287.081,44.5125,4.17531,97.2807,23.008,8.0672
0.754379,0.265855,0.0684738,0.299321,0.381038,14.6095,9.13068,4.59472,141.079,81.5324,29.5909,82.9909,46.8135,40.3352
0.0942211,0.327261,0.821548,0.529024,0.162153,9.03712,13.4175,5.88032,66.2314,120.869,51.4358,73.8885,47.0388,56.0452
0.377296,0.4967,0.662117,0.553581,0.678162,11.9497,8.90568,7.47952,106.055,63.3749,55.1759,70.9601,64.1789,48.7986
0.87735,0.799408,0.589044,0.751622,0.304148,15.5489,10.5409,2.24512,179.953,86.8176,8.03597,111.383,28.3541,19.0999
0.146119,0.538894,0.494427,0.267812,0.602529,11.0261,6.11648,11.1923,84.1678,29.8011,133.242,40.6651,84.6946,47.2753
0.764419,0.223594,0.283224,0.604345,0.0478461,12.1587,15.0115,1.16472,109.407,184.563,3.89873,117.051,13.0805,17.1751
0.145764,0.534444,0.400882,0.0325343,0.771997,7.72332,4.39688,16.2147,39.6077,17.8141,287.481,17.7442,56.7609,49.284
0.433727,0.453943,0.356189,0.855838,0.288314,15.9415,9.56468,2.82872,192.635,71.0276,11.234,101.621,36.3606,20.8104
0.308959,0.666706,0.264894,0.653175,0.0622499,17.9665,8.06608,2.30232,230.831,52.6786,12.3441,93.5208,38.9332,15.8595
0.293948,0.668903,0.817453,0.495431,0.31868,11.5949,10.7941,5.94592,101.418,86.4936,41.8341,81.3537,52.6168,47.3973
0.19465,0.627066,0.602346,0.25311,0.27546,11.1173,8.79108,8.42652,82.6719,57.9972,93.0839,59.0097,66.4786,53.8758
0.309024,0.948843,0.0533379,0.538305,0.393044,21.7333,2.54048,4.06112,328.197,9.26891,23.0548,41.1277,65.5908,9.26164
0.581365,0.595761,0.0827023,0.0760242,0.440439,15.0905,6.20648,7.03792,139.586,46.3256,65.1196,59.331,65.1383,46.2557
0.0780539,0.958933,0.188672,0.438643,0.797125,17.7211,2.10328,8.51052,217.404,6.81696,82.0659,27.6507,102.549,12.8977
0.77866,0.606368,0.57383,0.594771,0.745724,13.7417,9.10928,5.48392,139.613,68.9436,30.5871,85.4524,53.9348,37.2815
0.527762,0.549561,0.383106,0.761637,0.410807,16.1151,8.68248,3.53732,188.806,62.9791,15.7652,95.2835,43.3057,23.8761
0.237807,0.597424,0.946492,0.840371,0.687693,11.8793,9.69168,6.76392,110.899,74.6292,41.4855,79.2124,57.2984,46.2229
0.530013,0.592218,0.720189,0.551108,0.719454,12.1079,9.31448,6.91252,110.323,70.2352,45.6591,75.8969,59.7616,47.4735
0.452653,0.94227,0.417666,0.380001,0.40548,16.1197,6.81128,5.40392,180.589,40.182,36.6188,72.8707,65.1893,29.4859
0.326606,0.253558,0.683428,0.457339,0.386718,9.02892,12.2007,7.10532,63.3022,110.175,53.5345,71.1998,47.9873,63.5477
0.609768,0.546081,0.874418,0.584784,0.756587,10.8175,10.4807,7.03672,91.0335,87.2931,45.4016,77.5441,53.8977,52.9347
0.607084,0.756158,0.344882,0.561188,0.249279,17.2361,8.25568,2.84312,219.747,54.9587,11.8067,95.1601,39.1907,18.6335
0.246238,0.637962,0.59181,0.288414,0.182926,11.9367,9.89888,6.49932,98.3343,70.8793,64.7143,71.8641,58.874,48.5385
0.209655,0.268058,0.502652,0.392066,0.141512,10.0647,12.5829,5.68732,74.7521,113.677,50.078,76.5718,47.4993,52.9158
0.767418,0.680919,0.772755,0.120189,0.180692,10.7399,13.2769,4.31812,80.9646,136.252,27.4954,91.6973,34.0971,48.0903
0.313158,0.563837,0.510264,0.808713,0.311981,14.9547,9.64228,3.73792,169.109,71.8549,17.7313,96.2434,43.5636,27.0862
0.772916,0.663662,0.514514,0.242033,0.0404068,13.6535,12.5907,2.09072,129.529,127.048,10.2464,113.139,24.1919,25.4977
0.122508,0.765361,0.451933,0.809693,0.310873,16.9445,7.32628,4.06412,208.937,43.9814,22.3436,81.7904,54.2915,22.5278
0.221148,0.542233,0.333818,0.0684601,0.581665,9.78112,5.63308,12.9207,59.3867,27.4647,197.667,30.0087,68.2312,55.7417
0.0367463,0.114719,0.0838216,0.574494,0.524335,16.8519,4.20708,7.27592,215.396,18.8415,59.3963,37.1234,91.5031,20.7973
0.844378,0.298307,0.466376,0.222738,0.161632,9.69092,15.2681,3.37592,67.1757,178.715,18.3337,93.2626,25.1042,45.7617
0.49862,0.495897,0.112102,0.705804,0.769096,19.6887,4.27828,4.36792,279.875,19.9042,21.9629,60.4249,60.2225,14.7221
0.355471,0.725424,0.0697263,0.811425,0.391446,22.1917,3.40828,2.73492,357.906,12.6753,11.4406,51.5732,46.6089,7.04729
0.227832,0.324744,0.207171,0.332645,0.58328,13.6373,5.81128,8.88632,125.627,29.3833,88.6732,48.5309,85.9654,39.9027
0.237427,0.199868,0.572541,0.740969,0.285984,10.7719,12.8041,4.75892,94.7627,118.243,27.5273,89.1294,41.4518,45.3929
0.858989,0.318269,0.893424,0.680686,0.296011,8.67712,16.3755,3.28232,60.491,200.781,13.679,96.241,21.4353,41.0888
0.613712,0.630704,0.127929,0.777086,0.871691,20.5679,3.92168,3.84532,308.529,16.2875,17.1021,56.8212,57.1833,11.2768
0.39755,0.583917,0.660078,0.73362,0.69086,13.5453,8.72088,6.06872,137.109,60.823,37.6854,79.3731,60.5765,38.4824
0.657966,0.639743,0.666603,0.495559,0.84223,12.5541,8.71568,7.06512,118.472,62.0375,47.1111,74.486,63.3044,44.6396
0.77819,0.406716,0.774641,0.355568,0.663558,9.13152,11.8047,7.39872,63.548,111.158,51.3089,72.7057,46.6392,63.8881
0.639186,0.572699,0.84978,0.481495,0.424583,10.7581,12.3009,5.27592,87.392,113.48,31.4625,87.4464,43.1819,49.4451
0.289252,0.253797,0.725657,0.864386,0.531835,10.9397,11.6369,5.75832,95.7291,101.666,33.6701,85.2234,47.4514,48.033
0.495889,0.492419,0.482338,0.561242,0.767914,13.6581,7.86868,6.80812,135.827,51.1902,47.6593,72.188,66.8991,39.8155
0.505484,0.651827,0.645951,0.682888,0.74475,13.7763,8.52588,6.03272,141.126,59.765,36.3462,79.9325,59.821,37.8685
0.506309,0.852515,0.487474,0.690132,0.162293,16.7241,9.33208,2.27872,206.016,69.1015,9.16386,105.23,31.6187,17.2513
0.365803,0.832138,0.627576,0.108212,0.125662,11.8351,9.98248,6.51732,95.1073,72.01,72.8185,70.8028,54.2969,51.173
0.726674,0.128342,0.11773,0.754104,0.0306267,13.4755,14.0733,0.786119,143.613,166.718,2.71383,114.468,12.6046,12.6455
0.13856,0.279652,0.0265717,0.149877,0.279773,13.2067,5.15768,9.97052,107.099,29.2589,150.169,35.0297,75.6911,42.2564
0.378821,0.174683,0.654944,0.764705,0.414933,9.87292,13.2295,5.23252,79.005,131.471,28.5416,88.181,38.2431,50.3079
0.836166,0.834301,0.259545,0.51547,0.229715,18.7327,7.52168,2.08052,255.58,47.6365,8.08606,94.3888,32.7919,13.4087
0.63938,0.142842,0.418433,0.946533,0.441129,12.2481,12.4639,3.62292,116.155,117.349,16.7381,100.933,34.2938,35.8929
0.510197,0.408357,0.567409,0.130195,0.64788,8.40352,9.45428,10.4771,50.0927,70.6983,109.112,48.664,57.6089,75.0163
0.52623,0.298812,0.785471,0.038719,0.3205,5.51712,13.8225,8.99532,23.108,136.859,94.6208,43.4616,30.816,94.6692
0.53144,0.588114,0.314205,0.486336,0.0167595,15.9935,10.5269,1.81452,181.057,89.2951,9.29778,110.52,27.5388,18.3567
0.263052,0.194656,0.840309,0.741218,0.172386,8.08412,16.3905,3.86032,58.3587,190.385,19.7569,88.3444,26.3879,47.2581
0.70963,0.780874,0.275706,0.521818,0.109963,18.2331,8.34828,1.75352,242.639,57.2533,6.74876,102.298,27.8404,12.7822
0.560604,0.681523,0.312917,0.0910156,0.355003,13.3003,8.14768,6.88692,112.42,61.1731,62.1909,67.2871,59.9584,51.103
0.24715,0.182614,0.581536,0.888781,0.376021,11.3319,12.2857,4.71732,104.839,111.807,24.6873,93.2941,40.5512,41.7282
0.713402,0.857569,0.685651,0.278305,0.218071,13.4137,11.1445,3.77672,128.12,94.993,22.6778,97.274,40.5566,35.5147
0.184493,0.551277,0.791621,0.372005,0.52168,9.98752,8.67648,9.67092,73.132,56.3648,96.9373,53.8041,70.0488,59.1706
0.521817,0.971515,0.770152,0.701016,0.535747,14.7453,8.96068,4.62892,159.956,66.5488,22.9719,90.772,49.8023,30.9281
0.196334,0.776507,0.699301,0.454521,0.523955,12.5869,7.71168,8.03632,114.423,48.508,66.6538,63.2408,73.2646,44.9426
0.284698,0.57233,0.331284,0.387422,0.423302,14.5795,6.90108,6.85432,148.716,39.9684,55.0848,65.1094,73.1072,36.1394
0.265554,0.599706,0.884022,0.0924304,0.263435,7.74032,10.5913,10.0033,41.6529,78.2444,131.237,47.3372,49.819,73.517
0.19954,0.371049,0.143886,0.0435472,0.486632,10.1733,5.33688,12.8247,66.0099,26.5294,212.987,27.0143,59.4878,56.9751
0.0655602,0.146623,0.309869,0.880695,0.56316,15.5095,7.12228,5.70312,189.956,40.6581,33.6279,70.6461,65.4768,27.9966
0.0385854,0.761812,0.417274,0.0531559,0.0692534,10.7067,6.17748,11.4507,77.4174,30.7119,262.302,39.6957,44.5777,26.7514
0.808605,0.896306,0.339336,0.108038,0.455978,15.3199,7.54708,5.46792,156.709,54.6465,36.7226,77.109,58.4497,36.6429
0.312502,0.355971,0.92494,0.822351,0.128722,9.34892,16.2443,2.74172,74.6114,188.377,11.0748,103.143,21.7188,34.3474
0.582915,0.895304,0.271974,0.909556,0.57354,20.1785,5.31088,2.84552,300.191,25.9276,10.9667,74.477,42.3161,10.9045
0.709394,0.825131,0.0769405,0.358768,0.725443,19.6575,3.86468,4.81272,264.068,18.9884,28.2467,56.5725,66.7597,17.257
0.359764,0.565165,0.441451,0.129961,0.132388,11.5105,10.3233,6.50112,85.0949,79.0724,74.1782,69.4414,51.371,56.2554
0.444888,0.67462,0.904137,0.717738,0.517528,12.0407,10.8941,5.40012,114.741,90.7246,29.0417,89.9449,47.2566,41.7852
0.59728,0.54472,0.878915,0.775812,0.440986,11.4029,12.5485,4.38352,100.557,120.742,21.376,97.2941,36.7806,40.8282
0.397355,0.43026,0.688974,0.857367,0.620276,12.7085,10.1649,5.46152,122.942,83.7965,28.1984,89.7153,48.9979,40.0591
0.499636,0.52362,0.432007,0.371812,0.19855,13.3695,10.7785,4.18692,128.13,87.9038,26.6988,92.3788,45.2237,37.2715
0.392235,0.426517,0.511315,0.385105,0.0236287,11.6485,13.7229,2.96352,97.2606,139.645,20.737,101.216,30.8709,35.3324
0.66302,0.309052,0.638846,0.85189,0.183785,10.8845,15.2901,2.16032,93.6755,174.327,7.82597,112.051,19.2616,27.0142
0.585774,0.852913,0.833025,0.39338,0.380201,12.4163,10.6887,5.22992,114.853,88.0988,31.8516,87.7754,48.5202,42.5433
0.439468,0.704209,0.243595,0.0637213,0.606601,12.7385,5.74888,9.84752,99.765,32.444,119.734,43.3613,75.8269,51.0809
0.179045,0.526168,0.447927,0.478256,0.377055,13.6673,7.87528,6.79232,133.844,46.3677,56.9494,66.4778,72.4023,38.7801
0.540139,0.518018,0.528746,0.216989,0.623166,10.6933,8.99368,8.64792,77.7099,67.6418,76.1243,61.6671,62.9455,60.89
0.809107,0.589374,0.797771,0.655273,0.307804,11.9571,13.2669,3.11092,108.359,134.725,12.7615,107.222,28.6931,32.4034
0.244486,0.698677,0.83562,0.383327,0.934092,10.3465,6.75888,11.2295,80.2447,37.2358,114.377,44.8864,82.3869,53.0386
0.0358132,0.452282,0.734175,0.543336,0.384492,10.9711,9.24328,8.12052,92.5603,62.9407,71.4777,64.1774,67.704,50.8698
0.697746,0.67433,0.834669,0.446903,0.927231,11.2169,9.13008,7.98792,94.8638,68.7255,57.0466,70.3521,62.6248,52.9457
0.295112,0.768877,0.234798,0.0793634,0.195103,14.0567,6.27028,8.00792,122.771,34.9421,107.259,51.748,67.0007,45.0059
0.605843,0.772664,0.0913781,0.435045,0.891134,19.5357,3.45088,5.34832,262.234,15.3525,32.9288,50.1811,74.1519,16.6501
0.470399,0.387504,0.470507,0.16224,0.100412,10.1269,13.2339,4.97412,67.3946,132.657,44.3376,79.2637,36.77,58.0124
0.849722,0.118581,0.426414,0.644103,0.685138,10.8109,11.8667,5.65732,89.66,108.589,33.6635,85.0402,44.6184,50.6255
0.26506,0.090761,0.434413,0.465218,0.242874,9.11732,13.2461,5.97152,69.0181,125.488,45.1037,73.5825,44.6851,58.1683
0.0831552,0.724621,0.662155,0.255644,0.788264,10.1077,5.02588,13.2013,69.2852,22.4814,173.915,30.6331,88.3084,44.4584
0.759209,0.670535,0.689376,0.0535174,0.590814,9.54592,10.2955,8.49352,63.4459,87.5553,73.9868,61.9073,53.6231,68.2162
0.532715,0.266142,0.248515,0.697886,0.738429,15.6095,7.34088,5.38452,177.515,47.0693,31.6676,76.2407,61.7051,30.169
0.840723,0.880013,0.833398,0.152672,0.269255,11.9437,11.9433,4.44792,101.627,109.786,26.9003,92.9462,40.2695,43.868
0.75477,0.431592,0.527616,0.41145,0.615806,11.6895,10.4601,6.18532,99.4877,86.4722,41.0126,80.0643,52.9439,49.7461
0.247024,0.586447,0.520424,0.118987,0.406149,9.82372,7.79268,10.7185,65.314,46.0722,136.012,44.8297,67.7967,59.9152
0.520247,0.678706,0.440017,0.116035,0.613137,11.5459,7.62588,9.16312,88.1385,49.612,92.8218,54.6143,69.5942,56.7459
0.140377,0.772478,0.188402,0.107542,0.131946,14.3331,4.93548,9.06632,126.793,22.5443,148.75,41.1176,71.1909,34.8882
0.416083,0.0249037,0.873688,0.506261,0.683759,6.15372,12.6773,9.50392,33.3815,120.192,79.3887,52.0647,42.1092,85.5853
0.211407,0.776896,0.641304,0.167056,0.122232,11.4589,9.31928,7.55672,87.1378,63.1099,97.9998,62.6833,58.7168,50.7167
0.250626,0.787532,0.746892,0.678759,0.7888,13.5827,7.35748,7.39472,136.408,45.4553,52.1413,67.7026,72.4222,39.1134
0.219642,0.238141,0.911928,0.222604,0.796842,5.69412,8.31848,14.3223,26.4113,50.9902,182.198,28.8816,56.5617,80.9975
0.292269,0.977127,0.178368,0.124008,0.153829,16.6353,4.83468,6.86492,173.104,23.7901,83.1982,50.3439,73.8429,32.0077
0.690624,0.895696,0.204036,0.899059,0.828218,21.1437,4.13468,3.05652,329.074,17.4084,11.758,61.3794,46.7946,8.94602
0.329565,0.545321,0.611546,0.729078,0.891387,13.8353,7.31368,7.18592,143.289,46.0507,47.3669,69.987,70.1827,37.7173
0.299282,0.805964,0.439927,0.464441,0.508999,15.3629,6.50688,6.46512,159.921,36.5613,50.5718,65.3495,74.0128,33.351
0.915742,0.544867,0.209914,0.224179,0.383166,15.3077,8.91308,4.11412,155.346,73.0173,24.1715,89.3398,46.4596,34.1737
0.265669,0.855845,0.334797,0.206885,0.581123,13.9147,4.96228,9.45792,127.917,23.5654,105.12,44.2806,86.2519,37.4069
0.898441,0.637942,0.135152,0.869221,0.572879,20.6505,5.43228,2.25212,310.428,27.7529,8.11717,76.3657,36.9713,9.75429
0.684688,0.878489,0.846043,0.0755651,0.69603,9.74952,9.18348,9.40192,67.2822,65.9619,90.782,55.4711,63.1196,65.6369
0.0372553,0.747597,0.562312,0.641005,0.824522,14.6617,5.12248,8.55072,159.434,24.7373,66.7681,52.4641,87.8364,30.4701
0.231222,0.959688,0.535088,0.319394,0.112572,14.7863,8.16888,5.37972,149.871,49.8938,53.2406,74.3868,61.5737,33.7773
0.0912086,0.381652,0.64451,0.0829129,0.29072,6.69252,8.49028,13.1521,32.5476,48.9353,225.309,31.0878,49.3199,62.4371
0.531192,0.196105,0.30718,0.489153,0.267218,11.7537,12.2983,4.28292,102.092,119.369,24.6835,91.2451,38.5504,43.3729
0.143961,0.864199,0.687364,0.634239,0.329657,14.3953,8.45228,5.48732,151.905,53.4433,38.0854,77.5268,62.6032,34.3938
0.372781,0.132795,0.676752,0.0739323,0.35998,4.34292,13.0751,10.9169,15.0763,120.739,133.772,30.1121,26.6331,104.702
0.619191,0.329949,0.232069,0.613716,0.365259,15.2669,9.43228,3.63572,170.669,72.5576,18.6612,94.4362,42.9807,27.8796
0.161425,0.401836,0.312757,0.115673,0.701108,9.48772,4.94128,13.9059,57.2396,21.3309,213.249,26.3715,74.8401,49.1192
0.343596,0.54394,0.274852,0.205739,0.219278,13.5995,8.16488,6.57052,122.584,54.6717,63.291,69.0935,62.8886,43.9851
0.389204,0.629548,0.461208,0.312291,0.306905,13.2681,8.98988,6.07692,124.165,62.9735,47.9127,76.0539,60.0279,42.6334
0.779016,0.781141,0.723451,0.296843,0.682351,11.9325,9.54788,6.85452,102.682,74.0203,48.0582,75.27,58.9041,49.686
0.571056,0.526105,0.623342,0.620948,0.642453,12.8983,9.62828,5.80832,123.094,75.2564,33.7304,84.8179,53.8314,41.5509
0.646558,0.696498,0.524914,0.920528,0.352001,16.0111,9.78408,2.53972,191.525,77.0127,9.1288,107.413,31.0182,18.9765
0.614273,0.228644,0.481278,0.726194,0.278579,11.3329,13.6949,3.30712,99.8163,141.71,14.6865,102.606,29.4995,36.0285
0.0989948,0.302028,0.390509,0.619041,0.618926,14.0417,6.56608,7.72712,146.137,34.9566,60.3227,59.5936,80.2587,35.6802
0.363046,0.838332,0.229967,0.293764,0.63543,16.3045,4.56248,7.46792,180.475,20.4772,65.6112,49.0114,86.2776,27.6696
0.717517,0.889451,0.367213,0.499932,0.816734,17.0807,5.98628,5.26792,214.205,33.5958,27.6756,72.5457,62.7319,23.2247
0.450955,0.703187,0.530942,0.0468211,0.224936,11.0617,9.79268,7.48052,81.7257,74.5799,80.5575,64.6863,52.886,60.2367
0.391027,0.407051,0.670525,0.261787,0.231751,9.21992,12.6159,6.49912,61.1164,115.979,55.0563,72.3453,44.5974,63.2221
0.772399,0.342349,0.148175,0.663746,0.381588,16.8441,8.59448,2.89632,205.477,61.9135,13.3903,93.9477,40.349,21.5535
0.43111,0.927204,0.443397,0.798581,0.525208,17.8367,6.62088,3.87732,233.094,38.13,19.0574,81.3695,50.7984,18.9318
0.550083,0.4259,0.530582,0.470795,0.0968294,11.9215,13.7151,2.69832,105.854,140.963,13.4129,107.681,27.212,31.2334
0.188356,0.415835,0.185439,0.0402672,0.880484,9.14512,3.79648,15.3933,53.798,14.9334,271.633,17.0841,62.0753,46.8992
0.0458752,0.961191,0.294814,0.380364,0.461886,16.2287,3.52748,8.57872,175.828,12.7653,94.5794,36.2572,98.0066,20.3904
0.696543,0.046108,0.671188,0.934807,0.484071,8.44352,15.3501,4.54132,59.9596,173.378,23.0467,87.5958,28.5232,51.9294
0.426382,0.305148,0.908293,0.722891,0.134136,8.56812,16.9153,2.85152,60.7509,208.795,12.1267,97.1042,20.3571,37.943
0.450437,0.323046,0.645482,0.500486,0.739054,10.5059,9.65308,8.17592,82.2774,73.6532,64.2059,67.1758,60.8698,58.1267
0.136634,0.93505,0.6072,0.439095,0.83124,13.5463,5.06988,9.71872,129.553,23.6166,92.7301,45.2587,92.6164,35.4158
0.634982,0.559671,0.534395,0.0826498,0.581402,9.79972,9.55788,8.97732,64.6421,76.8608,84.4346,58.1846,56.4167,68.6705
0.378688,0.836498,0.485452,0.743089,0.594015,16.6517,6.92308,4.76012,205.191,40.5445,24.7539,78.8432,58.133,24.0198
0.769135,0.706566,0.369366,0.618042,0.813764,16.7179,6.80368,4.81332,202.996,42.2455,24.5626,80.0387,56.8669,24.433
0.464089,0.13388,0.730242,0.291483,0.843477,6.45532,10.2293,11.6503,33.7072,78.9186,122.315,42.0039,52.0666,84.6999
0.507778,0.644678,0.0754711,0.262736,0.150286,18.2557,6.22648,3.85272,217.07,40.5294,27.4024,74.7429,53.9199,25.0767
0.804332,0.130094,0.890277,0.313324,0.851614,5.55712,12.9451,9.83272,27.6547,125.152,84.2288,48.4487,39.0641,90.21
0.777026,0.186877,0.729665,0.235776,0.247351,6.18252,17.1577,4.99472,30.4438,218.251,30.8833,67.1135,22.1321,67.2059
0.65215,0.391629,0.205492,0.610262,0.488238,16.4843,7.90448,3.94612,193.54,54.8434,19.6951,87.7808,49.0118,25.4086
0.315249,0.639788,0.53148,0.217485,0.342033,11.6267,8.65308,8.05512,92.3514,57.0422,79.654,62.1405,66.145,53.4313
0.269255,0.858476,0.315648,0.367571,0.533598,16.0547,5.02168,7.25852,176.891,23.4163,62.7213,53.1196,83.536,28.0709
0.758311,0.929671,0.331505,0.209417,0.705272,15.6877,6.33988,6.30732,169.284,38.2116,45.0813,67.1405,69.8928,32.9186
0.183259,0.211464,0.410815,0.682811,0.132679,11.9997,12.6569,3.67832,114.718,116.541,22.2517,93.4872,40.474,35.5239
0.923415,0.233441,0.28897,0.593971,0.396233,12.9833,11.9257,3.42592,123.798,115.939,15.4898,101.44,33.0786,34.1084
0.397746,0.731071,0.202149,0.228448,0.197624,16.3601,6.59568,5.37912,171.512,41.1637,47.5591,69.8236,62.9944,33.3054
0.130045,0.128818,0.677536,0.457988,0.654675,8.58052,8.97288,10.7815,61.3185,57.0011,108.867,48.1829,69.4143,65.0499
0.580883,0.737509,0.189231,0.370913,0.305964,17.9631,6.47688,3.89492,217.989,39.4644,23.4388,77.7903,54.7624,23.242
0.183364,0.373266,0.428961,0.560611,0.177274,13.1467,10.4805,4.70772,132.496,80.7438,30.6561,87.1696,51.023,36.1002
0.210185,0.542914,0.826712,0.42575,0.954959,9.95752,6.96008,11.4173,77.8894,37.9239,113.766,45.4347,81.7827,54.2336
0.867403,0.162865,0.479475,0.0430005,0.810043,5.48392,12.0263,10.8247,22.0223,123.24,110.036,34.6319,30.3444,103.615
0.480242,0.842938,0.268226,0.566045,0.110506,18.7619,7.28608,2.28692,248.664,45.8719,11.2128,91.6788,36.7059,14.9815
0.601391,0.11416,0.622845,0.250749,0.79318,6.43532,11.2439,10.6557,31.5452,98.2799,106.676,43.9856,44.7502,89.2541
0.3741,0.533641,0.723165,0.198996,0.38077,9.25412,10.4705,8.61032,61.751,79.2832,85.8748,59.0473,57.2108,66.528
0.772991,0.256975,0.357285,0.0691544,0.897831,7.81612,9.63028,10.8885,41.2472,82.4543,118.942,41.1151,46.7675,87.0364
0.169727,0.759746,0.121394,0.652886,0.656362,20.3737,2.63868,5.32252,298.26,8.91056,32.1825,39.1474,77.0291,10.3874
0.267438,0.187234,0.819044,0.257959,0.573647,6.10132,10.5513,11.6823,31.4033,77.5176,131.013,39.6806,51.6536,84.9394
0.605289,0.864925,0.403721,0.660604,0.530037,17.5019,6.97108,3.86192,228.142,41.4198,17.4094,83.7993,49.1005,19.8554
0.497848,0.198755,0.785721,0.0588237,0.431923,4.46752,13.2143,10.6531,16.3279,125.933,120.016,33.0975,28.1467,103.858
0.442184,0.238211,0.57022,0.223097,0.0465021,7.89932,16.3465,4.08912,45.6096,193.365,33.0206,78.1713,25.6398,56.432
0.25773,0.689241,0.0661812,0.334333,0.509153,18.2469,3.14528,6.94272,220.051,12.5195,64.0162,39.5219,88.4188,20.0068
0.580509,0.586759,0.632992,0.0198499,0.542995,8.52932,9.78468,10.0209,47.4352,76.1399,112.615,47.7283,51.8407,78.5764
0.522835,0.928192,0.835303,0.350789,0.442646,12.4007,9.71608,6.21812,112.67,72.2296,44.7845,78.7278,56.951,45.7197
0.40898,0.702718,0.565149,0.288382,0.346583,12.5603,9.16428,6.61032,108.798,67.6892,52.953,74.1613,59.8356,47.5238
0.491343,0.80736,0.314222,0.71258,0.313103,18.4603,6.93628,2.93832,253.616,39.6686,12.6494,86.2728,41.7022,15.2987
0.370351,0.530161,0.923544,0.2776,0.688984,8.26872,9.38848,10.6777,51.1864,67.5277,107.796,49.2226,61.4808,72.2822
0.117258,0.847842,0.195529,0.55859,0.271653,19.1725,4.16028,5.00212,252.844,16.9311,37.2437,53.2166,73.951,15.5635
0.101839,0.45698,0.580517,0.265896,0.190927,10.1033,9.60148,8.63012,69.4711,65.5972,110.016,55.2622,63.8783,54.5577
0.666726,0.428263,0.191975,0.292705,0.600711,14.5469,7.53688,6.25112,143.148,51.5668,45.9088,71.351,64.3003,40.2777
0.0975503,0.669346,0.176312,0.0236537,0.409689,11.0041,3.55008,13.7807,78.5113,12.7875,272.589,21.4609,58.1752,34.6604
0.185652,0.732377,0.666185,0.145185,0.478052,9.56972,6.97348,11.7917,60.7039,36.3096,163.134,38.3616,71.7023,56.103
0.194528,0.238415,0.228023,0.112223,0.316021,9.44272,8.01248,10.8797,58.5156,49.2142,161.061,39.232,59.8865,62.7267
0.208634,0.502701,0.340855,0.25162,0.203909,12.7387,8.26728,7.32892,104.837,52.9957,84.0535,61.3187,67.7031,46.2757
0.627532,0.290489,0.582753,0.0789866,0.151834,7.46992,15.4513,5.41372,39.0634,180.586,43.2702,68.0936,26.6194,70.068
0.405842,0.730829,0.544521,0.623333,0.199257,15.0831,9.98728,3.26452,165.556,79.3838,15.8741,100.855,39.1327,25.8459
0.765121,0.19664,0.764771,0.0306526,0.540181,4.36712,14.2149,9.75292,15.1623,150.192,95.2873,34.8352,25.8088,105.276
0.159168,0.423599,0.335065,0.727791,0.843847,16.3431,5.13948,6.85232,197.367,24.5407,45.1414,57.5017,80.1171,25.0972
0.7252,0.323344,0.202949,0.770317,0.818036,17.1261,6.74368,4.46512,214.129,41.0906,22.3388,79.5684,54.8753,23.0176
0.784578,0.891109,0.602333,0.729349,0.446815,15.9225,9.25268,3.15972,189.612,68.323,12.7877,100.087,38.6003,22.1916
0.573165,0.46409,0.297064,0.418184,0.397074,14.5865,8.87248,4.87592,148.831,66.9503,28.8419,86.2603,52.2493,35.4191
0.190846,0.809463,0.616537,0.382068,0.702247,12.6233,6.16408,9.54752,110.43,32.7233,92.5198,50.1219,84.6649,43.6172
0.595225,0.403051,0.794782,0.653167,0.708026,10.6525,11.0065,6.67592,88.4334,95.2927,41.5605,80.3413,50.356,52.8999
0.139249,0.75793,0.453575,0.0627736,0.264154,10.5389,6.26108,11.5349,71.5769,29.8609,200.956,36.5738,63.2683,45.2015
0.275056,0.449554,0.647966,0.419481,0.572745,10.7783,8.85328,8.70332,88.5086,59.6541,73.9617,61.9788,68.7171,54.4825
0.226085,0.729628,0.368085,0.641032,0.516471,16.8765,5.93608,5.52232,206.671,30.5615,33.8386,67.8557,68.6691,24.1805
0.366529,0.860816,0.419353,0.679507,0.336921,17.3253,7.32448,3.68512,219.519,44.5851,17.7021,85.6568,49.056,20.6244
0.0848644,0.555672,0.317263,0.470078,0.261679,15.3185,6.56948,6.44692,163.793,34.9181,56.6733,61.3108,77.4629,29.7746
0.118241,0.619524,0.259797,0.70672,0.145736,18.0247,6.78068,3.52952,234.867,37.4682,22.2073,76.3927,55.2151,17.3616
0.811546,0.365609,0.642142,0.619021,0.633673,11.2857,11.5855,5.46372,94.6516,105.644,31.2052,88.0896,44.769,47.6313
0.671699,0.155955,0.678213,0.340343,0.618537,7.10732,12.9913,8.23632,39.3281,130.885,63.1621,60.1779,40.072,79.3029
0.205599,0.481793,0.205887,0.318318,0.520916,14.6173,5.19348,8.52412,139.058,24.6948,88.1853,46.9393,87.9379,35.3943
0.109083,0.485182,0.247277,0.787275,0.460884,18.0613,5.46288,4.81072,239.984,26.9517,27.0362,65.5892,64.9612,18.7042
0.430793,0.836738,0.345808,0.52659,0.281569,17.3969,7.11028,3.82772,213.383,43.293,21.0151,82.822,52.1915,22.3815
0.551621,0.251512,0.112614,0.293636,0.312904,13.6641,9.38528,5.28552,123.42,82.2352,37.1108,79.3854,49.9419,45.5303
0.147692,0.423815,0.607103,0.428754,0.162502,11.0209,11.2883,6.02572,88.6659,89.3199,55.1467,75.289,54.8825,49.5028
0.273852,0.652892,0.508793,0.244957,0.42256,11.9019,7.75528,8.67772,96.8639,45.5137,90.903,56.1479,73.545,49.9073
0.789151,0.768381,0.641458,0.64731,0.326156,14.5737,10.8805,2.88072,160.301,90.1644,11.9457,106.708,33.6247,24.7024
0.148414,0.55684,0.49108,0.252569,0.573699,10.9955,6.20128,11.1381,80.6777,30.8807,137.595,40.1679,82.582,48.9139
0.721054,0.306059,0.295739,0.565955,0.0627461,13.1663,13.6951,1.47352,127.393,146.334,5.76664,117.13,19.0473,20.3162
0.160387,0.420485,0.472944,0.0336751,0.722427,6.66192,5.36408,16.3089,30.269,23.5669,281.224,18.3506,51.1896,59.1703
0.429701,0.458657,0.357699,0.843833,0.264281,15.8771,9.70268,2.75512,193.633,73.1156,10.8539,102.841,34.4527,20.1453
0.348456,0.666906,0.246855,0.632783,0.145707,18.2103,7.36548,2.75912,239.114,43.9234,13.9568,87.6512,43.2102,16.8818
0.2754,0.682685,0.761122,0.431394,0.308151,11.6969,10.2751,6.36292,101.165,76.9387,49.7967,76.4449,57.6469,48.1984
0.191421,0.632433,0.54989,0.262319,0.271557,11.6881,8.46008,8.18672,91.2768,52.854,92.2091,58.7771,68.708,50.5855
0.258538,0.877386,0.203143,0.367432,0.339754,17.8637,4.51848,5.95272,210.952,20.2883,51.9513,53.42,78.4085,22.8163
0.518623,0.620747,0.139844,0.0769107,0.4112,14.3811,6.44968,7.50412,129.069,43.417,77.2323,56.0752,67.3233,47.9828
0.125875,0.866012,0.320513,0.254793,0.525156,14.2001,4.19168,9.94312,129.056,17.1078,124.296,37.152,92.7044,31.1544
0.621127,0.647394,0.541278,0.45591,0.580321,13.5785,8.96728,5.78912,133.406,65.9611,35.5941,81.8053,57.1122,39.8425
0.517381,0.555678,0.385175,0.741679,0.406106,16.0077,8.64848,3.67872,188.865,60.9213,17.0461,94.4211,44.3482,24.055
0.227282,0.623958,0.865004,0.714963,0.615446,12.0345,9.33888,6.96152,111.571,68.8439,45.2142,76.5444,60.7114,46.1704
0.505981,0.603409,0.687699,0.519415,0.687797,12.2633,9.13848,6.93312,111.545,66.282,47.9827,75.1919,61.8069,46.3367
0.441487,0.93488,0.419106,0.368045,0.40994,15.9941,6.81648,5.52432,178.807,40.5606,37.0755,72.9632,64.9384,30.1174
0.280556,0.405893,0.623662,0.343909,0.306734,10.1119,10.9345,7.28852,73.9367,88.2527,62.6008,69.7959,54.4532,59.5963
0.446623,0.625419,0.71681,0.396406,0.567118,11.3767,9.46168,7.49652,93.9003,70.9602,57.3333,70.7374,60.8649,53.5414
0.593529,0.756214,0.348285,0.546179,0.249322,17.1089,8.28148,2.94452,210.181,57.3898,13.456,95.7557,39.8728,20.0985
0.226802,0.670303,0.554545,0.232708,0.201188,11.9071,8.99948,7.42832,95.7648,60.3461,81.0135,65.0641,63.3043,49.31
0.214473,0.301653,0.494521,0.376389,0.145693,10.4007,12.1295,5.80472,77.5038,106.488,52.7201,75.7417,49.0498,53.0933
0.664743,0.540919,0.750896,0.0990661,0.111375,9.54512,14.4915,4.29832,64.7726,156.12,31.0425,86.7908,30.0778,53.4045
0.209007,0.665786,0.445475,0.579518,0.297534,15.3235,7.99008,5.02132,166.463,51.6452,33.315,79.6029,60.2038,30.7222
0.730863,0.666751,0.556805,0.236781,0.0472975,13.1771,12.8051,2.35272,128.409,121.678,12.934,110.343,26.8724,27.5153
0.129439,0.764363,0.452154,0.711981,0.302791,16.5421,7.20808,4.58472,200.598,42.3479,25.9573,79.6175,58.0454,24.1263
0.210185,0.592536,0.361747,0.071566,0.504474,10.0379,5.84068,12.4563,62.8132,27.8291,193.966,31.7077,67.9902,54.2385
0.0410882,0.135046,0.0425612,0.558923,0.515687,17.6357,3.50948,7.18972,231.916,15.0753,60.9434,30.6229,95.1019,16.5482
0.723079,0.440144,0.441224,0.244707,0.17771,11.7197,12.8245,3.79072,96.0293,129.93,21.7707,96.4794,33.7855,42.1108
0.438167,0.527762,0.174332,0.568495,0.652511,17.9409,5.19608,5.19792,229.507,26.564,30.0069,64.3276,67.7969,21.0772
0.288388,0.741213,0.210714,0.543425,0.339738,18.4965,5.32908,4.50932,236.821,27.0389,27.9032,66.5949,63.9837,19.7803
0.252792,0.239409,0.209618,0.330154,0.579977,12.7641,6.60348,8.96732,115.407,36.7008,86.8751,51.5193,80.5843,44.6456
0.211289,0.248764,0.517489,0.683213,0.289738,11.6509,11.6289,5.05512,105.913,98.0228,32.0181,86.6962,47.7707,43.7968
0.836731,0.28462,0.842071,0.711551,0.288993,8.67252,16.4293,3.23312,58.8949,201.465,14.2098,94.6968,21.7056,42.5534
0.609413,0.631948,0.131114,0.770287,0.865618,20.4693,4.00828,3.85732,301.748,17.4911,17.8758,59.053,56.8809,11.7492
0.324074,0.635249,0.564953,0.541334,0.560295,13.6851,7.97688,6.67292,138.769,51.2411,45.4649,72.5172,67.3532,38.6326
0.596248,0.654819,0.639429,0.430318,0.781024,12.3983,8.54988,7.38672,113.382,59.0359,53.8839,70.2289,66.2639,46.5968
0.531317,0.550256,0.643422,0.243671,0.494811,10.4035,10.1645,7.76692,77.7318,78.7186,66.5845,66.8993,57.3525,60.4713
0.595109,0.650618,0.826548,0.457297,0.338603,11.3425,12.1505,4.84192,96.8092,111.866,27.848,92.0037,41.493,44.4823
0.280043,0.320019,0.712088,0.825632,0.611568,11.6853,10.3455,6.30412,108.179,81.4591,38.7095,81.5443,54.5313,45.9911
0.547475,0.499178,0.422761,0.549038,0.704648,14.2781,7.96768,6.08912,149.687,54.3292,36.8852,77.8008,61.8627,36.1263
0.460969,0.666082,0.754352,0.644992,0.678372,12.8175,9.16008,6.35732,122.706,67.7317,39.752,79.614,58.913,42.6188
0.368816,0.836456,0.526193,0.607977,0.134907,15.8839,9.52268,2.92832,183.33,69.6691,15.0568,98.9404,40.1154,23.1568
0.32479,0.743473,0.543891,0.102555,0.152412,11.6249,9.37168,7.33832,88.1673,65.4381,89.2921,63.8114,56.4508,54.5296
0.636989,0.326425,0.172244,0.665253,0.0663432,15.6805,11.3037,1.35072,184.044,103.451,5.17705,114.026,21.3237,14.5544
0.251053,0.423817,0.108599,0.161061,0.274032,13.8155,6.21428,8.30512,119.6,36.0608,100.087,49.8591,73.3925,45.1149
0.305578,0.383392,0.582886,0.520326,0.343202,11.4671,10.9297,5.93812,99.4637,89.8456,39.8683,81.769,51.6682,48.2147
0.699255,0.818507,0.302303,0.42578,0.219341,17.6247,7.90988,2.80032,218.932,53.6765,13.2183,93.9099,40.026,19.3915
0.528796,0.289043,0.426786,0.740988,0.397284,13.0563,11.2045,4.07412,131.419,97.1647,18.8638,98.5089,39.7879,34.2198
0.616422,0.413287,0.635646,0.118984,0.614778,8.05912,10.6183,9.65752,46.8356,87.5231,94.3097,52.5251,51.7702,77.6111
0.457191,0.348337,0.714837,0.0320839,0.257669,6.37312,13.2067,8.75512,31.6351,123.519,98.9715,47.0154,33.2275,88.9346
0.588023,0.590863,0.316461,0.479786,0.0205463,15.9639,10.7131,1.65792,180.619,93.0687,7.51515,113.351,24.9647,17.323
0.229772,0.292094,0.77341,0.627145,0.185928,9.31252,14.4589,4.56352,69.5544,148.771,28.6764,86.4221,35.7628,50.555
0.551067,0.731763,0.320419,0.397736,0.164261,16.5977,8.49848,3.23872,189.492,61.8318,17.8921,94.1908,42.829,24.6129
0.488009,0.69239,0.332922,0.0897019,0.340164,13.0195,7.94208,7.37332,109.559,56.4976,70.1595,64.4354,62.2598,51.437
0.243777,0.209195,0.575624,0.851495,0.37023,11.4797,12.0833,4.77192,108.438,107.392,24.3225,93.4921,41.339,41.3335
0.619961,0.82117,0.656178,0.247454,0.213472,13.1321,10.8509,4.35192,124.302,89.8312,27.2109,93.0401,44.2101,38.3181
0.167105,0.642999,0.678473,0.278891,0.448473,10.5579,7.86848,9.90852,79.3759,46.0589,110.339,50.1439,74.1513,54.0582
0.408308,0.894332,0.655752,0.477244,0.432729,14.1753,8.53748,5.62212,144.899,58.9765,35.3116,81.2403,59.1259,36.2809
0.196245,0.776433,0.827059,0.462725,0.392119,11.8529,9.22108,7.26092,101.809,63.8115,60.8893,68.7297,65.079,49.1772
0.274088,0.644134,0.34014,0.287884,0.407881,14.0481,6.56748,7.71932,131.303,35.9663,75.3864,58.1057,76.7699,40.0371
0.251108,0.643727,0.816001,0.0907472,0.261417,8.30272,9.96288,10.0693,47.3418,70.8135,135.387,47.5811,51.2502,70.6381
0.195596,0.467787,0.221323,0.0315696,0.42763,9.96032,5.68788,12.6867,63.8191,27.8898,214.936,29.0904,56.9695,56.858
0.0902933,0.285871,0.342603,0.698712,0.491978,14.8305,7.15368,6.35072,168.534,40.8616,41.863,67.8883,71.245,31.4778
0.0569582,0.771697,0.428263,0.029157,0.0925983,10.3323,6.12068,11.8819,71.7036,30.7922,270.815,37.8898,39.5889,32.1062
0.596205,0.826953,0.390439,0.0789619,0.387247,13.4925,7.91468,6.92772,117.37,56.9394,62.6134,67.3754,61.743,48.6607
0.349865,0.372003,0.918757,0.792814,0.129682,9.44152,16.1899,2.70352,68.7124,196.973,11.3541,101.42,20.6343,35.6665
0.451622,0.854651,0.325715,0.664593,0.477993,18.3487,6.03888,3.94732,242.08,32.4454,19.767,75.4994,55.1688,18.4259
0.65393,0.881086,0.115968,0.327939,0.786129,18.9251,3.89028,5.51952,240.899,19.0486,36.6648,53.8955,74.077,19.9617
0.345619,0.579855,0.427737,0.0709407,0.14964,11.0167,9.84888,7.46932,79.0999,72.9995,92.9298,62.2719,51.1258,60.3282
0.437259,0.676967,0.921591,0.699819,0.519147,11.9097,10.8889,5.53632,107.91,90.8939,32.0962,87.3011,48.9052,44.5841
0.513751,0.663722,0.803617,0.638809,0.396849,12.4373,11.3415,4.55612,115.49,98.7013,24.2822,94.3459,43.1309,39.5269
0.420738,0.451001,0.767248,0.783308,0.565585,11.8303,10.9161,5.58852,107.392,92.0773,32.1362,86.9032,48.574,44.9606
0.416363,0.494023,0.543991,0.381949,0.204262,11.9949,11.5341,4.80592,104.352,99.9141,31.8407,89.2694,45.0474,43.8703
0.335259,0.48869,0.500483,0.259361,0.0662207,11.6139,11.9901,4.73092,91.8601,105.726,44.5047,85.2043,43.1556,46.8353
0.642372,0.331857,0.629433,0.826404,0.258577,11.3477,14.1937,2.79352,94.9983,158.268,11.1255,107.726,24.1324,32.1865
0.534326,0.841041,0.785599,0.354435,0.364011,12.4725,10.3327,5.52972,112.111,84.3405,35.8136,85.3339,50.3831,44.3911
0.381953,0.726496,0.278705,0.0878985,0.608906,12.5553,5.63248,10.1471,98.4856,29.3345,127.35,41.5729,77.9349,49.1478
0.178575,0.548346,0.448467,0.440316,0.364961,13.5165,7.76648,7.05192,129.188,46.5846,59.9616,66.1231,72.5046,39.7455
0.503366,0.512327,0.521193,0.275876,0.643551,11.2075,8.71768,8.40972,87.7184,63.4211,72.1809,63.0871,64.8096,56.6836
0.776014,0.593205,0.789948,0.642238,0.306505,11.9805,13.1491,3.20532,110.623,129.013,13.9536,105.543,30.6036,33.2991
0.186465,0.710008,0.804759,0.356127,0.818914,10.3679,6.64928,11.3177,80.8802,36.5898,116.398,44.9965,81.8549,52.4553
0.0267493,0.45556,0.731399,0.538387,0.383057,10.9907,9.18548,8.15872,92.756,60.8811,74.5205,62.4618,69.4167,50.2833
0.613029,0.687856,0.77301,0.387827,0.817767,11.2993,8.95968,8.07592,95.6285,65.7019,59.7942,68.4611,64.4583,52.7588
0.30025,0.753675,0.315209,0.0800174,0.205023,13.1481,7.00728,8.17952,111.554,40.0547,105.851,53.8218,66.8249,46.8642
0.544749,0.762481,0.142635,0.385052,0.800497,18.2141,4.16248,5.95832,227.533,19.6311,40.621,53.317,77.7651,21.2656
0.397101,0.519659,0.398034,0.149799,0.0810733,11.9961,11.0171,5.32172,96.7098,91.98,52.5285,79.8065,46.221,49.6039
0.644784,0.312528,0.447173,0.473522,0.553341,11.7531,10.6005,5.98132,98.446,87.2508,41.5895,80.0139,52.5733,50.0102
0.248479,0.207669,0.437907,0.455485,0.205455,10.4679,12.2565,5.61052,83.7041,107.664,43.4208,78.1565,48.5516,52.1382
0.118254,0.750068,0.681078,0.268857,0.753843,10.3551,5.53668,12.4431,73.89,26.8648,155.453,34.1252,87.4174,46.5939
0.602665,0.696455,0.64016,0.0594159,0.519819,9.87352,9.54248,8.91892,66.5301,74.2643,86.3505,58.2457,57.2658,67.1567
0.544171,0.358606,0.238077,0.622799,0.678984,16.0341,7.11408,5.18672,187.41,42.9284,29.5921,76.0967,61.6504,28.528
0.833093,0.878616,0.82905,0.15186,0.269043,11.9373,11.9529,4.44472,100.643,110.578,27.2614,92.8085,40.137,44.0535
0.558147,0.474127,0.51475,0.247013,0.566405,10.8349,9.58888,7.91112,81.4286,72.4411,68.2137,65.3772,60.5504,59.2713
0.243358,0.58727,0.517062,0.0771788,0.398329,9.19712,7.68288,11.4549,55.1172,43.8991,166.149,39.1322,61.36,63.1656
0.477633,0.688461,0.441686,0.111817,0.568509,11.5111,7.53768,9.28612,86.7831,48.6033,97.2519,53.3944,70.4501,56.0769
0.153007,0.755776,0.231987,0.100197,0.167776,13.6331,5.32268,9.37912,115.669,24.2851,151.834,41.5064,71.7564,37.0841
0.294964,0.383684,0.651863,0.279075,0.46695,9.11192,9.88248,9.34052,61.463,69.8254,95.1003,54.7565,62.5696,65.7201
0.1759,0.744946,0.60346,0.0573702,0.119292,10.0641,8.62848,9.64232,66.6341,52.1373,167.528,48.622,51.0846,53.3842
0.235433,0.760012,0.719156,0.549287,0.727851,12.9259,7.26668,8.14232,121.287,44.4383,63.8634,62.6168,75.6663,43.1632
0.196614,0.410549,0.770863,0.175968,0.628748,7.14432,7.87908,13.3115,38.0432,45.1381,173.933,33.3496,63.7584,70.5754
0.414436,0.939306,0.176596,0.119437,0.12181,17.1991,5.72188,5.41392,188.773,31.2562,56.4044,61.2897,65.817,30.9172
0.641668,0.883883,0.126017,0.760793,0.76225,21.6383,3.45688,3.23972,335.763,14.0722,14.3743,54.5124,51.1129,8.51075
0.325376,0.551052,0.607288,0.690136,0.905937,13.6993,7.16028,7.47532,143.358,43.6352,49.4531,68.2428,72.0517,37.723
0.286699,0.806458,0.441299,0.425962,0.483022,15.1449,6.51728,6.67272,159.761,36.7331,51.399,65.2749,73.5975,33.4216
0.630244,0.626891,0.284656,0.169358,0.332158,14.2913,8.49488,5.54872,133.016,63.3576,43.3856,76.7966,57.1457,42.4188
0.192853,0.833299,0.362146,0.178078,0.505033,13.0563,4.97428,10.3043,108.679,21.1992,135.979,38.0565,87.1705,38.0848
0.854306,0.553418,0.168151,0.75402,0.591323,19.1095,6.28248,2.94292,264.151,36.3283,11.9645,83.1515,42.309,14.5579
0.537433,0.85614,0.732845,0.0725663,0.566928,10.0797,8.66188,9.59332,69.1049,60.665,99.852,53.7623,63.658,64.0093
0.187171,0.749147,0.546,0.557111,0.738434,14.3739,5.99728,7.96372,149.129,32.3462,61.7727,58.6972,81.1525,34.7669
0.170238,0.892774,0.519874,0.240588,0.158372,13.4731,7.57348,7.28832,117.984,43.5161,90.6426,60.3558,69.9828,39.8305
0.100527,0.415263,0.613281,0.0804753,0.330075,7.00712,7.91528,13.4125,34.9065,44.3588,227.04,30.7074,51.0745,61.3063
0.507419,0.269562,0.316927,0.462031,0.266116,12.4713,11.4577,4.40592,111.485,104.966,25.6018,92.5444,41.4741,41.1956
0.139547,0.868995,0.701734,0.646339,0.348115,14.3531,8.42568,5.55612,152.486,54.5685,37.5863,78.4182,61.9171,33.5847
0.314349,0.316684,0.611102,0.0762403,0.327825,6.75912,11.0155,10.5603,32.6016,86.3472,134.49,42.0831,43.2039,84.234
0.587384,0.381341,0.228157,0.502307,0.363673,15.2967,8.91428,4.12392,164.485,65.9308,23.3593,89.6022,48.851,30.8996
0.168615,0.423347,0.322827,0.113625,0.713952,9.50472,4.91268,13.9175,58.2585,21.6462,207.928,26.4801,75.4803,50.3639
0.34342,0.426837,0.275039,0.20561,0.21931,12.5621,9.07228,6.70052,104.936,64.124,66.8392,68.1857,60.9085,49.1965
0.307238,0.678478,0.458299,0.224437,0.285471,12.6869,8.27708,7.37092,107.952,52.9819,74.217,64.0079,67.5972,47.06
0.6338,0.775569,0.658661,0.245211,0.578715,11.9683,9.13908,7.22752,103.006,67.7748,54.1213,71.938,61.4625,50.3892
0.474847,0.582297,0.582192,0.505463,0.547488,13.0309,9.15368,6.15032,123.997,69.5217,37.9416,81.4796,56.7161,42.3149
0.577278,0.705508,0.51537,0.797524,0.33714,15.8091,9.57628,2.94952,187.733,72.1526,11.4904,102.798,36.1588,21.5957
0.551381,0.330649,0.523865,0.737272,0.274591,12.1771,12.8477,3.31012,116.248,123.847,13.9108,105.26,31.3779,32.6001
0.152416,0.415298,0.418843,0.507008,0.542135,13.4583,7.01648,7.86012,130.544,39.8142,65.7214,60.4013,77.9181,39.8813
0.351079,0.833239,0.244132,0.280335,0.611056,15.9993,4.68908,7.64652,168.02,22.4648,69.4485,50.0811,85.8489,30.3442
0.552455,0.849499,0.393447,0.372909,0.64478,15.6115,6.50628,6.21712,169.661,38.6695,42.1962,69.3103,69.5446,32.1222
0.437422,0.694533,0.473393,0.0611495,0.329403,11.1853,8.76968,8.37992,80.1367,62.1591,94.6793,57.6956,59.2346,60.8229
0.332911,0.50107,0.612393,0.198453,0.236819,9.91552,10.9245,7.49492,69.2453,84.8925,76.729,65.0328,53.8708,61.9036
0.649112,0.480524,0.258282,0.51777,0.348749,15.8909,8.77068,3.67332,178.3,66.2304,17.9878,93.3828,44.5156,27.0832
0.369208,0.886428,0.445849,0.625911,0.449431,16.8461,6.89908,4.58972,199.044,42.322,26.3108,79.0488,58.2227,25.1305
0.51707,0.455057,0.52382,0.436634,0.110339,12.1033,13.1539,3.07772,108.022,127.886,17.0446,103.478,31.7108,34.5747
0.142479,0.461818,0.179229,0.0368259,0.676367,9.62492,3.72668,14.9833,59.9507,14.3482,267.708,18.4584,62.6023,44.1766
0.078095,0.910132,0.334694,0.30536,0.408828,14.9745,4.26868,9.09172,146.603,16.8882,112.299,39.367,93.2751,25.7036
0.595175,0.184232,0.628961,0.769283,0.43878,9.95932,13.6863,4.68932,77.6861,141.917,24.4519,91.5253,34.3212,48.3668
0.389364,0.371596,0.841561,0.628804,0.158287,9.48652,15.3307,3.51772,70.7688,170.83,17.7845,96.2119,27.3747,42.9624
0.472718,0.40889,0.607601,0.417835,0.642648,10.7991,9.66248,7.87332,85.5599,75.45,60.1561,69.1546,59.7464,56.7565
0.141468,0.912219,0.606318,0.393037,0.756404,13.0749,5.30268,9.95732,119.285,25.6601,97.8198,45.7011,90.6388,38.5182
0.631371,0.561225,0.533762,0.082643,0.57881,9.82032,9.56888,8.94572,65.02,76.0232,85.9353,57.2672,56.8315,68.6526
0.36257,0.847757,0.55763,0.699033,0.53723,15.8369,7.53928,4.95872,179.754,49.6332,27.0183,82.3141,56.9279,28.7957
0.633964,0.810582,0.347063,0.45005,0.685839,16.5455,6.33508,5.45432,196.058,36.9573,32.3979,72.1362,64.7153,26.6822
0.420623,0.263242,0.735846,0.185338,0.754609,6.47972,9.67268,12.1825,32.0569,70.0612,139.178,38.1707,52.8663,84.5552
0.417244,0.668263,0.179274,0.213632,0.176646,16.2237,6.92868,5.18252,170.043,43.1165,47.744,69.6822,62.2005,33.9062
0.770307,0.173879,0.859822,0.234837,0.809704,5.53732,12.6007,10.1969,24.7587,123.56,92.2321,44.695,37.391,93.879
0.634604,0.213273,0.751997,0.266217,0.273006,6.63632,15.9013,5.79732,34.348,188.04,38.5825,67.0676,27.4297,71.2582
0.578635,0.394308,0.20197,0.588946,0.505675,16.4683,7.50928,4.35732,193.598,49.3456,23.1474,82.6007,53.9381,26.6562
0.306747,0.652928,0.465902,0.153343,0.346675,11.5669,7.96968,8.79832,87.6029,49.9226,99.801,55.1911,67.9387,54.4476
0.261284,0.877583,0.362341,0.34362,0.419825,15.6217,5.71288,7.00032,165.207,30.3168,59.1819,59.5345,77.4927,31.8607
0.670263,0.901652,0.304254,0.174106,0.631107,15.4739,6.22728,6.63372,159.777,37.7061,51.6422,64.6752,71.5626,35.44
0.181915,0.292009,0.417117,0.594224,0.15007,12.5457,11.4839,4.30532,125.268,96.2796,26.8027,90.2663,46.4948,35.3041
0.855576,0.280928,0.303873,0.547597,0.383053,13.1611,11.5317,3.64212,124.313,110.861,16.4506,101.321,35.1963,33.9111
0.3948,0.731425,0.302998,0.18663,0.198322,14.7283,7.65648,5.95012,137.947,50.1643,58.1204,69.6967,62.0096,41.4182
0.140253,0.349913,0.625685,0.349526,0.56114,9.58312,8.12888,10.6229,70.9407,46.9045,113.588,47.0627,75.7194,57.7419
0.468794,0.749307,0.227352,0.329217,0.305875,17.0583,6.41888,4.85772,190.314,39.8127,34.2134,73.2671,62.1913,28.6122
0.166937,0.48562,0.437225,0.399839,0.197336,12.9499,9.15448,6.23052,120.969,62.1168,54.2635,73.0456,64.0681,40.4522
0.208662,0.584159,0.810947,0.424159,0.925203,10.2765,6.85608,11.2023,77.5075,39.8793,111.898,46.6031,79.9922,55.0027
0.734631,0.347159,0.480003,0.0526871,0.682308,7.83912,10.6637,9.83212,41.467,95.1314,98.3887,48.3083,45.9448,84.4939
0.508369,0.837407,0.280285,0.516031,0.181104,18.3437,7.12988,2.86132,237.92,43.4539,14.1682,87.51,43.3682,17.5913
0.558744,0.17842,0.605949,0.329785,0.739027,7.96312,10.8831,9.48872,49.4197,92.4592,80.8078,57.0247,52.2941,75.5785
0.280588,0.558365,0.693448,0.186075,0.336949,9.40612,9.78148,9.14732,62.1633,69.3448,103.156,54.5696,59.4627,64.8761
0.767882,0.261249,0.371371,0.0484739,0.89231,7.44612,9.73388,11.1549,37.1449,84.4914,123.078,39.3401,44.4551,90.0883
0.178755,0.759663,0.117955,0.626877,0.648838,20.2945,2.58248,5.45792,290.206,8.57208,35.7736,37.1686,81.1282,10.6681
0.250617,0.290122,0.753155,0.226196,0.515418,7.04752,9.95348,11.3339,38.2065,70.5141,131.375,42.0051,56.3122,77.8756
0.48495,0.835061,0.417636,0.481242,0.452062,16.1863,7.25568,4.89292,187.736,44.0311,29.1432,78.3272,59.7902,27.6682
0.4469,0.312544,0.718131,0.0634948,0.470882,5.89272,11.4097,11.0325,26.0445,96.825,125.791,39.2179,39.5049,93.1876
0.420225,0.308634,0.560664,0.21152,0.0508869,8.78312,15.1485,4.40332,56.4426,163.479,38.2298,81.3532,31.0733,54.7382
0.296029,0.658509,0.224563,0.22751,0.400329,14.8355,5.67748,7.82192,141.585,29.7182,79.6894,52.8834,80.133,37.728
0.555945,0.609554,0.622146,0.033142,0.516646,8.88032,9.70168,9.75292,52.3237,75.4835,104.4,51.1404,53.7777,75.2191
0.553197,0.905111,0.793613,0.311424,0.414553,12.4239,9.80988,6.10112,108.791,75.7563,44.2226,79.1894,55.9302,46.7358
0.335043,0.750939,0.530021,0.223335,0.316385,12.5473,8.39188,7.39572,104.6,54.2678,74.4899,64.0821,66.7561,48.7235
0.428456,0.814018,0.357997,0.557294,0.301836,17.2895,7.23528,3.81012,216.694,43.9679,19.2158,84.1061,50.9036,21.2919
0.346729,0.544131,0.894719,0.258017,0.662101,8.38592,9.13248,10.8165,52.9455,62.924,111.895,48.2696,63.9873,70.1017
0.161823,0.842948,0.293457,0.407687,0.26161,16.7971,5.40528,6.13252,192.022,25.99,53.8033,58.7998,76.2612,25.2719
0.107415,0.472238,0.557974,0.233198,0.201536,10.1019,9.11368,9.11932,69.445,58.4118,119.996,52.7342,65.9283,53.6518
0.454856,0.555987,0.304494,0.201982,0.450151,13.1725,7.63808,7.52432,113.936,48.7805,71.9591,61.5369,69.1264,48.2392
0.11173,0.701358,0.269404,0.0442686,0.326182,11.0397,4.66008,12.6351,76.807,18.8625,237.12,28.1905,62.7438,38.9113
0.179541,0.791284,0.700262,0.130312,0.339302,9.80612,7.68688,10.8419,62.3118,44.0426,154.405,42.6821,66.1945,56.9843
0.185756,0.467288,0.325066,0.0991242,0.287903,10.4177,7.31228,10.6049,68.9864,42.5542,153.582,42.7373,64.5015,56.4403
0.200903,0.559902,0.366118,0.213555,0.214389,12.5155,7.89108,7.92832,99.9642,47.8759,98.0661,56.9686,68.9464,47.3725
0.582819,0.305323,0.610944,0.0791559,0.218088,7.32492,14.4041,6.60592,39.8479,156.537,57.7235,61.0793,30.5267,77.5802
0.356049,0.668902,0.524977,0.500238,0.210305,14.2581,9.85068,4.22612,146.225,74.1084,26.0103,91.5329,48.4921,33.0439
0.757197,0.204166,0.759423,0.0313381,0.507432,4.53012,14.3789,9.42592,16.501,156.351,89.7549,36.3361,24.6714,103.93
0.176368,0.44014,0.305591,0.705864,0.841051,16.6565,4.90088,6.77752,204.063,22.2691,45.9612,55.3768,81.2407,23.4767
0.536777,0.462671,0.275176,0.571889,0.654527,15.9887,6.97588,5.37032,180.96,43.5775,31.5716,76.7273,62.0592,29.3995
0.63833,0.859202,0.566694,0.574204,0.399822,15.4541,9.02268,3.85812,179.241,67.072,16.6653,96.2924,42.9484,25.5108
0.426306,0.572236,0.354667,0.294372,0.34319,13.8029,8.33728,6.19472,125.384,57.9116,51.7709,72.713,62.3368,43.6574
0.190819,0.781603,0.616276,0.381587,0.703348,12.4273,6.24508,9.66252,106.645,33.9806,95.1566,50.2016,83.6489,44.4987
0.589538,0.407844,0.790174,0.64545,0.802907,10.7861,10.4015,7.14732,90.4729,85.7189,46.5477,76.8687,54.818,53.1842
0.167251,0.725431,0.453575,0.134928,0.30577,11.3955,6.66008,10.2793,81.6461,34.1124,151.171,42.9468,72.296,47.533
0.247102,0.534976,0.594119,0.325936,0.451647,11.0423,8.60708,8.68552,86.634,56.3604,82.9501,59.4355,69.3364,54.4963
0.215243,0.735535,0.385928,0.524306,0.460993,15.9831,6.19188,6.15992,181.082,32.1135,45.6662,64.5589,73.8942,28.3566
0.286818,0.822782,0.432004,0.458543,0.295313,15.7321,7.37228,5.23052,172.182,44.0246,38.6161,74.763,63.7478,30.3181
0.101637,0.593672,0.342873,0.387061,0.25961,14.4783,6.65728,7.19932,141.016,35.798,74.3576,58.8404,78.1374,33.6767
0.127706,0.682333,0.245556,0.50785,0.163314,17.4467,6.02608,4.86212,211.559,30.4122,39.8829,65.7304,68.4216,21.1614
0.583419,0.482518,0.54682,0.444492,0.512855,12.2383,10.1313,5.96532,111.192,81.8805,36.507,83.1906,52.8259,45.4342
0.597798,0.245365,0.731353,0.3086,0.505218,7.50052,12.9927,7.84172,42.8579,127.052,62.0445,62.3471,41.9476,75.9685
0.201154,0.513726,0.234594,0.297063,0.490787,14.2511,5.36408,8.71972,137.341,24.9367,89.7494,47.7683,87.6134,34.8452
0.114044,0.528636,0.264873,0.791155,0.510393,18.1319,5.24108,4.96192,242.487,24.8353,27.5666,63.8852,66.5078,18.4031
0.344274,0.802893,0.387305,0.407497,0.288499,15.8757,7.31628,5.14292,174.218,44.4161,36.5292,76.2107,62.4694,29.9786
0.541201,0.291344,0.15269,0.286397,0.375395,13.5523,8.94608,5.83652,119.129,74.4714,43.8231,75.7469,53.9898,47.7919
0.153845,0.518695,0.515809,0.276849,0.20757,11.3141,9.13888,7.88192,86.7186,62.0949,87.9189,61.8749,65.3191,50.6804
0.252923,0.670175,0.492357,0.207078,0.389267,11.7865,7.46588,9.08252,91.5834,44.1355,100.624,54.0814,72.9849,51.0031
0.729037,0.763622,0.621075,0.580713,0.372108,14.4419,10.3741,3.51892,155.42,85.2678,15.2793,102.064,38.2826,27.9101
0.153386,0.591235,0.481182,0.221523,0.502992,11.0049,6.33708,10.9929,78.7873,31.7873,140.219,40.419,81.3498,49.0748
0.674516,0.341301,0.309002,0.545896,0.0831684,13.5503,12.9721,1.81252,135.258,132.654,6.95573,115.209,21.9475,21.6503
0.124296,0.467959,0.469843,0.0452122,0.722301,7.07532,4.80408,16.4555,33.0493,19.018,293.349,17.7114,56.0076,49.8133
0.398358,0.490372,0.36914,0.759434,0.275003,15.7665,9.37148,3.19692,185.607,69.34,14.2522,98.9458,39.8098,22.8855
0.289193,0.686046,0.316126,0.469961,0.253483,16.3323,7.20028,4.80232,185.606,43.0226,33.3478,76.4722,61.3047,27.4756
0.31673,0.709812,0.820977,0.430111,0.388583,11.4687,10.0879,6.77832,98.5956,74.7246,52.2437,74.4471,59.1623,49.8492
0.098184,0.638777,0.54332,0.253629,0.273891,11.4003,7.49308,9.44152,86.2695,40.9478,126.241,49.3832,73.5892,46.5392
0.241288,0.848672,0.250466,0.323496,0.333332,16.6725,5.07428,6.58812,185.532,23.8739,59.7104,54.6676,79.7939,27.2207
0.398437,0.6808,0.226216,0.0967555,0.375138,13.6795,6.43968,8.21572,116.252,39.5919,91.2564,53.478,70.3858,48.8265
0.152327,0.830333,0.290042,0.229387,0.548642,14.2081,4.06908,10.0577,130.003,16.1854,123.65,36.0035,93.7904,31.5272
0.552848,0.659134,0.528085,0.407623,0.539019,13.3889,8.80288,6.14312,128.966,63.5166,40.8233,78.7317,59.4534,41.4027
0.380808,0.664071,0.411856,0.505007,0.380001,15.2983,7.93368,5.10292,165.324,51.3613,32.8334,79.8801,59.537,32.0641
0.203038,0.683315,0.695559,0.476131,0.495832,12.2437,8.32548,7.76572,109.106,54.3006,64.3678,65.6932,69.7947,46.8655
0.447349,0.608239,0.678432,0.504196,0.672676,12.2305,8.86288,7.24152,112.148,64.0665,49.5733,73.3811,63.3067,46.6588
0.417168,0.916306,0.453566,0.347373,0.400703,15.2473,7.20428,5.88332,161.834,43.818,42.6623,71.8457,66.6741,33.5637
0.255994,0.488965,0.586791,0.313461,0.306525,10.8355,9.91408,7.58532,82.4382,70.5114,75.6079,64.0883,61.9394,55.934
0.312653,0.667261,0.590578,0.274294,0.432951,11.7215,8.36068,8.25272,95.1946,55.1042,76.4655,62.006,68.9543,51.8981
0.429384,0.797057,0.405076,0.514106,0.25554,16.3579,8.11908,3.85792,190.992,54.3307,22.2398,87.0624,50.1347,25.262
0.192846,0.615744,0.540811,0.253243,0.196891,11.7553,9.02608,7.55352,94.7406,58.8361,86.0139,63.307,65.147,47.9912
0.209644,0.499695,0.490283,0.34435,0.226657,12.0819,9.48948,6.76352,100.102,66.8346,65.0213,69.7485,61.9514,48.5615
0.536429,0.670668,0.65691,0.111129,0.212716,10.7803,11.4471,6.10752,79.7344,99.5602,53.977,76.4344,45.8484,57.3219
0.17686,0.668993,0.44591,0.594841,0.304546,15.4581,7.69908,5.17772,173.755,46.5992,34.6493,76.3251,63.0346,29.379
0.656396,0.69264,0.543166,0.251881,0.076801,13.4575,12.0227,2.85472,127.791,111.895,15.9971,105.832,31.5085,31.0588
0.108834,0.759562,0.47005,0.677473,0.336214,16.1569,7.02348,5.15452,190.776,39.9943,33.0376,73.9445,64.331,26.0613
0.209513,0.594618,0.363186,0.072559,0.50136,10.0771,5.87768,12.3801,62.2537,29.0128,189.32,32.3703,68.1083,55.4688
0.0506115,0.173261,0.0941551,0.523703,0.500355,16.5401,4.24268,7.55212,199.674,19.5972,66.0724,38.3445,93.7722,21.4519
0.575279,0.481408,0.421273,0.216777,0.21833,11.8949,11.4013,5.03872,99.1321,98.2297,37.334,85.4507,45.5164,47.9255
0.387808,0.564506,0.212441,0.487902,0.588057,16.9339,5.56788,5.83312,199.445,29.1706,39.2138,63.4981,72.5612,26.2665
0.234694,0.723294,0.282237,0.459765,0.297557,16.8303,6.11868,5.38592,196.879,32.5451,40.5095,66.3726,69.2627,25.6383
0.236817,0.282644,0.226097,0.293694,0.501121,12.5311,6.80568,8.99812,105.278,39.3625,93.4731,51.859,77.2307,48.0939
0.208214,0.244033,0.584097,0.717296,0.290857,11.1023,12.2385,4.99412,103.016,104.956,28.856,87.9501,45.6452,44.2312
0.725625,0.408167,0.67389,0.551278,0.294279,10.8025,13.8035,3.72892,87.0526,146.865,17.7417,99.8575,30.2209,40.3324
0.532981,0.635364,0.232341,0.660459,0.811514,18.3021,5.10468,4.92812,242.385,26.1344,24.9664,67.3069,63.1909,18.9996
0.314806,0.629445,0.55837,0.58241,0.545253,13.9043,8.11728,6.31332,147.814,53.4527,39.4309,76.6119,63.1501,36.1297
0.540756,0.663953,0.615388,0.380648,0.719548,12.3275,8.35428,7.65312,110.383,57.6368,57.6192,68.5032,67.1489,47.7691
0.49064,0.57004,0.649697,0.226602,0.422938,10.3947,10.3841,7.55612,74.9866,81.1136,66.6233,66.8862,56.7099,61.2827
0.463063,0.673707,0.711441,0.357808,0.32847,11.7593,10.7723,5.80332,101.513,88.5974,39.1643,82.8125,50.8792,47.9115
0.272753,0.446391,0.506425,0.855914,0.591804,14.7489,8.34088,5.24512,165.479,54.6967,28.8446,82.4922,57.5571,31.6814
0.519155,0.51501,0.426564,0.536657,0.678135,14.2791,7.90088,6.15492,151.247,51.1328,38.272,76.4676,63.5652,35.8816
0.466093,0.656072,0.705986,0.640169,0.620624,13.1407,9.26268,5.93152,127.52,70.1136,35.6578,82.5404,56.0395,41.015
0.320404,0.80979,0.500805,0.494361,0.175945,15.3921,8.86528,4.07752,167.941,61.8065,26.5988,89.2188,49.8601,28.9883
0.320098,0.742936,0.508305,0.10352,0.156979,11.8625,9.09128,7.38112,89.9019,62.8171,92.3908,63.0629,55.7526,54.8702
0.566359,0.419224,0.214136,0.586284,0.0843103,16.0927,10.3555,1.88672,190.756,84.9722,8.00023,108.503,28.1491,17.7249
0.231458,0.409187,0.189264,0.15495,0.281453,12.4209,6.99428,8.91972,96.529,42.6918,112.352,50.4269,69.2049,50.8221
0.266665,0.479612,0.546509,0.424067,0.332672,11.9409,9.80968,6.58432,104.905,72.1438,50.9789,74.8164,59.972,47.4383
0.719318,0.808496,0.318574,0.394496,0.228637,17.2243,8.20068,2.90992,207.393,58.5369,14.0036,95.2221,40.0135,21.0384
0.5176,0.302558,0.430323,0.72222,0.39445,13.1087,11.0563,4.16992,129.055,96.192,19.9284,98.0348,40.6961,34.922
0.591314,0.4486,0.605878,0.123207,0.570208,8.65172,10.3719,9.31132,50.1023,84.7545,92.6202,53.9303,53.1433,75.4285
0.440628,0.314075,0.699913,0.110341,0.247381,6.85552,13.5415,7.93792,35.3741,130.162,78.6818,54.8679,36.7759,82.4879
0.50849,0.607785,0.323536,0.462548,0.0360628,15.9009,10.2829,2.15112,177.619,85.4479,11.3435,107.691,30.8232,20.5208
0.216675,0.415383,0.650984,0.515696,0.196776,11.0587,12.0555,5.22072,98.9484,102.254,35.0166,86.0507,47.3442,44.7362
0.520556,0.731259,0.383713,0.376844,0.156449,15.6833,9.18048,3.47112,171.72,67.6988,20.6691,94.3811,44.2033,27.6119
0.411137,0.700309,0.361837,0.100541,0.331921,12.6679,7.74048,7.92652,101.225,50.741,87.431,58.7549,65.3308,52.4565
0.231945,0.284899,0.540185,0.83994,0.367371,12.6201,11.0759,4.63892,126.969,90.9658,23.7592,92.7838,45.347,37.2629
0.478343,0.791221,0.592799,0.217851,0.240613,12.8001,9.83348,5.70132,114.257,74.2395,45.0368,80.2073,54.279,44.9874
0.162593,0.655007,0.733274,0.257919,0.468944,9.94632,7.84508,10.5435,70.5103,44.6603,123.408,46.3646,74.2792,56.3077
0.281238,0.848022,0.600317,0.383384,0.397918,13.5607,7.84028,6.93392,131.352,49.5772,56.2875,68.5341,68.7445,40.3537
0.135845,0.769715,0.806244,0.373052,0.331898,11.2843,8.84688,8.20372,88.949,56.1048,86.8074,59.8165,68.8522,51.6413
0.252856,0.645345,0.34183,0.285605,0.423293,13.9273,6.39348,8.01412,129.209,35.0153,78.4314,56.2133,78.6194,40.0802
0.23925,0.641543,0.76475,0.0969949,0.284887,8.54832,9.41548,10.3711,48.8763,62.2226,144.376,45.2727,54.9971,68.233
0.216665,0.450757,0.283195,0.0475623,0.443071,9.62812,6.28288,12.4239,59.5974,32.3802,195.722,32.1196,61.5359,58.735
0.107457,0.383905,0.367353,0.572973,0.454252,14.3717,7.00508,6.95812,153.513,38.0267,53.7697,62.4986,77.0384,34.0489
0.111374,0.761392,0.433381,0.059483,0.128677,10.9363,6.71488,10.6837,77.4089,34.3991,204.863,41.3913,55.621,40.8928
0.591303,0.825792,0.39116,0.0796015,0.386315,13.4831,7.95988,6.89192,117.661,55.1923,62.349,66.7115,63.7954,48.1328
0.287111,0.436935,0.823749,0.65238,0.168504,10.4615,14.0075,3.86592,84.4725,144.594,20.5251,96.7731,32.6068,42.0649
0.434998,0.877462,0.33319,0.633629,0.457587,18.1981,6.05608,4.08072,237.161,34.4904,20.5734,76.4488,54.2085,19.4708
0.589627,0.856122,0.170114,0.322763,0.709088,17.9465,4.50728,5.88112,219.006,22.7762,40.3918,56.9307,74.9647,23.258
0.272053,0.639896,0.438394,0.0973317,0.214034,11.2381,8.43988,8.65692,80.4531,53.7483,116.966,54.3089,60.3369,56.0109
0.428868,0.680568,0.885096,0.682264,0.51492,12.0849,10.6307,5.61932,111.434,88.0928,33.1822,87.607,49.0836,43.1953
0.638284,0.602375,0.75136,0.563586,0.472909,12.0919,11.2281,5.01492,108.347,98.2212,27.5998,91.6174,44.8379,42.7009
0.376728,0.488049,0.701436,0.701541,0.538576,12.3081,10.1845,5.84232,117.02,78.2837,35.006,84.089,53.817,43.1796
0.38174,0.570512,0.484235,0.304959,0.197884,12.6303,10.3147,5.38992,107.276,82.0011,43.5424,81.6948,52.1798,45.9562
0.28526,0.480771,0.561581,0.222833,0.151957,10.4549,11.1985,6.68152,74.1962,90.6806,71.7321,70.0363,51.5822,56.3176
0.619864,0.350502,0.621102,0.793647,0.260813,11.5605,13.8741,2.90032,104.594,145.556,11.062,109.14,25.8244,30.6706
0.445662,0.813117,0.709029,0.29713,0.353263,12.2793,9.71628,6.33932,107.174,73.0106,49.3798,76.8255,57.0895,47.5433
0.372216,0.719715,0.377012,0.101706,0.524866,11.8737,6.62848,9.83272,87.8608,38.1653,118.798,46.0462,73.6041,54.1781
0.175632,0.605182,0.458232,0.36095,0.349578,13.1177,7.53088,7.68632,121.059,43.7796,71.8262,61.6218,74.7267,41.5595
0.488151,0.543942,0.542897,0.276475,0.593439,11.3463,8.76808,8.22052,89.9147,62.2517,71.4509,63.3774,65.5842,55.4704
0.733719,0.602392,0.766578,0.623002,0.306454,12.1735,12.8163,3.34512,113.118,124.146,14.5961,105.0,31.9647,33.346
0.218227,0.704346,0.758924,0.377418,0.787471,10.9209,6.87888,10.5351,86.5278,39.1418,105.338,48.6771,80.4789,51.5807
0.034526,0.550235,0.571145,0.522462,0.37831,12.8871,7.72148,7.72632,120.803,45.3274,68.4459,62.1732,75.8464,40.9329
0.574407,0.691111,0.745334,0.365916,0.773407,11.2801,8.86348,8.19132,93.9423,66.0056,62.1788,67.7547,64.0406,53.3819
0.278623,0.749082,0.337708,0.0889464,0.221405,12.8181,6.96348,8.55332,104.663,40.1987,111.209,52.5473,66.5864,49.0716
0.526875,0.760726,0.157358,0.35439,0.78589,17.7251,4.28828,6.32152,215.105,20.4889,44.9918,53.7166,79.1453,23.0856
0.338745,0.532941,0.397841,0.146697,0.133639,11.8071,10.0679,6.45992,88.8813,78.3167,70.998,70.2781,52.5117,54.3527
0.529395,0.4123,0.424358,0.408757,0.509703,12.4855,9.52208,6.32732,112.09,73.5513,42.6753,79.2393,56.8501,45.9926
0.179674,0.31217,0.557739,0.401833,0.210803,10.1795,11.4373,6.71812,79.2236,93.8347,58.8196,71.5953,54.6159,54.0904
0.11882,0.749784,0.678452,0.267311,0.748671,10.2969,5.56708,12.4709,72.3603,25.4432,158.779,34.0651,87.2081,46.6763
0.571128,0.701418,0.667885,0.0645448,0.464271,9.86372,9.79708,8.67412,65.497,75.0785,87.2322,58.1268,56.5982,67.6116
0.409641,0.476383,0.315486,0.46008,0.554761,14.7269,7.26368,6.34432,154.417,45.8063,43.1128,71.6479,67.3791,35.5454
0.623074,0.829345,0.710647,0.146923,0.281041,11.8619,10.7389,5.73412,100.301,88.0767,42.8644,81.8725,49.9389,48.8083
0.497665,0.513011,0.41568,0.189868,0.526078,11.4741,8.62148,8.23932,89.7737,61.7446,74.5339,62.4078,64.2005,56.6061
0.220923,0.602397,0.510754,0.066925,0.380645,9.19652,7.42348,11.7149,54.0912,41.3779,180.267,37.4406,60.156,60.776
0.46037,0.695593,0.444869,0.118004,0.498175,11.7539,7.76908,8.81192,90.5352,51.2546,90.528,55.9084,67.9224,56.2509
0.159085,0.742828,0.260203,0.0996281,0.273227,12.9343,5.14128,10.2593,103.736,23.4575,160.619,38.1025,73.7019,40.53
0.26227,0.47696,0.597743,0.219302,0.438477,9.61852,8.88868,9.82772,64.8947,57.9533,109.086,51.1463,66.3649,62.7625
0.175277,0.74354,0.549279,0.0629569,0.132725,10.4517,8.21708,9.66612,71.8926,49.1029,161.212,48.9517,53.9527,52.2322
0.23181,0.758175,0.705044,0.52727,0.705424,12.9117,7.18108,8.24212,121.911,44.2065,63.6419,63.2645,74.92,43.1765
0.188722,0.495178,0.685587,0.164938,0.541943,8.19872,7.65288,12.4833,45.9959,42.5522,170.426,35.2914,66.4227,65.0395
0.304947,0.908929,0.258473,0.112435,0.203303,15.0553,5.80768,7.47192,139.439,31.5447,92.7385,53.3864,71.6404,39.3527
0.575481,0.860197,0.210644,0.699129,0.705132,19.9949,4.50448,3.83552,285.436,22.3073,17.1357,66.9902,53.5371,13.2737
0.29239,0.487015,0.482319,0.566553,0.777242,13.7263,6.90908,7.69952,138.247,41.6635,56.2352,64.9259,74.3058,38.9359
0.284573,0.838172,0.442601,0.476178,0.437383,15.6281,6.72308,5.98372,171.886,38.9976,41.5176,70.2433,68.903,30.8935
0.52341,0.739055,0.323634,0.161414,0.326069,14.3795,7.77888,6.17652,135.863,54.073,50.408,71.6222,62.1148,42.3317
0.275746,0.879264,0.448947,0.174997,0.490806,12.8447,6.02748,9.46272,107.663,31.3646,107.626,47.8106,80.9636,44.1394
0.844563,0.552018,0.172199,0.762696,0.587273,19.0367,6.40388,2.89432,260.319,38.4087,11.2981,84.5863,41.6875,14.9537
0.485648,0.872747,0.69698,0.100819,0.502456,10.7843,8.51548,9.03512,78.7993,58.3605,91.8546,56.5099,65.2175,60.0059
0.185613,0.747293,0.538774,0.524107,0.635222,14.2295,6.40988,7.69552,145.526,36.1438,58.6224,62.2127,77.652,36.2296
0.154526,0.794096,0.496592,0.177836,0.205478,12.2535,7.26448,8.81692,95.6429,40.1185,124.036,51.1725,70.4701,44.6993
0.123218,0.546382,0.558969,0.0989932,0.326269,8.70292,7.37268,12.2593,49.9376,39.8913,199.91,35.7411,59.6885,55.9412
0.360396,0.466592,0.375987,0.320655,0.283255,12.8179,9.34348,6.17352,113.561,68.0203,50.8506,74.7723,59.4472,45.8049
0.143369,0.830239,0.641254,0.503843,0.354553,13.8301,7.85408,6.65072,135.108,45.8657,58.1908,67.1074,71.7464,37.8044
0.267571,0.446668,0.545885,0.0949035,0.320811,8.50252,9.41688,10.4155,48.5349,63.9858,142.214,44.7258,53.5959,70.5515
0.580301,0.462332,0.231957,0.496114,0.403591,15.9489,8.09488,4.29112,177.671,57.5938,24.1047,86.6055,50.9956,28.9546
0.22064,0.420468,0.31872,0.090076,0.592412,9.43332,5.98948,12.9121,56.691,29.668,193.134,30.5038,68.0823,57.908
0.316771,0.485396,0.302044,0.163474,0.232395,12.2357,8.61548,7.48372,96.215,58.8967,82.8167,62.4296,61.2321,53.6147
0.283484,0.686445,0.457497,0.209249,0.288916,12.5793,7.95688,7.79872,101.866,50.3499,85.2177,60.3518,68.3709,48.8008
0.624911,0.774613,0.654753,0.24311,0.573514,11.9693,9.11068,7.25492,101.995,67.549,54.7934,71.249,61.6696,51.1534
0.439258,0.598858,0.667677,0.462592,0.519521,12.1019,9.57268,6.66032,104.515,71.6952,48.1863,75.5767,59.7049,48.7606
0.545051,0.707073,0.510513,0.745447,0.334675,15.6773,9.45708,3.20052,185.168,71.1367,13.1239,101.458,37.6639,22.4049
0.518594,0.352191,0.520029,0.704403,0.2357,12.3575,12.7917,3.18572,115.571,124.303,14.5198,104.858,31.4473,32.7383
0.154923,0.467696,0.396446,0.444144,0.5022,13.5195,6.73368,8.08172,132.215,34.6188,73.371,55.7408,82.37,38.0272
0.316374,0.812886,0.283673,0.305279,0.553421,15.7075,5.11108,7.51632,165.415,24.9051,67.6745,52.7015,83.1572,31.3847
0.517387,0.826728,0.428829,0.490706,0.613917,15.9793,6.83948,5.51612,185.32,40.4573,33.3502,73.5163,64.6801,28.4802
0.389196,0.714522,0.487996,0.0568123,0.326469,10.9429,8.41068,8.98132,76.8695,56.5933,108.417,53.6517,60.5355,61.1137
0.311942,0.52706,0.671723,0.140598,0.202326,9.21612,11.2027,7.91612,58.3426,87.2083,90.9722,60.2651,51.0565,66.6574
0.604566,0.493924,0.276336,0.482378,0.344776,15.5475,8.83468,3.95272,169.821,66.38,20.4145,91.9161,46.9443,29.0723
0.336536,0.827357,0.379417,0.50503,0.42619,16.5305,6.50448,5.29992,192.024,36.3962,35.1482,71.3774,65.7857,27.293
0.420812,0.476866,0.504491,0.353615,0.150744,12.0321,11.8557,4.44712,103.823,103.373,31.5213,90.3909,43.5839,42.9073
0.146402,0.503559,0.22267,0.0523597,0.617686,9.89812,4.16268,14.2741,60.8424,16.5773,248.898,21.5918,67.3923,44.0974
0.0928039,0.879661,0.393148,0.277243,0.391826,14.0551,4.88668,9.39312,127.832,21.2157,118.8,41.8288,88.7018,31.7862
0.588102,0.288064,0.594339,0.679181,0.413724,10.9665,12.6913,4.67712,91.4633,124.318,24.1744,93.4617,37.8068,44.9941
0.361892,0.363281,0.793574,0.56772,0.16245,9.55232,14.8467,3.93592,72.8707,156.157,22.7204,92.3998,31.8651,46.1014
0.460756,0.410059,0.605521,0.402426,0.643364,10.7423,9.51288,8.07972,87.1434,73.3484,60.7274,69.1405,60.6004,55.89
0.141035,0.821238,0.525794,0.256965,0.518835,12.2873,5.68788,10.3597,101.106,26.8797,123.194,42.0213,87.5889,41.0403
0.569222,0.552606,0.526409,0.087437,0.559197,9.71492,9.36568,9.25432,62.6372,71.4866,93.3903,54.7434,58.0208,69.7193
0.319985,0.867457,0.534943,0.620587,0.499425,15.7391,7.26868,5.32712,176.524,44.6739,33.2411,76.9185,62.6559,29.4468
0.52331,0.798186,0.372316,0.375337,0.658594,15.5211,6.36288,6.45092,166.464,38.6846,43.921,68.4968,70.2058,33.0031
0.336383,0.416908,0.641998,0.163788,0.605382,8.13112,8.78648,11.4173,47.0052,57.6705,132.798,42.5726,62.4646,72.4664
0.397145,0.672859,0.201327,0.207305,0.14438,15.9395,7.24088,5.15452,164.715,46.92,46.8847,73.0284,59.1833,34.7692
0.634827,0.308633,0.760569,0.210428,0.686585,7.15112,11.4655,9.71832,39.6187,99.028,90.0382,51.9863,47.8977,82.0142
0.602617,0.247869,0.731213,0.255673,0.276882,7.09832,15.2495,5.98712,38.9074,170.726,42.1582,68.8786,30.9453,70.5207
0.526944,0.527438,0.233584,0.531898,0.480557,16.7899,6.93768,4.60732,203.008,42.7531,24.3939,79.7286,56.4729,24.9615
0.199305,0.676844,0.460177,0.140837,0.327678,11.2579,7.06968,10.0073,80.4501,39.1384,136.391,45.9726,69.9365,52.342
0.182881,0.861018,0.349938,0.317628,0.4452,15.0665,5.13688,8.13152,154.247,22.452,83.1677,48.0342,87.7397,30.5335
0.54706,0.858491,0.340827,0.16451,0.510411,14.5669,6.67048,7.09752,139.513,41.7227,60.6457,63.3853,71.3587,40.5561
0.255535,0.445496,0.478805,0.514535,0.16943,12.9299,10.8617,4.54332,119.943,88.3084,31.8047,88.905,48.4504,38.8572
0.741775,0.354417,0.272926,0.479371,0.370276,14.1477,10.2447,3.94252,144.502,87.0239,19.8318,96.2936,41.1269,33.1411
0.33464,0.766459,0.342807,0.172961,0.226729,14.1855,7.29388,6.85552,130.259,45.3737,70.5876,64.5468,66.3819,42.2015
0.135946,0.3531,0.620433,0.348049,0.557949,9.64972,7.95088,10.7343,68.9123,47.2115,116.185,47.1055,74.8016,58.1791
0.450128,0.747829,0.241356,0.429642,0.305869,17.5887,6.45528,4.29092,216.993,37.2972,24.8877,76.6424,57.1554,22.8538
0.184423,0.588922,0.449624,0.259923,0.267749,12.2345,7.93188,8.16852,98.009,47.9122,93.8468,57.462,71.2917,47.6029
0.201178,0.618386,0.710356,0.342911,0.761138,10.4645,6.86248,11.0079,78.9438,37.8692,116.759,44.7028,81.0345,53.7174
0.6454,0.435109,0.477139,0.062576,0.637444,8.77392,9.78848,9.77252,52.0538,79.7821,97.637,51.7108,53.3627,76.4305
0.447845,0.803189,0.299733,0.419698,0.2229,17.2143,7.22528,3.89532,204.783,45.2056,23.4198,82.7585,52.7604,24.0172
0.466707,0.293193,0.623455,0.281404,0.6263,8.49692,10.3589,9.47912,53.5309,82.3909,88.5244,55.6283,55.9439,72.4453
0.269425,0.615553,0.661411,0.179862,0.335676,9.87812,9.25928,9.19752,65.3704,63.7745,105.697,53.6677,61.5386,63.6134
0.653636,0.308114,0.38572,0.0923019,0.788415,8.45212,9.36468,10.5181,48.1022,75.1623,111.524,45.7934,53.1197,79.9333
0.17775,0.756634,0.130472,0.6091,0.571777,19.9639,3.01368,5.35732,280.629,10.6276,34.2591,42.3473,78.6908,12.4444
0.241672,0.35754,0.70208,0.211316,0.48269,7.80232,9.47528,11.0573,44.6138,65.0501,129.405,43.8511,59.9314,72.9236
0.633342,0.834492,0.508355,0.480017,0.451614,15.3951,8.46928,4.47052,170.523,57.7019,25.0753,86.591,53.0499,29.9496
0.415309,0.359025,0.699307,0.073363,0.45261,6.50592,10.9449,10.8841,29.9859,87.7942,128.779,40.7396,43.8879,88.3333
0.342211,0.365605,0.545116,0.200584,0.0937131,9.42632,13.2259,5.68272,61.9769,126.211,55.6565,74.9474,40.6643,58.7068
0.290671,0.621945,0.237614,0.184983,0.386583,13.8889,6.02948,8.41652,121.463,33.5606,94.209,51.4275,76.7581,43.4385
0.507978,0.619638,0.597874,0.0492808,0.474163,9.33392,9.42008,9.58092,56.9403,72.9311,102.536,52.2387,55.4159,72.3823
0.474256,0.865789,0.738342,0.294432,0.404836,12.3289,9.45388,6.55212,107.346,70.5653,49.4208,75.6118,59.048,47.9144
0.317317,0.741264,0.5209,0.212562,0.31786,12.4141,8.21048,7.71032,104.816,52.9515,76.61,63.5774,67.1068,48.3677
0.3476,0.765616,0.403038,0.410347,0.301438,15.4535,7.61508,5.26632,163.82,47.6471,38.3299,75.8105,62.8878,32.644
0.321915,0.63471,0.8517,0.244212,0.613788,9.09552,8.70148,10.5379,62.2516,57.8075,106.802,50.6668,67.55,64.5929
0.164584,0.830715,0.305735,0.343474,0.266476,15.9909,5.50228,6.84172,168.877,26.5366,68.0996,55.7513,80.0307,28.7018
0.148767,0.564314,0.513964,0.191635,0.258302,10.6869,8.10088,9.54712,75.7694,48.2887,127.629,50.014,68.4034,51.9794
0.424354,0.570413,0.323076,0.194684,0.435533,12.9481,7.65588,7.73092,107.778,50.2505,75.3425,60.9882,68.5294,50.0376
0.12802,0.72,0.263805,0.0649978,0.280856,11.8695,4.94628,11.5191,87.1818,21.0308,204.816,32.7143,66.8789,40.133
0.182775,0.762495,0.657981,0.142053,0.432591,9.86472,7.10188,11.3683,64.4984,38.4282,156.672,40.4798,70.5218,55.4394
0.188137,0.504115,0.348371,0.106455,0.294893,10.5943,7.19768,10.5429,73.389,40.1376,152.877,42.9611,65.6506,54.427
0.200489,0.647925,0.418042,0.207391,0.228792,12.4963,7.71328,8.12532,100.702,45.4038,99.6792,56.9432,70.1689,46.2359
0.453622,0.3896,0.576744,0.0931479,0.242948,8.37012,12.3025,7.66232,47.1513,113.46,78.583,60.3244,41.1203,75.1986
0.344892,0.669467,0.520364,0.474656,0.21866,14.1195,9.68108,4.53432,145.175,70.2472,28.7488,88.5264,51.2861,34.3423
0.77395,0.257313,0.679055,0.0344691,0.461482,5.64232,14.0943,8.59832,23.4935,155.014,76.5216,45.8211,28.6717,94.2331
0.173079,0.501729,0.321746,0.680988,0.813935,16.5559,4.90688,6.87212,202.958,22.6067,46.2429,55.8067,80.7246,23.8054
0.482251,0.505772,0.305067,0.502242,0.590268,15.3715,7.15228,5.81112,166.359,43.8018,38.6885,72.9089,66.3044,32.6028
0.527917,0.800385,0.536304,0.453048,0.391473,14.7335,8.79748,4.80392,156.454,63.2682,27.2892,87.3298,52.4274,32.9774
0.340961,0.611566,0.394335,0.236648,0.337358,12.9777,8.04408,7.31312,112.99,51.5917,70.4425,64.9075,67.3406,46.4803
0.23806,0.775661,0.546408,0.273831,0.535204,12.2927,6.67808,9.36412,103.386,36.068,100.085,49.6327,82.0082,44.83
0.550319,0.434879,0.74034,0.594736,0.751008,11.1061,10.0835,7.14532,91.497,79.2235,50.6221,74.1418,57.6647,53.7628
0.166285,0.655206,0.385589,0.135056,0.202839,11.9041,7.16608,9.26472,90.6471,39.2982,134.0,48.806,67.9084,47.5533
0.229354,0.600643,0.542763,0.254966,0.413543,11.3071,7.89568,9.13212,87.0177,48.2287,98.1955,54.6371,71.8895,52.993
0.26124,0.66791,0.391132,0.556289,0.389377,15.7969,7.15208,5.38592,182.452,40.9502,35.472,72.769,65.7733,28.2615
0.274897,0.802902,0.435842,0.415266,0.299722,15.3141,7.30068,5.72012,161.912,42.8506,44.9638,71.6374,67.2571,32.4826
0.114389,0.60453,0.358188,0.354915,0.268497,14.1299,6.69728,7.50772,136.991,35.7773,76.8573,58.2191,78.4015,34.8073
0.14155,0.681272,0.287054,0.436886,0.195095,16.3311,6.35228,5.65152,178.856,33.8015,51.8206,64.9566,71.7826,27.2624
0.492814,0.5307,0.471207,0.369203,0.466942,12.7759,9.13728,6.42172,115.653,69.18,44.534,77.3963,58.6543,45.5062
0.577489,0.330562,0.695139,0.313018,0.503731,8.68112,12.0419,7.61192,57.6201,111.521,58.2183,67.9798,46.734,67.8473
0.200769,0.547713,0.230229,0.264512,0.456802,14.1579,5.34208,8.83492,128.753,25.0223,100.58,45.925,86.2634,36.8743
0.127598,0.551039,0.295714,0.686386,0.479348,17.1489,5.62868,5.55732,215.94,26.0715,37.1041,61.0486,73.9395,21.6945
0.360857,0.870304,0.390986,0.314258,0.292174,15.5337,7.06768,5.73352,163.542,43.5532,44.3986,72.2779,64.9744,33.2413
0.448356,0.39603,0.236191,0.246869,0.362437,13.1871,8.52668,6.62112,112.677,64.2168,56.4232,70.1546,60.235,49.1926
0.162918,0.55026,0.504705,0.249703,0.231543,11.3337,8.69868,8.30252,87.4395,56.3684,95.4083,58.7209,67.2216,50.6899
0.236207,0.613522,0.482324,0.186426,0.370065,11.2599,7.59488,9.48012,83.0049,44.9537,113.991,50.7626,70.7414,53.7619
0.679658,0.742109,0.613329,0.549204,0.297501,14.2525,10.6867,3.39572,148.034,90.4217,15.8685,102.613,37.4256,29.0397
0.148954,0.605484,0.492379,0.208039,0.48869,10.8215,6.38888,11.1245,77.4731,32.8884,141.154,41.0094,79.6549,49.8183
0.641569,0.364564,0.381584,0.517813,0.100121,12.9431,13.1901,2.20172,122.076,135.301,9.3392,112.064,24.7899,26.029
0.125733,0.518684,0.450103,0.0603125,0.634251,8.00492,5.02288,15.3071,41.2411,20.7896,265.232,21.5132,61.0279,50.0679
0.391679,0.496628,0.372194,0.73868,0.27677,15.6639,9.33568,3.33532,185.597,67.686,14.6212,97.5469,41.2226,23.5188
0.279961,0.685101,0.330922,0.436156,0.195592,15.9963,7.59548,4.74312,175.83,46.7172,36.5296,77.4397,60.1704,29.0922
0.307947,0.707346,0.793991,0.408474,0.384028,11.5089,9.88828,6.93772,98.1935,71.4649,55.365,72.5282,60.8406,50.36
0.120468,0.647166,0.553815,0.228773,0.289007,11.0719,7.63368,9.62932,81.4357,42.4792,126.171,49.0146,73.2318,48.9512
0.234831,0.822247,0.282717,0.295405,0.332463,15.8289,5.46248,7.04352,162.991,27.6778,69.5626,55.4993,78.6228,32.003
0.361514,0.680067,0.269597,0.104929,0.423796,12.9987,6.33868,8.99752,107.126,36.7475,102.46,49.9442,73.9032,49.2262
0.163812,0.791818,0.39317,0.207261,0.516582,12.7561,5.07208,10.5067,103.834,23.14,133.729,39.2348,87.1861,39.4685
0.46399,0.630091,0.509217,0.33522,0.480298,12.9177,8.64028,6.77692,116.81,60.9636,50.7604,73.1767,62.9145,45.8825
0.326364,0.693289,0.422606,0.423989,0.303462,14.8321,8.01468,5.48812,156.709,49.8103,40.0952,76.8344,62.2218,33.8772
0.203298,0.653038,0.560438,0.353782,0.490154,12.2793,7.39708,8.65852,107.188,42.4667,82.7401,56.9879,76.9208,46.1344
0.316362,0.629152,0.611901,0.334664,0.675993,11.4889,7.47768,9.36832,91.4007,46.8719,87.4572,55.6107,75.0443,52.7207
0.396302,0.893371,0.454199,0.362333,0.436319,15.1783,6.96408,6.19252,158.073,42.3134,46.2673,69.9497,68.15,34.814
0.235984,0.555282,0.542099,0.252529,0.313991,11.1719,8.84708,8.31592,84.2009,58.5531,89.8266,59.4057,65.979,54.5655
0.30049,0.66829,0.576586,0.259858,0.545521,11.4017,7.62668,9.30652,90.2293,47.5177,92.8636,54.1365,73.9841,52.8147
0.364245,0.725075,0.421319,0.404072,0.276805,15.1123,8.11848,5.10412,161.542,50.9603,36.3138,78.5874,60.4512,32.794
0.19493,0.635457,0.514796,0.216977,0.213876,11.6347,8.59808,8.10212,89.6311,54.5202,98.4935,58.9366,66.4699,49.5117
0.164353,0.503007,0.618,0.340544,0.15732,10.9945,10.7151,6.62532,85.4481,81.6881,67.0991,71.2548,57.0298,50.8383
0.428834,0.747434,0.599012,0.128987,0.248572,11.5125,9.77668,7.04572,89.7202,72.7736,69.5909,68.6772,56.7235,54.7975
0.183021,0.671148,0.449826,0.470231,0.310895,14.6121,7.55208,6.17072,153.153,43.3771,48.8543,70.1469,69.5132,33.8883
0.545955,0.703676,0.389415,0.2251,0.119829,14.6205,9.77428,3.94012,150.164,75.4851,26.7747,92.7508,44.4836,32.7943
0.141925,0.729307,0.45673,0.483903,0.333091,14.9373,6.94088,6.45672,158.855,38.5199,52.8562,65.8131,73.2984,32.0133
0.195743,0.625119,0.421184,0.114859,0.393761,10.6765,6.59068,11.0677,72.8583,36.4963,151.542,41.6939,69.5582,54.5401
0.167083,0.559346,0.380859,0.239966,0.365098,12.2643,6.79768,9.27292,97.6483,37.7125,109.114,50.3905,76.6598,46.9527
0.416358,0.564564,0.437074,0.185386,0.264604,11.9747,9.63228,6.72792,94.6945,73.9449,61.4677,70.8476,56.6413,53.6981
0.345069,0.589976,0.26861,0.482166,0.529022,16.2611,6.08408,5.98972,180.842,32.8754,44.4305,64.6758,73.148,29.343
0.229296,0.796165,0.317196,0.423207,0.302152,16.5281,6.03408,5.77272,184.061,31.3217,47.8416,63.6224,73.0235,27.9825
0.234282,0.309276,0.241911,0.283367,0.489403,12.4125,6.81668,9.10572,101.729,37.892,100.613,49.4024,78.2677,48.4536
0.204434,0.430685,0.529372,0.468149,0.306707,12.0489,9.77948,6.50652,105.588,70.655,52.4038,73.7183,60.8259,47.373
0.61048,0.39184,0.533595,0.496688,0.321761,11.7049,12.2639,4.36612,101.65,115.158,23.4845,94.7932,39.1421,42.159
0.435509,0.649461,0.29521,0.551639,0.670177,16.8505,5.83988,5.64452,203.285,30.6786,35.395,66.9663,69.4624,25.1326
0.229682,0.606084,0.533677,0.431066,0.467951,12.9577,7.80568,7.57152,120.971,47.0825,64.4242,63.7836,73.1902,43.0277
0.479283,0.679992,0.587444,0.337474,0.648998,12.3083,8.18268,7.84392,104.331,54.7139,66.0712,64.7814,69.2628,49.6383
0.484904,0.582303,0.618156,0.245291,0.424819,10.8965,10.0555,7.38292,80.8998,76.6205,65.8122,67.8641,58.0853,58.625
0.390569,0.830354,0.63812,0.278651,0.328273,12.7387,9.02648,6.56972,111.653,65.1697,54.3973,73.4973,60.6982,46.4349
0.256441,0.497572,0.496154,0.697103,0.533145,14.3435,8.16548,5.82592,154.777,53.8016,34.1463,79.0778,61.3209,34.4793
0.466046,0.497265,0.451103,0.568635,0.642689,14.0611,8.12808,6.14572,142.557,55.2718,39.519,76.7028,62.7813,38.0824
0.49853,0.690632,0.657156,0.628847,0.681958,13.7073,8.62488,6.00272,141.66,60.9663,34.7317,81.1811,58.9623,37.4184
0.352662,0.855249,0.499155,0.393926,0.203271,15.0679,8.54148,4.72552,158.886,57.6765,34.6704,83.0304,54.9488,32.6446
0.28383,0.72857,0.50006,0.109912,0.176364,11.6879,8.72988,7.91712,88.8115,57.1264,100.623,59.7953,59.9226,53.2425
0.491935,0.471459,0.264023,0.495966,0.133655,15.5027,9.95128,2.88092,171.107,79.8064,15.134,100.356,37.6549,25.2056
0.217449,0.52581,0.307305,0.148801,0.301594,11.8729,7.08948,9.37252,86.6261,40.4592,124.896,48.0903,69.7831,52.3766
0.251205,0.516596,0.567057,0.444074,0.331938,12.1867,9.58308,6.56512,104.332,71.4055,52.345,74.9867,59.7409,47.4717
0.557037,0.771912,0.367611,0.303078,0.230723,15.6159,8.45248,4.26652,168.221,59.593,26.9016,86.9013,50.89,31.0916
0.504113,0.320404,0.431664,0.696024,0.391566,13.2135,10.8723,4.24912,131.687,91.4045,21.4262,95.9186,42.8522,35.2108
0.478369,0.452113,0.572756,0.127766,0.548538,8.80912,9.66368,9.86212,54.066,75.3533,100.089,52.3051,56.2729,72.9083
0.485745,0.340518,0.677566,0.090563,0.253967,7.16572,13.3955,7.77372,37.7645,129.76,76.084,57.2639,36.7013,80.4712
0.377091,0.637134,0.381606,0.393639,0.159995,14.9315,9.17508,4.22832,156.187,64.5026,29.5925,87.3141,51.7029,32.0823
0.215642,0.430928,0.63964,0.475001,0.204558,11.0759,11.6627,5.59632,94.5753,96.2854,41.3386,82.1965,50.3274,47.617
0.426533,0.715333,0.406093,0.30777,0.206564,14.6461,8.83048,4.85832,147.585,63.1662,35.2057,83.5002,54.0399,35.7222
0.369582,0.695706,0.381129,0.108446,0.331089,12.3433,7.62748,8.36412,97.2489,47.5347,97.4026,55.9967,66.677,52.4737
0.22571,0.359776,0.500307,0.715501,0.359788,13.2313,10.0339,5.06972,135.743,75.577,29.1689,87.0644,52.0297,36.9022
0.378639,0.750353,0.545412,0.190333,0.271723,12.2949,9.03808,7.00192,100.656,63.3736,68.89,67.8321,60.8808,51.0679
0.165011,0.651373,0.707952,0.262415,0.559704,10.0003,7.17248,11.1621,70.0503,39.2814,132.133,43.3934,76.504,55.611
0.254645,0.792463,0.554832,0.304661,0.37512,13.0201,7.61508,7.69972,115.572,46.0154,74.4048,61.9212,72.1937,44.1294
0.205829,0.765415,0.717718,0.385376,0.366457,12.0781,8.65928,7.59752,105.28,57.2564,66.2866,66.6191,67.7336,47.4764
0.194634,0.647507,0.39403,0.275666,0.458285,13.0695,6.20508,9.06032,114.938,31.4885,97.5908,49.7904,82.9066,41.5347
0.248627,0.631688,0.70044,0.106252,0.290756,9.00052,9.29208,10.0423,53.6572,63.4231,133.425,48.1526,56.2145,66.6207
0.231156,0.436708,0.251007,0.0306948,0.453213,9.42712,6.37768,12.5301,57.96,34.1792,199.991,30.9979,56.019,63.1584
0.143227,0.483591,0.400558,0.413389,0.406318,13.3081,7.12288,7.90392,125.491,39.2311,74.4237,58.293,78.9179,39.4566
0.128006,0.77261,0.45686,0.110258,0.086962,11.8565,7.46368,9.01472,89.1366,41.8298,156.304,50.7583,60.2584,41.5887
0.511906,0.795507,0.405163,0.0920255,0.374472,13.0941,7.83548,7.40532,110.572,52.1852,73.5696,63.0078,65.3159,49.7535
0.259334,0.512831,0.708732,0.483009,0.218859,11.1739,11.7921,5.36892,95.1619,99.3908,38.2618,85.2234,47.5796,47.0303
0.4178,0.863626,0.342456,0.625064,0.448108,17.9583,6.20888,4.16772,227.4,35.5958,22.3467,77.0787,55.5842,20.9063
0.569369,0.861397,0.190855,0.218176,0.793894,16.4315,4.60968,7.29372,177.596,24.7434,59.6278,53.134,81.4703,30.6525
0.259004,0.646524,0.442301,0.105136,0.23442,11.2651,8.17408,8.89572,81.7992,49.5593,122.588,51.6828,62.996,54.5886
0.427557,0.680547,0.88267,0.679172,0.513851,12.0485,10.6637,5.62272,109.962,86.0885,34.5822,85.3857,50.9509,44.5876
0.611313,0.60695,0.718417,0.428404,0.385251,11.7391,11.4329,5.16292,100.42,100.477,32.6048,87.6287,45.4796,46.3812
0.352612,0.551698,0.638659,0.577954,0.523541,12.6687,9.29808,6.36812,120.906,67.8382,41.6911,78.5006,59.3839,43.1381
0.238199,0.579608,0.482177,0.290919,0.208987,12.3741,9.18628,6.77452,103.662,63.8272,67.2652,68.9663,61.9545,47.9426
0.27199,0.511041,0.545926,0.210175,0.179085,10.6091,10.5417,7.18412,77.517,82.3869,74.4502,68.0603,53.068,57.9352
0.5597,0.397188,0.598081,0.700258,0.286204,12.0437,12.7379,3.55332,109.791,126.27,15.6334,104.576,31.7356,34.0823
0.382516,0.794483,0.675001,0.214113,0.349764,11.6121,9.15528,7.56752,92.7921,63.0602,72.4012,65.4176,63.5883,53.1079
0.443996,0.705004,0.406647,0.120553,0.610187,11.8767,6.86908,9.58912,92.5666,41.479,102.67,50.3614,74.2579,53.2633
0.178992,0.615353,0.458508,0.345086,0.34647,13.1071,7.40688,7.82092,120.073,41.5352,76.3617,59.811,75.8948,41.5499
0.477374,0.545723,0.536446,0.270415,0.588185,11.3055,8.75908,8.27032,88.7736,60.7736,73.757,62.4506,66.1025,56.0353
0.679679,0.605642,0.76699,0.590369,0.251238,12.0845,13.0695,3.18092,111.295,131.285,13.2536,107.277,29.0683,31.9784
0.227467,0.736899,0.775538,0.373635,0.77139,11.0005,7.00668,10.3277,87.6472,39.8088,103.848,48.8614,80.7495,50.9778
0.0487688,0.561179,0.529441,0.489476,0.373934,13.0575,7.42628,7.85112,121.618,41.4512,75.6892,58.6945,78.988,39.1788
0.485928,0.677483,0.682246,0.305604,0.661264,11.2373,8.66728,8.43032,90.2783,61.4538,71.3159,63.7775,66.2062,54.7329
0.262397,0.734304,0.362762,0.123884,0.243146,12.8171,7.03128,8.48652,105.012,39.4872,109.926,52.8199,69.5549,46.6532
0.475837,0.747657,0.204539,0.321117,0.714498,16.6775,4.83128,6.82612,185.119,24.1388,55.2995,54.6878,80.6028,28.6713
0.27125,0.602597,0.419347,0.143861,0.227562,11.6747,8.45108,8.20912,86.7315,54.9661,102.633,57.2706,62.1944,54.6101
0.523317,0.417171,0.418195,0.403824,0.506352,12.5749,9.42108,6.33892,112.173,71.588,44.8502,77.3743,58.0623,46.4982
0.183524,0.512362,0.493775,0.350654,0.177157,12.2027,9.71648,6.41572,103.584,67.414,65.258,70.4242,62.6044,45.0838
0.13173,0.737991,0.668399,0.242508,0.702958,10.1969,5.76608,12.3719,72.1562,28.3516,151.909,36.1887,84.2402,49.6033
0.510077,0.696011,0.651247,0.0773331,0.450408,9.91852,9.50488,8.91152,64.4048,71.5118,95.33,55.8367,56.6555,68.1251
0.406327,0.471512,0.281339,0.455051,0.56595,15.0821,6.89988,6.35292,161.515,41.6696,44.3382,69.4173,69.0065,34.0551
0.633237,0.810557,0.657686,0.132668,0.317352,11.9613,10.3213,6.05232,100.767,83.5725,45.2405,79.4206,51.9176,50.1123
0.435823,0.546969,0.425745,0.179705,0.484955,11.5521,8.32708,8.45572,86.3265,59.58,81.512,59.6263,65.0469,57.8582
0.233044,0.614645,0.513763,0.113416,0.38487,9.92552,7.57248,10.8369,63.8142,45.1799,145.728,43.4388,65.5155,59.9254
0.368841,0.688567,0.450119,0.0695343,0.399304,10.9545,7.73448,9.64592,76.3255,47.9934,119.371,48.9177,65.7338,59.7439
0.189063,0.766219,0.294434,0.108281,0.270182,12.9375,5.64308,9.75432,107.008,26.4534,141.684,42.1603,74.7859,41.7215
0.257445,0.550208,0.587201,0.228364,0.379142,10.4067,8.84448,9.08372,74.7064,57.5136,99.8077,55.2381,66.7785,58.21
0.182367,0.72386,0.522988,0.0859369,0.190249,10.6113,7.92708,9.79652,72.7734,46.3689,152.936,47.5551,58.8957,53.7505
0.213708,0.753477,0.6909,0.479059,0.683604,12.5951,7.07568,8.66412,115.961,40.7374,74.7966,57.9023,78.5191,44.0718
0.190582,0.527103,0.645976,0.160703,0.50429,8.66592,7.62268,12.0463,50.1281,43.699,162.414,37.8746,67.2675,62.9777
0.28578,0.86682,0.29507,0.117588,0.225869,14.4097,6.07348,7.85172,133.158,31.4726,99.1373,51.7873,72.4939,40.0754
0.434025,0.791201,0.303823,0.48812,0.563012,17.0883,5.78808,5.45852,203.648,31.5591,33.9373,68.3445,68.3663,24.9575
0.259794,0.544477,0.480827,0.483188,0.695123,13.3967,6.85128,8.08692,128.103,40.152,65.0703,60.9786,77.204,41.3953
0.281983,0.815795,0.442712,0.437346,0.455034,15.1927,6.63108,6.51112,163.078,37.1568,49.3532,66.5009,72.6656,32.28
0.490704,0.718899,0.326347,0.123585,0.2855,13.8685,7.96628,6.50012,125.745,55.851,58.5354,68.46,62.0205,45.6945
0.267106,0.856386,0.492614,0.111629,0.472369,11.4867,6.27308,10.5751,82.1686,33.1688,142.578,41.8856,74.125,51.2721
0.79425,0.561752,0.194654,0.601194,0.567032,17.9903,6.73488,3.60972,231.186,42.4745,15.8631,84.0,47.8646,19.614
0.465086,0.858679,0.679975,0.103693,0.489905,10.7861,8.42768,9.12112,76.6115,58.7645,93.8547,56.0247,64.5247,61.0757
0.190152,0.660475,0.516067,0.39705,0.444612,13.1295,7.28748,7.91792,119.825,41.4329,74.0399,59.6498,76.7091,42.2327
0.165192,0.766165,0.461197,0.169023,0.218263,12.2931,7.10008,8.94172,96.5458,38.6615,121.808,50.7075,72.2072,44.8179
0.129368,0.54927,0.556783,0.068651,0.3263,8.22952,7.34568,12.7597,44.3037,39.825,218.31,33.1475,54.5006,57.373
0.355245,0.473315,0.37868,0.364491,0.284676,13.3065,9.19028,5.83812,122.49,65.7341,46.0834,77.3932,58.8454,42.8484
0.156218,0.809654,0.615191,0.448509,0.358775,13.4855,7.69928,7.15012,130.404,44.9715,62.8459,64.9173,73.1231,39.0896
0.25193,0.499404,0.526248,0.105427,0.322385,9.21092,8.84288,10.2811,56.382,57.7096,135.299,45.8768,59.0565,66.6119
0.529267,0.491066,0.25252,0.411891,0.393422,15.3755,8.03068,4.92872,163.589,55.4924,30.6233,81.4991,56.8248,33.0642
0.14441,0.427475,0.384932,0.0914633,0.585176,8.62412,5.62608,14.0847,47.569,25.5142,227.698,25.9263,65.7337,54.1899
0.288707,0.531137,0.339825,0.158066,0.25516,12.0621,8.19328,8.07952,96.0715,52.7146,91.4554,58.7734,65.8018,51.5446
0.256191,0.665815,0.427106,0.191175,0.299157,12.3601,7.62208,8.35272,98.5879,45.4284,98.4333,55.5618,70.3057,49.1483
0.584361,0.765298,0.636215,0.233366,0.550092,11.9079,9.05868,7.36832,98.9277,66.1637,59.5123,69.3432,62.6191,51.9765
0.400313,0.611515,0.633998,0.41037,0.488384,12.0981,9.23388,7.00292,106.614,68.0166,50.9777,73.9251,61.4565,48.0549
0.503548,0.675864,0.504471,0.719171,0.333835,15.4107,9.49208,3.43212,176.247,71.5148,15.6747,98.5662,40.8084,25.1478
0.461171,0.412869,0.508817,0.598194,0.261628,12.6933,11.7267,3.91492,120.08,103.669,20.5699,97.7244,39.837,36.5199
0.167314,0.526091,0.41424,0.359461,0.453473,12.9587,6.83728,8.53892,116.116,37.0902,83.9528,54.6657,80.5551,42.4403
0.218861,0.767398,0.34269,0.243818,0.496858,13.8589,5.34008,9.13592,123.405,24.7745,104.777,45.1653,87.0245,37.5723
0.515599,0.827743,0.419516,0.442263,0.612102,15.6615,6.75528,5.91812,176.249,39.5952,39.5337,71.7414,66.5265,30.2836
0.278486,0.695177,0.4765,0.0883494,0.326969,10.7945,7.70908,9.83132,74.5098,45.7355,131.438,47.6885,66.1119,56.5985
0.263712,0.538567,0.636356,0.130074,0.246226,9.22412,10.0479,9.06292,57.7843,73.0721,111.879,54.0717,54.7108,66.0902
0.518726,0.53267,0.392278,0.328919,0.341154,13.4599,9.43228,5.44272,126.73,71.9021,37.6262,82.0001,54.4855,41.6256
0.327943,0.817932,0.384474,0.482224,0.406153,16.3369,6.59748,5.40052,190.608,37.0631,34.6564,72.1126,65.8106,27.1535
0.389341,0.505278,0.565315,0.323385,0.168149,11.5075,11.7851,5.04232,95.3055,100.512,38.7691,84.6467,46.9969,47.3034
0.162291,0.555604,0.294003,0.0789333,0.534862,10.3141,4.96428,13.0565,67.0881,20.9621,209.96,27.9265,72.1602,47.1487
0.155057,0.761109,0.432329,0.19751,0.35433,12.4197,6.10708,9.80812,98.3801,29.5925,131.833,44.1014,79.9933,42.2429
0.392804,0.483354,0.526947,0.408764,0.370502,12.1219,9.98248,6.23052,106.366,75.1445,46.2705,77.6838,57.4191,47.247
0.286343,0.462494,0.644946,0.432652,0.214729,11.0423,11.7585,5.53412,91.6489,99.6269,40.7944,83.4844,48.3878,48.3332
0.475374,0.411938,0.661343,0.305481,0.584043,9.48412,10.2647,8.58612,64.135,84.0536,72.9534,62.6693,56.306,66.6942
0.150191,0.79855,0.461271,0.238718,0.481692,12.5829,5.61748,10.1345,103.128,26.9978,123.845,43.2568,84.7473,41.2509
0.471053,0.638015,0.574049,0.0701775,0.505498,9.73512,8.79888,9.80092,63.2451,61.4271,105.746,51.9389,62.0087,67.0837
0.27661,0.832441,0.56091,0.604109,0.467874,15.1891,7.56568,5.58012,169.344,47.6859,33.6296,77.4542,62.3982,31.0585
0.396863,0.74865,0.399629,0.291821,0.523502,14.1743,6.75048,7.41012,135.134,38.6097,64.7462,61.2951,75.5261,40.1742
0.335717,0.457783,0.676691,0.122943,0.604032,7.69432,8.67008,11.9705,41.498,56.6869,146.308,38.9845,59.5036,75.5061
0.310895,0.674596,0.314175,0.178328,0.224291,13.7655,7.48128,7.08812,122.885,45.5893,77.8041,62.1801,67.6122,43.309
0.434063,0.469228,0.61557,0.180076,0.565559,9.09412,9.37808,9.86272,58.2794,69.3603,100.504,52.5124,59.4506,70.2058
0.580527,0.271365,0.716368,0.249383,0.154699,7.47412,16.2353,4.62552,42.5547,193.257,29.8867,77.1183,25.7431,60.5298
0.460908,0.512214,0.263588,0.450376,0.469703,15.6177,7.26208,5.45512,172.124,46.0905,34.6022,75.3423,62.6599,31.83
0.19078,0.676844,0.460177,0.156346,0.327678,11.3757,6.98568,9.97352,84.3168,38.057,132.064,46.5634,71.6338,50.8245
0.189963,0.781604,0.360955,0.241397,0.394525,13.8397,5.68728,8.80792,121.882,28.8362,101.637,48.3327,82.4371,39.2931
0.435102,0.839815,0.359027,0.253371,0.493001,14.8857,6.40228,7.04692,150.404,36.1949,59.5674,62.0299,74.7891,36.3387
0.247073,0.48031,0.476002,0.458299,0.186622,12.9787,10.2303,5.12592,120.586,77.2086,39.7675,83.3601,53.6253,40.4741
0.6763,0.393334,0.243892,0.43851,0.365135,14.7229,9.41628,4.19572,148.441,77.1908,22.9922,92.5162,45.6496,33.7628
0.29607,0.740919,0.376258,0.138897,0.2555,12.9501,7.33908,8.04572,104.721,44.1455,97.7361,56.2133,67.4788,49.2471
0.173712,0.412746,0.590908,0.309872,0.515524,9.98372,8.08188,10.2693,69.9009,47.8126,116.115,47.5891,73.8023,57.935
0.461054,0.726452,0.257859,0.413345,0.284689,17.1763,6.86368,4.29492,207.531,41.0246,25.7214,78.324,56.4179,24.36
0.187889,0.615445,0.455378,0.203454,0.300422,11.6775,7.51208,9.14532,88.1531,43.5749,112.213,51.4703,72.2043,50.5956
0.180749,0.64092,0.672627,0.269742,0.644976,10.1767,6.83128,11.3269,71.1741,37.9352,129.957,42.8905,78.5436,55.2732
0.570415,0.500359,0.472969,0.0899195,0.553831,9.82652,9.36488,9.14352,64.325,72.6405,92.6089,54.9906,57.2209,69.2419
0.42091,0.789951,0.316544,0.392105,0.233879,16.6925,7.31408,4.32832,190.674,46.0117,28.7092,80.3723,56.3439,26.8268
0.453366,0.311743,0.615561,0.226106,0.611861,8.18732,10.2301,9.91752,48.8703,83.8537,93.3791,53.0671,54.1775,75.9444
0.257593,0.624774,0.631135,0.142961,0.334473,9.74892,8.84668,9.73932,63.7989,58.5452,118.975,50.4661,61.9264,63.1883
0.443495,0.480988,0.381658,0.0945092,0.604382,10.0585,7.84368,10.4327,66.1992,52.5876,119.191,46.4808,64.2803,66.4907
0.186422,0.72574,0.259623,0.433794,0.462742,16.6307,4.81808,6.88612,190.722,22.0115,57.624,52.9344,82.6827,25.4445
0.232866,0.420904,0.660221,0.145435,0.455866,7.84912,8.84948,11.6363,43.0887,56.589,149.712,40.234,59.4898,71.8221
0.623109,0.857527,0.499152,0.354403,0.432082,14.9447,8.35628,5.03392,157.052,58.0845,30.8812,83.4741,56.1468,33.6107
0.376939,0.46257,0.658442,0.0568712,0.394374,7.54412,10.2233,10.5675,37.6515,76.4683,134.516,42.7616,47.6131,81.5482
0.317469,0.416457,0.531239,0.193356,0.13194,9.90232,11.9885,6.44412,66.744,106.159,64.5446,71.6077,44.7982,61.1109
0.293193,0.624022,0.331803,0.179618,0.375546,12.8189,6.91928,8.59672,103.472,41.9635,95.6874,54.1549,72.2295,49.2949
0.420732,0.634046,0.563193,0.0762466,0.437269,9.79252,8.85888,9.68352,63.0122,61.2665,111.916,50.9713,60.454,66.7181
0.464114,0.857467,0.699308,0.311415,0.534469,12.4081,8.57308,7.35372,107.988,59.8258,58.4706,69.6473,65.5681,47.883
